name,season,salary,team
A.C. Green,1990-91,1750000,LAL
A.J. English,1990-91,275000,WAS
A.J. Wynder,1990-91,30000,BOS
Adrian Caldwell,1990-91,275000,HOU
Adrian Dantley,1990-91,400000,MIL
Alaa Abdelnaby,1990-91,395000,POR
Alan Ogg,1990-91,130000,MIA
Alec Kessler,1990-91,1600000,MIA
Alex English,1990-91,1500000,DAL
Alexander Volkov,1990-91,650000,ATL
Alton Lister,1990-91,1700000,GSW
Alvin Robertson,1990-91,870000,MIL
Andre Turner,1990-91,110000,PHI
Andrew Lang,1990-91,600000,PHO
Andy Toolson,1990-91,120000,UTA
Anthony Cook,1990-91,370000,DEN
Anthony Frederick,1990-91,30000,SAC
Antoine Carr,1990-91,610000,SAC
Armen Gilliam,1990-91,1200000,PHI
Avery Johnson,1990-91,50000,SAS
B.J. Armstrong,1990-91,425000,CHI
Benoit Benjamin,1990-91,1750000,OKC
Bernard King,1990-91,1600000,WAS
Bill Cartwright,1990-91,1100000,CHI
Bill Hanzlik,1990-91,510000,DEN
Bill Laimbeer,1990-91,1510000,DET
Bill Wennington,1990-91,700000,SAC
Billy Thompson,1990-91,400000,MIA
Bimbo Coles,1990-91,290000,MIA
Blair Rasmussen,1990-91,2185000,DEN
Blue Edwards,1990-91,360000,UTA
Bo Kimble,1990-91,950000,LAC
Bob Hansen,1990-91,550000,SAC
Bob Thornton,1990-91,335000,MIN
Brad Daugherty,1990-91,1320000,CLE
Brad Davis,1990-91,600000,DAL
Brad Lohaus,1990-91,1275000,MIL
Brian Oliver,1990-91,455000,PHI
Brian Quinnett,1990-91,360000,NYK
Brian Shaw,1990-91,1212000,BOS
Buck Johnson,1990-91,675000,HOU
Buck Williams,1990-91,1550000,POR
Byron Irvin,1990-91,375000,WAS
Byron Scott,1990-91,1100000,LAL
Cedric Ceballos,1990-91,175000,PHO
Charles Barkley,1990-91,2900000,PHI
Charles Jones,1990-91,675000,WAS
Charles Oakley,1990-91,1050000,NYK
Charles Smith,1990-91,1000000,LAC
Chris Dudley,1990-91,950000,NJN
Chris Morris,1990-91,750000,NJN
Chris Mullin,1990-91,2850000,GSW
Chuck Person,1990-91,2150000,IND
Chucky Brown,1990-91,630000,CLE
Cliff Levingston,1990-91,750000,CHI
Clifford Robinson,1990-91,250000,POR
Clyde Drexler,1990-91,1180000,POR
Craig Ehlo,1990-91,925000,CLE
Craig Hodges,1990-91,600000,CHI
Dale Ellis,1990-91,1250000,MIL
Dan Majerle,1990-91,430000,PHO
Dana Barros,1990-91,500000,OKC
Danny Ainge,1990-91,725000,POR
Danny Ferry,1990-91,2640000,CLE
Danny Manning,1990-91,2200000,LAC
Danny Schayes,1990-91,1500000,MIL
Danny Young,1990-91,450000,POR
Darnell Valentine,1990-91,100000,CLE
Darrell Griffith,1990-91,850000,UTA
Darrell Walker,1990-91,610000,WAS
Dave Corzine,1990-91,300000,OKC
Dave Feitl,1990-91,275000,HOU
Dave Greenwood,1990-91,650000,SAS
Dave Hoppen,1990-91,400000,PHI
Dave Jamerson,1990-91,650000,HOU
Dave Popson,1990-91,80000,BOS
David Robinson,1990-91,2265000,SAS
David Wingate,1990-91,750000,SAS
David Wood,1990-91,300000,HOU
Dee Brown,1990-91,547000,BOS
Delaney Rudd,1990-91,215000,UTA
Dell Curry,1990-91,900000,CHA
Dennis Hopson,1990-91,915000,CHI
Dennis Rodman,1990-91,880000,DET
Dennis Scott,1990-91,1560000,ORL
Derek Harper,1990-91,1519000,DAL
Derek Smith,1990-91,315000,BOS
Derrick Chievous,1990-91,525000,CLE
Derrick Coleman,1990-91,2100000,NJN
Derrick Gervin,1990-91,155000,NJN
Derrick McKey,1990-91,962000,OKC
Detlef Schrempf,1990-91,1160000,IND
Doc Rivers,1990-91,895000,ATL
Dominique Wilkins,1990-91,2065000,ATL
Doug West,1990-91,230000,MIN
Drazen Petrovic,1990-91,1200000,NJN
Duane Causwell,1990-91,650000,SAC
Duane Ferrell,1990-91,125000,ATL
Dwayne Schintzius,1990-91,520000,SAS
Ed Nealy,1990-91,550000,PHO
Ed Pinckney,1990-91,750000,BOS
Eddie Johnson,1990-91,1000000,OKC
Eddie Lee Wilkins,1990-91,400000,NYK
Elden Campbell,1990-91,575000,LAL
Eric Leckner,1990-91,485000,CHA
Fat Lever,1990-91,1519000,DAL
Felton Spencer,1990-91,1070000,MIN
Frank Brickowski,1990-91,905000,MIL
Frank Kornet,1990-91,225000,MIL
Fred Roberts,1990-91,690000,MIL
Gary Grant,1990-91,530000,LAC
Gary Leonard,1990-91,200000,ATL
Gary Payton,1990-91,1685000,OKC
George McCloud,1990-91,940000,IND
Gerald Glass,1990-91,575000,MIN
Gerald Henderson,1990-91,125000,DET
Gerald Paddio,1990-91,120000,CLE
Gerald Wilkins,1990-91,725000,NYK
Glen Rice,1990-91,1550000,MIA
Grant Long,1990-91,300000,MIA
Greg Anderson,1990-91,1365000,DEN
Greg Dreiling,1990-91,300000,IND
Greg Foster,1990-91,275000,WAS
Greg Grant,1990-91,300000,NYK
Greg Kite,1990-91,480000,ORL
Hakeem Olajuwon,1990-91,3175000,HOU
Harvey Grant,1990-91,475000,WAS
Haywoode Workman,1990-91,120000,WAS
Henry James,1990-91,75000,CLE
Herb Williams,1990-91,1000000,DAL
Hersey Hawkins,1990-91,1000000,PHI
Horace Grant,1990-91,1000000,CHI
Hot Rod Williams,1990-91,3785000,CLE
Ian Lockhart,1990-91,130000,PHO
Irving Thomas,1990-91,120000,LAL
Isiah Thomas,1990-91,2720000,DET
J.R. Reid,1990-91,1250000,CHA
Jack Haley,1990-91,360000,NJN
Jack Sikma,1990-91,1600000,MIL
James Donaldson,1990-91,880000,DAL
James Edwards,1990-91,935000,DET
James Worthy,1990-91,1600000,LAL
Jay Humphries,1990-91,650000,MIL
Jayson Williams,1990-91,500000,PHI
Jeff Grayer,1990-91,605000,MIL
Jeff Hornacek,1990-91,1100000,PHO
Jeff Malone,1990-91,915000,UTA
Jeff Martin,1990-91,210000,LAC
Jeff Turner,1990-91,410000,ORL
Jerome Kersey,1990-91,550000,POR
Jerome Lane,1990-91,500000,DEN
Jerrod Mustaf,1990-91,565000,NYK
Jerry Reynolds,1990-91,450000,ORL
Jim Grandholm,1990-91,115000,DAL
Jim Les,1990-91,30000,SAC
Jim Petersen,1990-91,1235000,GSW
Joe Barry Carroll,1990-91,350000,PHO
Joe Dumars,1990-91,1035000,DET
Joe Kleine,1990-91,850000,BOS
Joe Wolf,1990-91,990000,DEN
John Bagley,1990-91,550000,BOS
John Battle,1990-91,590000,ATL
John Long,1990-91,150000,DET
John Morton,1990-91,350000,CLE
John Paxson,1990-91,385000,CHI
John Salley,1990-91,575000,DET
John Shasky,1990-91,150000,DAL
John Starks,1990-91,120000,NYK
John Stockton,1990-91,2000000,UTA
John Williams,1990-91,1000000,WAS
Johnny Dawkins,1990-91,1500000,PHI
Johnny Newman,1990-91,1200000,CHA
Jon Koncak,1990-91,1550000,ATL
Jon Sundvold,1990-91,335000,MIA
Jud Buechler,1990-91,225000,NJN
Karl Malone,1990-91,2260000,UTA
Keith Askins,1990-91,150000,MIA
Kelly Tripucka,1990-91,1000000,CHA
Kelvin Upshaw,1990-91,30000,DAL
Ken Bannister,1990-91,50000,UTA
Ken Norman,1990-91,1050000,LAC
Kendall Gill,1990-91,1500000,CHA
Kennard Winchester,1990-91,120000,HOU
Kenny Battle,1990-91,350000,DEN
Kenny Gattison,1990-91,355000,CHA
Kenny Payne,1990-91,400000,PHI
Kenny Smith,1990-91,700000,HOU
Kenny Walker,1990-91,875000,NYK
Kenny Williams,1990-91,175000,IND
Kevin Duckworth,1990-91,1710000,POR
Kevin Edwards,1990-91,425000,MIA
Kevin Gamble,1990-91,375000,BOS
Kevin Johnson,1990-91,1750000,PHO
Kevin McHale,1990-91,1400000,BOS
Kevin Pritchard,1990-91,185000,GSW
Kevin Willis,1990-91,685000,ATL
Kiki Vandeweghe,1990-91,1025000,NYK
Kurk Lee,1990-91,120000,NJN
Kurt Rambis,1990-91,900000,PHO
LaSalle Thompson,1990-91,2000000,IND
Lance Blanks,1990-91,365000,DET
Larry Bird,1990-91,1500000,BOS
Larry Drew,1990-91,550000,LAL
Larry Krystkowiak,1990-91,605000,MIL
Larry Nance,1990-91,1260000,CLE
Larry Smith,1990-91,800000,HOU
Ledell Eackles,1990-91,605000,WAS
Les Jepsen,1990-91,505000,GSW
Lester Conner,1990-91,900000,MIL
Lionel Simmons,1990-91,930000,SAC
Loy Vaught,1990-91,825000,LAC
Magic Johnson,1990-91,2400000,LAL
Mahmoud Abdul-Rauf,1990-91,1660000,DEN
Manute Bol,1990-91,1300000,PHI
Marcus Liberty,1990-91,210000,DEN
Mario Elie,1990-91,50000,GSW
Mark Acres,1990-91,437000,ORL
Mark Aguirre,1990-91,1115000,DET
Mark Alarie,1990-91,500000,WAS
Mark Bryant,1990-91,405000,POR
Mark Eaton,1990-91,2000000,UTA
Mark Jackson,1990-91,1785000,NYK
Mark Price,1990-91,1400000,CLE
Mark West,1990-91,875000,PHO
Matt Bullard,1990-91,120000,HOU
Maurice Cheeks,1990-91,1000000,NYK
Michael Adams,1990-91,825000,DEN
Michael Ansley,1990-91,200000,ORL
Michael Cage,1990-91,910000,OKC
Michael Jordan,1990-91,2500000,CHI
Michael Smith,1990-91,525000,BOS
Micheal Williams,1990-91,325000,IND
Mike Brown,1990-91,650000,UTA
Mike Gminski,1990-91,1650000,CHA
Mike Sanders,1990-91,760000,IND
Mike Smrek,1990-91,325000,LAC
Milos Babic,1990-91,200000,CLE
Mitch Richmond,1990-91,850000,GSW
Mookie Blaylock,1990-91,525000,NJN
Morlon Wiley,1990-91,347000,ORL
Moses Malone,1990-91,2406000,ATL
Muggsy Bogues,1990-91,805000,CHA
Mychal Thompson,1990-91,615000,LAL
Nate McMillan,1990-91,658000,OKC
Negele Knight,1990-91,468000,PHO
Nick Anderson,1990-91,725000,ORL
Olden Polynice,1990-91,600000,LAC
Orlando Woolridge,1990-91,805000,DEN
Otis Smith,1990-91,450000,ORL
Otis Thorpe,1990-91,1760000,HOU
Patrick Ewing,1990-91,4250000,NYK
Paul Mokeski,1990-91,100000,GSW
Paul Pressey,1990-91,900000,SAS
Pervis Ellison,1990-91,2300000,WAS
Pooh Richardson,1990-91,615000,MIN
Quintin Dailey,1990-91,425000,OKC
Ralph Sampson,1990-91,2250000,SAC
Randolph Keys,1990-91,322000,CHA
Randy Breuer,1990-91,1150000,MIN
Randy White,1990-91,730000,DAL
Randy Wittman,1990-91,500000,IND
Reggie Lewis,1990-91,400000,BOS
Reggie Miller,1990-91,654000,IND
Reggie Theus,1990-91,765000,NJN
Rex Chapman,1990-91,675000,CHA
Richard Coffey,1990-91,150000,MIN
Rick Calloway,1990-91,125000,SAC
Rick Mahorn,1990-91,1330000,PHI
Rickey Green,1990-91,120000,PHI
Ricky Pierce,1990-91,1100000,OKC
Rik Smits,1990-91,1350000,IND
Robert Parish,1990-91,2500000,BOS
Rod Higgins,1990-91,500000,GSW
Rod Strickland,1990-91,400000,SAS
Rodney McCray,1990-91,985000,DAL
Rolando Blackman,1990-91,1650000,DAL
Ron Anderson,1990-91,425000,PHI
Ron Harper,1990-91,1365000,LAC
Rony Seikaly,1990-91,755000,MIA
Rory Sparrow,1990-91,300000,SAC
Roy Hinson,1990-91,1250000,NJN
Roy Tarpley,1990-91,765000,DAL
Rumeal Robinson,1990-91,800000,ATL
Sam Bowie,1990-91,2000000,NJN
Sam Mitchell,1990-91,500000,MIN
Sam Perkins,1990-91,1970000,LAL
Sam Vincent,1990-91,980000,ORL
Sarunas Marciulionis,1990-91,1270000,GSW
Scott Brooks,1990-91,295000,MIN
Scott Haffner,1990-91,75000,CHA
Scott Hastings,1990-91,450000,DET
Scott Meents,1990-91,300000,OKC
Scott Skiles,1990-91,408000,ORL
Scott Williams,1990-91,150000,CHI
Scottie Pippen,1990-91,765000,CHI
Sean Elliott,1990-91,1800000,SAS
Sean Higgins,1990-91,150000,SAS
Sedale Threatt,1990-91,650000,OKC
Shawn Kemp,1990-91,350000,OKC
Sherman Douglas,1990-91,325000,MIA
Sidney Green,1990-91,837000,SAS
Sidney Moncrief,1990-91,510000,ATL
Sleepy Floyd,1990-91,1400000,HOU
Spud Webb,1990-91,510000,ATL
Stacey King,1990-91,1000000,CHI
Steve Alford,1990-91,250000,DAL
Steve Colter,1990-91,300000,SAC
Steve Henson,1990-91,120000,MIL
Steve Kerr,1990-91,548000,CLE
Steve Scheffler,1990-91,200000,CHA
Stojko Vrankovic,1990-91,222000,BOS
Tate George,1990-91,410000,NJN
Terry Catledge,1990-91,1085000,ORL
Terry Cummings,1990-91,1860000,SAS
Terry Davis,1990-91,250000,MIA
Terry Mills,1990-91,600000,NJN
Terry Porter,1990-91,2000000,POR
Terry Teagle,1990-91,550000,LAL
Thurl Bailey,1990-91,1000000,UTA
Tim Hardaway,1990-91,500000,GSW
Tim McCormick,1990-91,775000,ATL
Tim Perry,1990-91,675000,PHO
Tod Murphy,1990-91,590000,MIN
Todd Lichti,1990-91,565000,DEN
Tom Chambers,1990-91,2060000,PHO
Tom Garrick,1990-91,340000,LAC
Tom Hammonds,1990-91,800000,WAS
Tom Tolbert,1990-91,405000,GSW
Tony Brown,1990-91,50000,UTA
Tony Campbell,1990-91,1200000,MIN
Tony Massenburg,1990-91,150000,SAS
Tony Smith,1990-91,120000,LAL
Travis Mays,1990-91,800000,SAC
Tree Rollins,1990-91,800000,DET
Trent Tucker,1990-91,835000,NYK
Tyrone Corbin,1990-91,830000,MIN
Tyrone Hill,1990-91,1000000,GSW
Vern Fleming,1990-91,667000,IND
Vernon Maxwell,1990-91,250000,HOU
Vinnie Johnson,1990-91,1400000,DET
Vlade Divac,1990-91,770000,LAL
Walter Davis,1990-91,900000,POR
Walter Palmer,1990-91,225000,UTA
Wayman Tisdale,1990-91,2330000,SAC
Wayne Cooper,1990-91,1100000,POR
Will Perdue,1990-91,450000,CHI
William Bedford,1990-91,850000,DET
Willie Anderson,1990-91,725000,SAS
Willie Burton,1990-91,2000000,MIA
Winston Bennett,1990-91,525000,CLE
Winston Garland,1990-91,450000,LAC
Xavier McDaniel,1990-91,1400000,PHO
A.C. Green,1991-92,1750000,LAL
A.J. English,1991-92,325000,WAS
A.J. Wynder,1991-92,130000,BOS
Alaa Abdelnaby,1991-92,494000,POR
Alan Ogg,1991-92,202000,MIA
Alec Kessler,1991-92,1122000,MIA
Alex English,1991-92,500000,DAL
Alexander Volkov,1991-92,675000,ATL
Alton Lister,1991-92,1333000,GSW
Alvin Robertson,1991-92,1033000,MIL
Andre Turner,1991-92,130000,WAS
Andrew Lang,1991-92,700000,PHO
Andrew Toney,1991-92,450000,PHI
Andy Toolson,1991-92,250000,UTA
Anthony Bonner,1991-92,568000,SAC
Anthony Cook,1991-92,480000,DEN
Anthony Frederick,1991-92,130000,CHA
Anthony Mason,1991-92,210000,NYK
Antoine Carr,1991-92,1263000,SAS
Armen Gilliam,1991-92,1350000,PHI
B.J. Armstrong,1991-92,435000,CHI
Bart Kofoed,1991-92,130000,OKC
Benoit Benjamin,1991-92,2875000,OKC
Bernard King,1991-92,2525000,WAS
Bill Cartwright,1991-92,2000000,CHI
Bill Hanzlik,1991-92,508000,DEN
Billy Owens,1991-92,1509000,GSW
Bimbo Coles,1991-92,212000,MIA
Bison Dele,1991-92,777000,ORL
Blair Rasmussen,1991-92,1558000,ATL
Blue Edwards,1991-92,390000,UTA
Bo Kimble,1991-92,1150000,LAC
Bob Hansen,1991-92,600000,CHI
Bob Thornton,1991-92,335000,MIN
Bobby Phills,1991-92,130000,MIL
Brad Daugherty,1991-92,2245000,CLE
Brad Davis,1991-92,600000,DAL
Brad Lohaus,1991-92,1377000,MIL
Brian Oliver,1991-92,456000,PHI
Brian Quinnett,1991-92,450000,NYK
Brian Shaw,1991-92,1313000,BOS
Buck Johnson,1991-92,775000,HOU
Buck Williams,1991-92,1700000,POR
Byron Scott,1991-92,1100000,LAL
Carl Herrera,1991-92,325000,HOU
Cedric Ceballos,1991-92,250000,PHO
Charles Barkley,1991-92,3200000,PHI
Charles Jones,1991-92,750000,WAS
Charles Oakley,1991-92,1050000,NYK
Charles Shackleford,1991-92,1332000,PHI
Charles Smith,1991-92,1050000,LAC
Chris Dudley,1991-92,1000000,NJN
Chris Gatling,1991-92,700000,GSW
Chris Morris,1991-92,650000,NJN
Chris Mullin,1991-92,2844000,GSW
Chuck Nevitt,1991-92,118000,CHI
Chuck Person,1991-92,2156000,IND
Chucky Brown,1991-92,640000,CLE
Cliff Levingston,1991-92,1350000,CHI
Clifford Robinson,1991-92,474000,POR
Clyde Drexler,1991-92,1378000,POR
Corey Crowder,1991-92,130000,UTA
Craig Ehlo,1991-92,925000,CLE
Craig Hodges,1991-92,700000,CHI
Dale Davis,1991-92,430000,IND
Dale Ellis,1991-92,1300000,MIL
Dan Godfread,1991-92,100000,MIN
Dan Majerle,1991-92,535000,PHO
Dana Barros,1991-92,500000,OKC
Danny Ainge,1991-92,725000,POR
Danny Ferry,1991-92,2843000,CLE
Danny Manning,1991-92,2300000,LAC
Danny Schayes,1991-92,1600000,MIL
Danny Young,1991-92,550000,POR
Darnell Valentine,1991-92,130000,CLE
Darrell Griffith,1991-92,850000,UTA
Dave Corzine,1991-92,300000,OKC
Dave Feitl,1991-92,135000,NJN
Dave Greenwood,1991-92,100000,SAS
Dave Hoppen,1991-92,500000,PHI
Dave Jamerson,1991-92,840000,HOU
David Benoit,1991-92,230000,UTA
David Robinson,1991-92,2240000,SAS
David Wingate,1991-92,250000,WAS
Dee Brown,1991-92,705000,BOS
Delaney Rudd,1991-92,240000,UTA
Dell Curry,1991-92,1006000,CHA
Dennis Hopson,1991-92,950000,SAC
Dennis Scott,1991-92,1980000,ORL
Derek Harper,1991-92,1725000,DAL
Derek Strong,1991-92,130000,PHI
Derrick Coleman,1991-92,2300000,NJN
Derrick McKey,1991-92,1112000,OKC
Detlef Schrempf,1991-92,1278000,IND
Dikembe Mutombo,1991-92,2005000,DEN
Doc Rivers,1991-92,1195000,LAC
Dominique Wilkins,1991-92,3100000,ATL
Donald Hodge,1991-92,130000,DAL
Donald Royal,1991-92,130000,SAS
Doug Lee,1991-92,150000,NJN
Doug Smith,1991-92,1500000,DAL
Doug West,1991-92,310000,MIN
Drazen Petrovic,1991-92,1375000,NJN
Duane Causwell,1991-92,820000,SAC
Duane Ferrell,1991-92,500000,ATL
Dwayne Schintzius,1991-92,650000,SAC
Ed Nealy,1991-92,650000,PHO
Ed Pinckney,1991-92,900000,BOS
Eddie Johnson,1991-92,1050000,OKC
Elden Campbell,1991-92,575000,LAL
Elliot Perry,1991-92,130000,LAC
Ennis Whatley,1991-92,130000,POR
Eric Leckner,1991-92,618000,CHA
Eric Murdock,1991-92,600000,UTA
Fat Lever,1991-92,1619000,DAL
Felton Spencer,1991-92,1340000,MIN
Frank Brickowski,1991-92,1055000,MIL
Fred Roberts,1991-92,791000,MIL
Gary Grant,1991-92,928000,LAC
Gary Leonard,1991-92,130000,ATL
Gary Payton,1991-92,1883000,OKC
George McCloud,1991-92,990000,IND
Gerald Glass,1991-92,705000,MIN
Gerald Wilkins,1991-92,795000,NYK
Glen Rice,1991-92,1302000,MIA
Grant Long,1991-92,252000,MIA
Greg Anderson,1991-92,1465000,DEN
Greg Anthony,1991-92,865000,NYK
Greg Dreiling,1991-92,600000,IND
Greg Foster,1991-92,339000,WAS
Greg Kite,1991-92,700000,ORL
Greg Sutton,1991-92,175000,SAS
Hakeem Olajuwon,1991-92,3170000,HOU
Harvey Grant,1991-92,450000,WAS
Haywoode Workman,1991-92,250000,WAS
Henry James,1991-92,477000,CLE
Herb Williams,1991-92,1183000,DAL
Hersey Hawkins,1991-92,805000,PHI
Horace Grant,1991-92,1750000,CHI
Hot Rod Williams,1991-92,3786000,CLE
Ian Lockhart,1991-92,263000,PHO
Isaac Austin,1991-92,130000,UTA
J.R. Reid,1991-92,1250000,CHA
Jack Haley,1991-92,300000,LAL
James Donaldson,1991-92,880000,DAL
James Edwards,1991-92,933000,LAC
James Worthy,1991-92,1750000,LAL
Jawann Oldham,1991-92,175000,SAC
Jay Humphries,1991-92,760000,MIL
Jayson Williams,1991-92,650000,PHI
Jeff Grayer,1991-92,950000,MIL
Jeff Hornacek,1991-92,1428000,PHO
Jeff Malone,1991-92,1580000,UTA
Jeff Sanders,1991-92,385000,MIA
Jeff Turner,1991-92,550000,ORL
Jerome Kersey,1991-92,561000,POR
Jerome Lane,1991-92,640000,DEN
Jerrod Mustaf,1991-92,735000,PHO
Jerry Reynolds,1991-92,1300000,ORL
Jim Les,1991-92,323000,SAC
Jim Paxson,1991-92,225000,BOS
Jim Petersen,1991-92,936000,GSW
Jimmy Oliver,1991-92,200000,CLE
Joe Barry Carroll,1991-92,925000,PHO
Joe Kleine,1991-92,950000,BOS
Joe Wolf,1991-92,763000,DEN
John Bagley,1991-92,550000,BOS
John Battle,1991-92,700000,CLE
John Morton,1991-92,450000,CLE
John Paxson,1991-92,1600000,CHI
John Shasky,1991-92,250000,DAL
John Starks,1991-92,400000,NYK
John Stockton,1991-92,2100000,UTA
John Turner,1991-92,615000,HOU
John Williams,1991-92,1100000,WAS
Johnny Dawkins,1991-92,1700000,PHI
Johnny Newman,1991-92,1206000,CHA
Jon Koncak,1991-92,2000000,ATL
Jon Sundvold,1991-92,333000,MIA
Karl Malone,1991-92,2556000,UTA
Keith Askins,1991-92,202000,MIA
Keith Owens,1991-92,130000,LAL
Kelvin Upshaw,1991-92,250000,DAL
Ken Bannister,1991-92,300000,LAC
Ken Norman,1991-92,1150000,LAC
Kendall Gill,1991-92,1908000,CHA
Kennard Winchester,1991-92,120000,NYK
Kenny Anderson,1991-92,1828000,NJN
Kenny Gattison,1991-92,456000,CHA
Kenny Payne,1991-92,410000,PHI
Kenny Smith,1991-92,1633000,HOU
Kenny Williams,1991-92,275000,IND
Kevin Brooks,1991-92,625000,DEN
Kevin Duckworth,1991-92,2013000,POR
Kevin Edwards,1991-92,600000,MIA
Kevin Gamble,1991-92,1400000,BOS
Kevin Johnson,1991-92,1950000,PHO
Kevin McHale,1991-92,3500000,BOS
Kevin Pritchard,1991-92,158000,SAS
Kevin Willis,1991-92,725000,ATL
Kiki Vandeweghe,1991-92,1020000,NYK
Kurt Rambis,1991-92,950000,PHO
LaBradford Smith,1991-92,620000,WAS
LaSalle Thompson,1991-92,2000000,IND
Lamont Strothers,1991-92,150000,POR
Lanard Copeland,1991-92,130000,LAC
Larry Bird,1991-92,7070000,BOS
Larry Drew,1991-92,600000,LAL
Larry Johnson,1991-92,1955000,CHA
Larry Krystkowiak,1991-92,605000,MIL
Larry Nance,1991-92,1363000,CLE
Larry Smith,1991-92,997000,HOU
Larry Stewart,1991-92,130000,WAS
LeRon Ellis,1991-92,180000,LAC
Ledell Eackles,1991-92,780000,WAS
Les Jepsen,1991-92,504000,SAC
Lester Conner,1991-92,900000,MIL
Lionel Simmons,1991-92,1289000,SAC
Loy Vaught,1991-92,1000000,LAC
Luc Longley,1991-92,1590000,MIN
Magic Johnson,1991-92,2500000,LAL
Mahmoud Abdul-Rauf,1991-92,2008000,DEN
Manute Bol,1991-92,1350000,PHI
Marcus Liberty,1991-92,260000,DEN
Mario Elie,1991-92,130000,GSW
Mark Acres,1991-92,547000,ORL
Mark Alarie,1991-92,550000,WAS
Mark Bryant,1991-92,450000,POR
Mark Eaton,1991-92,1333000,UTA
Mark Jackson,1991-92,1250000,NYK
Mark Macon,1991-92,970000,DEN
Mark Price,1991-92,1520000,CLE
Mark Randall,1991-92,180000,CHI
Mark West,1991-92,975000,PHO
Marty Conlon,1991-92,130000,OKC
Matt Bullard,1991-92,275000,HOU
Maurice Cheeks,1991-92,1000000,ATL
Michael Adams,1991-92,1309000,WAS
Michael Cage,1991-92,1390000,OKC
Michael Jordan,1991-92,3250000,CHI
Michael Smith,1991-92,625000,BOS
Micheal Williams,1991-92,500000,IND
Mike Brown,1991-92,1175000,UTA
Mike Gminski,1991-92,1850000,CHA
Mike Holton,1991-92,400000,CHA
Mike Iuzzolino,1991-92,185000,DAL
Mike Sanders,1991-92,860000,IND
Mike Woodson,1991-92,658000,HOU
Mitch Richmond,1991-92,950000,SAC
Mitchell Wiggins,1991-92,335000,PHI
Mookie Blaylock,1991-92,575000,NJN
Morlon Wiley,1991-92,130000,SAS
Moses Malone,1991-92,1600000,MIL
Muggsy Bogues,1991-92,906000,CHA
Mychal Thompson,1991-92,1807000,LAL
Myron Brown,1991-92,200000,MIN
Nate McMillan,1991-92,733000,OKC
Negele Knight,1991-92,469000,PHO
Nick Anderson,1991-92,750000,ORL
Olden Polynice,1991-92,750000,LAC
Otis Smith,1991-92,525000,ORL
Otis Thorpe,1991-92,1786000,HOU
Patrick Eddie,1991-92,130000,NYK
Patrick Ewing,1991-92,3139000,NYK
Paul Graham,1991-92,125000,ATL
Paul Pressey,1991-92,1000000,SAS
Pervis Ellison,1991-92,2300000,WAS
Pete Chilcutt,1991-92,475000,SAC
Pooh Richardson,1991-92,760000,MIN
Quintin Dailey,1991-92,425000,OKC
Rafael Addison,1991-92,311000,NJN
Ralph Sampson,1991-92,2685000,SAC
Randy Breuer,1991-92,1250000,MIN
Randy Brown,1991-92,210000,SAC
Randy White,1991-92,855000,DAL
Randy Wittman,1991-92,550000,IND
Reggie Lewis,1991-92,3340000,BOS
Reggie Miller,1991-92,3211000,IND
Reggie Williams,1991-92,425000,DEN
Rex Chapman,1991-92,940000,CHA
Rich King,1991-92,600000,OKC
Rick Fox,1991-92,525000,BOS
Rickey Green,1991-92,130000,PHI
Ricky Pierce,1991-92,1750000,OKC
Rik Smits,1991-92,1350000,IND
Robert Pack,1991-92,130000,POR
Robert Parish,1991-92,3000000,BOS
Robert Reid,1991-92,130000,PHI
Rod Higgins,1991-92,550000,GSW
Rod Strickland,1991-92,400000,SAS
Rodney McCray,1991-92,1025000,DAL
Rodney Monroe,1991-92,217000,ATL
Rolando Blackman,1991-92,1920000,DAL
Ron Anderson,1991-92,1000000,PHI
Ron Harper,1991-92,1650000,LAC
Rony Seikaly,1991-92,2002000,MIA
Rory Sparrow,1991-92,126000,CHI
Roy Hinson,1991-92,943000,NJN
Rumeal Robinson,1991-92,1025000,ATL
Sam Bowie,1991-92,2000000,NJN
Sam Mitchell,1991-92,630000,MIN
Sam Perkins,1991-92,2507000,LAL
Sam Vincent,1991-92,1260000,ORL
Sarunas Marciulionis,1991-92,1267000,GSW
Scott Brooks,1991-92,400000,MIN
Scott Hastings,1991-92,500000,DEN
Scott Skiles,1991-92,1925000,ORL
Scott Williams,1991-92,350000,CHI
Scottie Pippen,1991-92,2770000,CHI
Sean Elliott,1991-92,1802000,SAS
Sean Green,1991-92,130000,IND
Sedale Threatt,1991-92,612000,LAL
Shawn Kemp,1991-92,430000,OKC
Sherman Douglas,1991-92,1250000,MIA
Sidney Green,1991-92,1063000,SAS
Sleepy Floyd,1991-92,1500000,HOU
Spud Webb,1991-92,560000,SAC
Stacey Augmon,1991-92,875000,ATL
Stacey King,1991-92,1100000,CHI
Stanley Roberts,1991-92,550000,ORL
Steve Henson,1991-92,350000,MIL
Steve Kerr,1991-92,553000,CLE
Steve Smith,1991-92,2250000,MIA
Stojko Vrankovic,1991-92,665000,BOS
Stuart Gray,1991-92,520000,NYK
Tate George,1991-92,481000,NJN
Terrell Brandon,1991-92,525000,CLE
Terry Catledge,1991-92,1386000,ORL
Terry Cummings,1991-92,1861000,SAS
Terry Davis,1991-92,382000,DAL
Terry Mills,1991-92,850000,NJN
Terry Porter,1991-92,1787000,POR
Terry Teagle,1991-92,700000,LAL
Tharon Mayes,1991-92,130000,PHI
Thurl Bailey,1991-92,1000000,MIN
Tim Hardaway,1991-92,640000,GSW
Tim McCormick,1991-92,825000,NYK
Tim Perry,1991-92,675000,PHO
Tod Murphy,1991-92,760000,MIN
Todd Lichti,1991-92,565000,DEN
Tom Chambers,1991-92,2275000,PHO
Tom Copa,1991-92,160000,SAS
Tom Garrick,1991-92,200000,MIN
Tom Hammonds,1991-92,825000,WAS
Tom Tolbert,1991-92,506000,GSW
Tony Brown,1991-92,130000,LAC
Tony Campbell,1991-92,1183000,MIN
Tony Massenburg,1991-92,200000,SAS
Tony Smith,1991-92,400000,LAL
Travis Mays,1991-92,1000000,ATL
Tree Rollins,1991-92,375000,HOU
Trent Tucker,1991-92,813000,PHO
Tyrone Corbin,1991-92,922000,UTA
Tyrone Hill,1991-92,1200000,GSW
Vern Fleming,1991-92,760000,IND
Vernon Maxwell,1991-92,325000,HOU
Victor Alexander,1991-92,750000,GSW
Vincent Askew,1991-92,135000,GSW
Vinnie Johnson,1991-92,130000,SAS
Vlade Divac,1991-92,942000,LAL
Walter Davis,1991-92,1000000,POR
Walter Palmer,1991-92,275000,UTA
Wayman Tisdale,1991-92,2333000,SAC
Wayne Cooper,1991-92,1200000,POR
Will Perdue,1991-92,500000,CHI
Willie Anderson,1991-92,775000,SAS
Willie Burton,1991-92,1402000,MIA
Winston Bennett,1991-92,525000,CLE
Winston Garland,1991-92,450000,DEN
Xavier McDaniel,1991-92,1625000,NYK
A.C. Green,1992-93,1750000,LAL
A.J. English,1992-93,406000,WAS
A.J. Wynder,1992-93,140000,BOS
Adam Keefe,1992-93,1000000,ATL
Alaa Abdelnaby,1992-93,500000,BOS
Alec Kessler,1992-93,762000,MIA
Alex Blackwell,1992-93,140000,LAL
Alex Stivrins,1992-93,140000,PHO
Alonzo Mourning,1992-93,2400000,CHA
Alton Lister,1992-93,1283000,GSW
Alvin Robertson,1992-93,1283000,MIL
Andre Turner,1992-93,140000,WAS
Andrew Lang,1992-93,1040000,PHI
Anthony Avent,1992-93,500000,MIL
Anthony Bonner,1992-93,763000,SAC
Anthony Bowie,1992-93,900000,ORL
Anthony Cook,1992-93,570000,DEN
Anthony Mason,1992-93,273000,NYK
Anthony Peeler,1992-93,700000,LAL
Anthony Pullard,1992-93,140000,MIL
Antoine Carr,1992-93,1233000,SAS
Armen Gilliam,1992-93,2300000,PHI
Avery Johnson,1992-93,140000,SAS
B.J. Armstrong,1992-93,540000,CHI
Bart Kofoed,1992-93,140000,BOS
Benoit Benjamin,1992-93,3175000,OKC
Bernard King,1992-93,2500000,WAS
Bill Cartwright,1992-93,2200000,CHI
Bill Laimbeer,1992-93,1319000,DET
Billy Owens,1992-93,1962000,GSW
Bimbo Coles,1992-93,650000,MIA
Bison Dele,1992-93,1011000,ORL
Blair Rasmussen,1992-93,1988000,ATL
Blue Edwards,1992-93,475000,MIL
Bo Kimble,1992-93,865000,NYK
Bob Hansen,1992-93,600000,CHI
Bobby Phills,1992-93,250000,CLE
Brad Daugherty,1992-93,2923000,CLE
Brad Lohaus,1992-93,583000,MIL
Brent Price,1992-93,283000,WAS
Brian Howard,1992-93,200000,DAL
Brian Oliver,1992-93,456000,PHI
Brian Shaw,1992-93,1413000,MIA
Bryant Stith,1992-93,850000,DEN
Buck Johnson,1992-93,550000,WAS
Buck Williams,1992-93,1850000,POR
Byron Houston,1992-93,500000,GSW
Byron Scott,1992-93,1100000,LAL
Cedric Ceballos,1992-93,350000,PHO
Charles Barkley,1992-93,2420000,PHO
Charles Jones,1992-93,875000,WAS
Charles Oakley,1992-93,1050000,NYK
Charles Shackleford,1992-93,1720000,PHI
Charles Smith,1992-93,1250000,NYK
Chris Corchiani,1992-93,300000,ORL
Chris Dudley,1992-93,1200000,NJN
Chris Gatling,1992-93,910000,GSW
Chris Morris,1992-93,1510000,NJN
Chris Mullin,1992-93,2844000,GSW
Chucky Brown,1992-93,140000,NJN
Clarence Weatherspoon,1992-93,800000,PHI
Cliff Robinson,1992-93,140000,LAL
Clifford Robinson,1992-93,1665000,POR
Clyde Drexler,1992-93,1378000,POR
Corey Crowder,1992-93,250000,UTA
Corey Gaines,1992-93,13000,OKC
Corey Williams,1992-93,200000,CHI
Craig Ehlo,1992-93,1075000,CLE
Craig Hodges,1992-93,400000,CHI
Dale Davis,1992-93,559000,IND
Dale Ellis,1992-93,1000000,SAS
Dan Majerle,1992-93,735000,PHO
Dan O\'Sullivan,1992-93,140000,NJN
Dana Barros,1992-93,500000,OKC
Danny Ainge,1992-93,1330000,PHO
Danny Ferry,1992-93,3143000,CLE
Danny Manning,1992-93,2600000,LAC
Danny Schayes,1992-93,1600000,MIL
Darrell Walker,1992-93,735000,DET
Dave Johnson,1992-93,500000,POR
David Benoit,1992-93,300000,UTA
David Robinson,1992-93,5720000,SAS
David Wingate,1992-93,129000,CHA
David Wood,1992-93,375000,SAS
Dee Brown,1992-93,865000,BOS
Dell Curry,1992-93,750000,CHA
Dennis Rodman,1992-93,2350000,DET
Dennis Scott,1992-93,2400000,ORL
Derek Harper,1992-93,2069000,DAL
Derrick Coleman,1992-93,2870000,NJN
Derrick McKey,1992-93,1162000,OKC
Detlef Schrempf,1992-93,1393000,IND
Dexter Cambridge,1992-93,150000,DAL
Dikembe Mutombo,1992-93,2400000,DEN
Dino Radja,1992-93,711000,BOS
Doc Rivers,1992-93,895000,NYK
Dominique Wilkins,1992-93,3500000,ATL
Don MacLean,1992-93,463000,WAS
Donald Hodge,1992-93,650000,DAL
Donald Royal,1992-93,140000,ORL
Doug Lee,1992-93,125000,NJN
Doug Overton,1992-93,140000,WAS
Doug Smith,1992-93,1845000,DAL
Drazen Petrovic,1992-93,1615000,NJN
Duane Causwell,1992-93,950000,SAC
Duane Cooper,1992-93,140000,LAL
Duane Ferrell,1992-93,825000,ATL
Dwayne Schintzius,1992-93,140000,NJN
Ed Nealy,1992-93,800000,PHO
Ed Pinckney,1992-93,1150000,BOS
Eddie Johnson,1992-93,1100000,OKC
Eddie Lee Wilkins,1992-93,500000,PHI
Elden Campbell,1992-93,575000,LAL
Elmore Spencer,1992-93,438000,LAC
Eric Anderson,1992-93,140000,NYK
Eric Murdock,1992-93,700000,MIL
Fat Lever,1992-93,1802000,DAL
Frank Brickowski,1992-93,1800000,MIL
Frank Johnson,1992-93,140000,PHO
Fred Roberts,1992-93,866000,MIL
Gary Grant,1992-93,1128000,LAC
Gary Payton,1992-93,2183000,OKC
Gary Plummer,1992-93,140000,DEN
George McCloud,1992-93,1040000,IND
Gerald Glass,1992-93,903000,DET
Gerald Paddio,1992-93,190000,OKC
Gerald Wilkins,1992-93,500000,CLE
Glen Rice,1992-93,1552000,MIA
Grant Long,1992-93,1258000,MIA
Greg Anthony,1992-93,1067000,NYK
Greg Dreiling,1992-93,650000,IND
Greg Foster,1992-93,439000,WAS
Greg Grant,1992-93,270000,PHI
Greg Kite,1992-93,775000,ORL
Harold Miner,1992-93,912000,MIA
Harvey Grant,1992-93,1625000,WAS
Henry James,1992-93,477000,CLE
Herb Williams,1992-93,430000,NYK
Hersey Hawkins,1992-93,2400000,PHI
Horace Grant,1992-93,1900000,CHI
Hot Rod Williams,1992-93,3786000,CLE
Howard Wright,1992-93,5000,ORL
Hubert Davis,1992-93,588000,NYK
Isaac Austin,1992-93,400000,UTA
Isaiah Morris,1992-93,140000,DET
Isiah Thomas,1992-93,2272000,DET
J.R. Reid,1992-93,1250000,SAS
Jack Haley,1992-93,390000,LAL
James Edwards,1992-93,1000000,LAL
James Worthy,1992-93,1850000,LAL
Jaren Jackson,1992-93,140000,LAC
Jay Guidinger,1992-93,140000,CLE
Jay Humphries,1992-93,1800000,UTA
Jayson Williams,1992-93,800000,NJN
Jeff Grayer,1992-93,550000,GSW
Jeff Hornacek,1992-93,1646000,PHI
Jeff Malone,1992-93,1980000,UTA
Jeff Sanders,1992-93,250000,ATL
Jeff Turner,1992-93,700000,ORL
Jerome Kersey,1992-93,2655000,POR
Jerome Lane,1992-93,225000,CLE
Jerrod Mustaf,1992-93,904000,PHO
Jerry Reynolds,1992-93,910000,ORL
Jim Les,1992-93,413000,SAC
Jim Petersen,1992-93,1221000,GSW
Joe Dumars,1992-93,1339000,DET
Joe Kleine,1992-93,1150000,BOS
Joe Wolf,1992-93,29000,BOS
John Bagley,1992-93,550000,BOS
John Battle,1992-93,910000,CLE
John Crotty,1992-93,140000,UTA
John Paxson,1992-93,1200000,CHI
John Salley,1992-93,2002000,MIA
John Shasky,1992-93,150000,DAL
John Starks,1992-93,600000,NYK
John Stockton,1992-93,2200000,UTA
John Williams,1992-93,800000,LAC
Johnny Dawkins,1992-93,1900000,PHI
Johnny Newman,1992-93,1175000,CHA
Jon Barry,1992-93,500000,MIL
Jon Koncak,1992-93,2450000,ATL
Jud Buechler,1992-93,375000,GSW
Karl Malone,1992-93,2854000,UTA
Keith Askins,1992-93,250000,MIA
Keith Jennings,1992-93,140000,GSW
Keith Owens,1992-93,250000,LAL
Ken Norman,1992-93,1275000,LAC
Kendall Gill,1992-93,1908000,CHA
Kenny Anderson,1992-93,2376000,NJN
Kenny Battle,1992-93,140000,BOS
Kenny Gattison,1992-93,598000,CHA
Kenny Payne,1992-93,500000,PHI
Kenny Williams,1992-93,325000,IND
Kevin Brooks,1992-93,800000,DEN
Kevin Duckworth,1992-93,2213000,POR
Kevin Edwards,1992-93,750000,MIA
Kevin Gamble,1992-93,1200000,BOS
Kevin Johnson,1992-93,1850000,PHO
Kevin Lynch,1992-93,250000,CHA
Kevin McHale,1992-93,3500000,BOS
Kevin Pritchard,1992-93,158000,SAS
Kevin Willis,1992-93,2425000,ATL
Kiki Vandeweghe,1992-93,140000,LAC
Kurt Rambis,1992-93,1100000,PHO
LaBradford Smith,1992-93,760000,WAS
LaPhonso Ellis,1992-93,1900000,DEN
LaSalle Thompson,1992-93,2000000,IND
Larry Bird,1992-93,2300000,BOS
Larry Johnson,1992-93,2540000,CHA
Larry Krystkowiak,1992-93,605000,UTA
Larry Nance,1992-93,2775000,CLE
Larry Smith,1992-93,500000,SAS
Larry Stewart,1992-93,500000,WAS
Latrell Sprewell,1992-93,550000,GSW
Ledell Eackles,1992-93,780000,WAS
Lee Mayberry,1992-93,520000,MIL
Les Jepsen,1992-93,504000,SAC
Lester Conner,1992-93,890000,ORL
Lionel Simmons,1992-93,1464000,SAC
Litterial Green,1992-93,140000,ORL
Lloyd Daniels,1992-93,140000,SAS
Lorenzo Williams,1992-93,7000,CHA
Loy Vaught,1992-93,1100000,LAC
Magic Johnson,1992-93,2500000,LAL
Mahmoud Abdul-Rauf,1992-93,2358000,DEN
Malik Sealy,1992-93,790000,IND
Manute Bol,1992-93,1650000,PHI
Marcus Liberty,1992-93,360000,DEN
Marcus Webb,1992-93,140000,BOS
Mario Elie,1992-93,608000,POR
Mark Aguirre,1992-93,1351000,DET
Mark Bryant,1992-93,1100000,POR
Mark Eaton,1992-93,1333000,UTA
Mark Jackson,1992-93,1790000,LAC
Mark Macon,1992-93,1228000,DEN
Mark Price,1992-93,1690000,CLE
Mark Randall,1992-93,250000,DET
Mark West,1992-93,1000000,PHO
Marty Conlon,1992-93,200000,SAC
Matt Geiger,1992-93,140000,MIA
Matt Othick,1992-93,13000,SAS
Maurice Cheeks,1992-93,600000,ATL
Michael Adams,1992-93,1309000,WAS
Michael Cage,1992-93,1390000,OKC
Michael Jordan,1992-93,4000000,CHI
Michael Smith,1992-93,650000,BOS
Mike Brown,1992-93,1275000,UTA
Mike Gminski,1992-93,1415000,CHA
Mike Iuzzolino,1992-93,241000,DAL
Mike Sanders,1992-93,910000,IND
Mitch Richmond,1992-93,1036000,SAC
Mitchell Wiggins,1992-93,335000,PHI
Mookie Blaylock,1992-93,660000,ATL
Morlon Wiley,1992-93,250000,ATL
Moses Malone,1992-93,2230000,MIL
Muggsy Bogues,1992-93,700000,CHA
Nate McMillan,1992-93,750000,OKC
Negele Knight,1992-93,469000,PHO
Nick Anderson,1992-93,800000,ORL
Olden Polynice,1992-93,850000,DET
Oliver Miller,1992-93,517000,PHO
Orlando Woolridge,1992-93,1108000,DET
Patrick Ewing,1992-93,3300000,NYK
Paul Graham,1992-93,500000,ATL
Pervis Ellison,1992-93,2300000,WAS
Pete Chilcutt,1992-93,630000,SAC
Pooh Richardson,1992-93,800000,IND
Radisav Curcic,1992-93,140000,DAL
Rafael Addison,1992-93,522000,NJN
Ralph Sampson,1992-93,2685000,SAC
Randy Brown,1992-93,250000,SAC
Randy White,1992-93,930000,DAL
Randy Wittman,1992-93,300000,IND
Randy Woods,1992-93,500000,LAC
Reggie Lewis,1992-93,3320000,BOS
Reggie Miller,1992-93,3211000,IND
Reggie Smith,1992-93,275000,POR
Reggie Williams,1992-93,985000,DEN
Rex Chapman,1992-93,2004000,WAS
Rich King,1992-93,600000,OKC
Richard Dumas,1992-93,140000,PHO
Rick Fox,1992-93,650000,BOS
Rick Mahorn,1992-93,500000,NJN
Ricky Blanton,1992-93,8000,CHI
Ricky Pierce,1992-93,2000000,OKC
Rik Smits,1992-93,2000000,IND
Robert Pack,1992-93,250000,DEN
Robert Parish,1992-93,3513000,BOS
Robert Werdann,1992-93,145000,DEN
Rod Strickland,1992-93,1200000,POR
Rodney McCray,1992-93,1075000,CHI
Rolando Blackman,1992-93,1500000,NYK
Ron Anderson,1992-93,950000,PHI
Ron Grandison,1992-93,15000,ORL
Ron Harper,1992-93,2220000,LAC
Rony Seikaly,1992-93,2382000,MIA
Rory Sparrow,1992-93,140000,LAL
Roy Hinson,1992-93,1250000,ATL
Roy Tarpley,1992-93,80000,DAL
Rumeal Robinson,1992-93,1225000,NJN
Sam Bowie,1992-93,2600000,NJN
Sam Mack,1992-93,140000,SAS
Sam Mitchell,1992-93,575000,IND
Sam Perkins,1992-93,3047000,LAL
Sam Vincent,1992-93,1510000,MIL
Sarunas Marciulionis,1992-93,1500000,GSW
Scott Hastings,1992-93,600000,DEN
Scott Skiles,1992-93,1348000,ORL
Scott Williams,1992-93,613000,CHI
Scottie Pippen,1992-93,3425000,CHI
Sean Elliott,1992-93,1802000,SAS
Sean Green,1992-93,355000,IND
Sean Higgins,1992-93,250000,LAL
Sean Rooks,1992-93,375000,DAL
Sedale Threatt,1992-93,796000,LAL
Shaquille O\'Neal,1992-93,3000000,ORL
Shawn Kemp,1992-93,650000,OKC
Sherman Douglas,1992-93,1869000,BOS
Sidney Green,1992-93,1288000,CHA
Spud Webb,1992-93,1317000,SAC
Stacey Augmon,1992-93,1138000,ATL
Stacey King,1992-93,1400000,CHI
Stan Kimbrough,1992-93,133000,SAC
Stanley Roberts,1992-93,1900000,LAC
Stephen Howard,1992-93,140000,UTA
Steve Bardo,1992-93,150000,DAL
Steve Kerr,1992-93,550000,ORL
Steve Scheffler,1992-93,140000,OKC
Steve Smith,1992-93,2252000,MIA
Stojko Vrankovic,1992-93,831000,BOS
Tate George,1992-93,551000,NJN
Terrell Brandon,1992-93,682000,CLE
Terry Catledge,1992-93,1086000,ORL
Terry Cummings,1992-93,2407000,SAS
Terry Davis,1992-93,1537000,DAL
Terry Mills,1992-93,1337000,DET
Terry Porter,1992-93,2200000,POR
Tim Hardaway,1992-93,690000,GSW
Tim Kempton,1992-93,500000,PHO
Tim Legler,1992-93,140000,UTA
Tim McCormick,1992-93,660000,NYK
Tim Perry,1992-93,900000,PHI
Tito Horford,1992-93,7000,LAC
Todd Day,1992-93,1325000,MIL
Todd Lichti,1992-93,565180,DEN
Tom Chambers,1992-93,1885000,PHO
Tom Gugliotta,1992-93,1250000,WAS
Tom Hammonds,1992-93,850000,CHA
Tom Tolbert,1992-93,606000,GSW
Tony Bennett,1992-93,140000,CHA
Tony Campbell,1992-93,1383000,NYK
Tony Smith,1992-93,450000,LAL
Tracy Moore,1992-93,250000,DAL
Tracy Murray,1992-93,725000,POR
Travis Mays,1992-93,1200000,ATL
Trent Tucker,1992-93,350000,CHI
Tyrone Corbin,1992-93,1100000,UTA
Tyrone Hill,1992-93,1400000,GSW
Vern Fleming,1992-93,1360000,IND
Victor Alexander,1992-93,942000,GSW
Vincent Askew,1992-93,180000,OKC
Vinnie Johnson,1992-93,210000,SAS
Vinny Del Negro,1992-93,920000,SAS
Vlade Divac,1992-93,3633000,LAL
Walt Williams,1992-93,1275000,SAC
Walter Bond,1992-93,150000,DAL
Walter Palmer,1992-93,140000,DAL
Wayman Tisdale,1992-93,2333000,SAC
Will Perdue,1992-93,625000,CHI
William Bedford,1992-93,925000,WAS
Willie Anderson,1992-93,2075000,SAS
Willie Burton,1992-93,802000,MIA
Winston Garland,1992-93,625000,DEN
Xavier McDaniel,1992-93,1869000,BOS
A.C. Green,1993-94,1885000,PHO
A.J. English,1993-94,150000,POR
Acie Earl,1993-94,650000,BOS
Adam Keefe,1993-94,1200000,ATL
Alaa Abdelnaby,1993-94,805000,BOS
Alec Kessler,1993-94,922000,MIA
Allan Houston,1993-94,736000,DET
Alonzo Mourning,1993-94,3120000,CHA
Alvin Robertson,1993-94,1408000,DEN
Andre Spencer,1993-94,250000,GSW
Andrew Lang,1993-94,1228000,ATL
Anfernee Hardaway,1993-94,1244000,ORL
Anthony Avent,1993-94,650000,ORL
Anthony Bonner,1993-94,650000,NYK
Anthony Bowie,1993-94,900000,ORL
Anthony Cook,1993-94,650000,MIL
Anthony Mason,1993-94,1100000,NYK
Anthony Peeler,1993-94,910000,LAL
Antoine Carr,1993-94,1353000,SAS
Antonio Davis,1993-94,565000,IND
Antonio Harvey,1993-94,150000,LAL
Armen Gilliam,1993-94,1200000,NJN
Avery Johnson,1993-94,300000,GSW
B.J. Armstrong,1993-94,620000,CHI
Benoit Benjamin,1993-94,3575000,NJN
Bill Cartwright,1993-94,2400000,CHI
Bill Laimbeer,1993-94,1300000,DET
Bill Wennington,1993-94,150000,CHI
Billy Owens,1993-94,2414000,GSW
Bimbo Coles,1993-94,802000,MIA
Bison Dele,1993-94,1244000,DEN
Blair Rasmussen,1993-94,2457000,ATL
Blue Edwards,1993-94,1500000,MIL
Bo Kimble,1993-94,1150000,NYK
Bobby Hurley,1993-94,1616000,SAC
Bobby Phills,1993-94,313000,CLE
Brad Daugherty,1993-94,3541000,CLE
Brad Lohaus,1993-94,958000,MIL
Brent Price,1993-94,283000,WAS
Brian Davis,1993-94,150000,MIN
Brian Oliver,1993-94,456000,PHI
Brian Shaw,1993-94,1513000,MIA
Bryant Stith,1993-94,1100000,DEN
Bryon Russell,1993-94,150000,UTA
Buck Johnson,1993-94,715000,WAS
Buck Williams,1993-94,5050000,POR
Byron Houston,1993-94,600000,GSW
Byron Scott,1993-94,650000,IND
Calbert Cheaney,1993-94,2000000,WAS
Carl Herrera,1993-94,1000000,HOU
Cedric Ceballos,1993-94,2000000,PHO
Charles Barkley,1993-94,3250000,PHO
Charles Oakley,1993-94,1950000,NYK
Charles Smith,1993-94,2557000,NYK
Chris Corchiani,1993-94,150000,BOS
Chris Dudley,1993-94,790000,POR
Chris Gatling,1993-94,1120000,GSW
Chris Mills,1993-94,650000,CLE
Chris Morris,1993-94,1785000,NJN
Chris Mullin,1993-94,2844000,GSW
Chris Smith,1993-94,270000,MIN
Chris Webber,1993-94,1600000,GSW
Chris Whitney,1993-94,150000,SAS
Christian Laettner,1993-94,2730000,MIN
Chuck Person,1993-94,2156000,MIN
Clarence Weatherspoon,1993-94,1040000,PHI
Clifford Robinson,1993-94,2336000,POR
Clyde Drexler,1993-94,1578000,POR
Corie Blount,1993-94,620000,CHI
Craig Ehlo,1993-94,1200000,ATL
Dale Davis,1993-94,688000,IND
Dale Ellis,1993-94,1300000,SAS
Dan Majerle,1993-94,2975000,PHO
Dana Barros,1993-94,750000,PHI
Danny Ainge,1993-94,1690000,PHO
Danny Ferry,1993-94,3543000,CLE
Danny Manning,1993-94,3250000,LAC
Danny Schayes,1993-94,1750000,MIL
Darnell Mee,1993-94,150000,DEN
Darren Morningstar,1993-94,43000,DAL
Dave Jamerson,1993-94,780000,HOU
Dave Johnson,1993-94,650000,POR
David Benoit,1993-94,810000,UTA
David Robinson,1993-94,5740000,SAS
David Wesley,1993-94,150000,NJN
David Wingate,1993-94,570000,CHA
David Wood,1993-94,488000,DET
Dee Brown,1993-94,1025000,BOS
Dell Curry,1993-94,1040000,CHA
Dennis Rodman,1993-94,2450000,SAS
Dennis Scott,1993-94,2820000,ORL
Derek Harper,1993-94,1927000,NYK
Derek Strong,1993-94,420000,MIL
Derrick Coleman,1993-94,3440000,NJN
Derrick McKey,1993-94,1262000,IND
Detlef Schrempf,1993-94,1308000,OKC
Dikembe Mutombo,1993-94,3000000,DEN
Dino Radja,1993-94,1650000,BOS
Doc Rivers,1993-94,1110000,NYK
Dominique Wilkins,1993-94,3500000,ATL
Don MacLean,1993-94,601000,WAS
Donald Hodge,1993-94,845000,DAL
Donald Royal,1993-94,890000,ORL
Doug Christie,1993-94,1445000,LAL
Doug Edwards,1993-94,650000,ATL
Doug Overton,1993-94,500000,WAS
Doug Smith,1993-94,1650000,DAL
Doug West,1993-94,1275000,MIN
Duane Causwell,1993-94,1260000,SAC
Duane Cooper,1993-94,150000,PHO
Duane Ferrell,1993-94,1025000,ATL
Dwayne Schintzius,1993-94,921000,NJN
Ed Pinckney,1993-94,1470000,BOS
Eddie Johnson,1993-94,1150000,CHA
Eddie Lee Wilkins,1993-94,100000,PHI
Elden Campbell,1993-94,1700000,LAL
Elliot Perry,1993-94,150000,POR
Elmore Spencer,1993-94,569000,LAC
Ennis Whatley,1993-94,150000,ATL
Eric Anderson,1993-94,250000,NYK
Eric Leckner,1993-94,300000,PHI
Eric Murdock,1993-94,800000,MIL
Eric Riley,1993-94,150000,HOU
Ervin Johnson,1993-94,617000,OKC
Evers Burns,1993-94,1616000,SAC
Fat Lever,1993-94,2203000,DAL
Felton Spencer,1993-94,1581000,UTA
Frank Brickowski,1993-94,1850000,MIL
Frank Johnson,1993-94,500000,PHO
Gary Grant,1993-94,1128000,LAC
Gary Payton,1993-94,2383000,OKC
George Lynch,1993-94,1100000,LAL
Gerald Madkins,1993-94,475000,CLE
Gerald Wilkins,1993-94,2278000,CLE
Gheorghe Muresan,1993-94,500000,WAS
Glen Rice,1993-94,2002000,MIA
Grant Long,1993-94,1410000,MIA
Greg Anderson,1993-94,650000,DET
Greg Anthony,1993-94,1269000,NYK
Greg Dreiling,1993-94,300000,DAL
Greg Foster,1993-94,250000,ATL
Greg Graham,1993-94,700000,PHI
Greg Kite,1993-94,985000,ORL
Gundars Vetra,1993-94,300000,MIN
Hakeem Olajuwon,1993-94,3170000,HOU
Harold Miner,1993-94,1186000,MIA
Harvey Grant,1993-94,2429000,POR
Haywoode Workman,1993-94,320000,IND
Henry James,1993-94,150000,LAC
Herb Williams,1993-94,1600000,NYK
Hersey Hawkins,1993-94,2400000,CHA
Horace Grant,1993-94,1950000,CHI
Hot Rod Williams,1993-94,3786000,CLE
Hubert Davis,1993-94,764000,NYK
Isaac Austin,1993-94,450000,UTA
Isaiah Rider,1993-94,2000000,MIN
Isiah Thomas,1993-94,2520000,DET
J.R. Reid,1993-94,1818000,SAS
Jack Haley,1993-94,390000,LAL
Jamal Mashburn,1993-94,2033000,DAL
James Edwards,1993-94,1300000,LAL
James Robinson,1993-94,650000,POR
James Worthy,1993-94,1800000,LAL
Jay Guidinger,1993-94,250000,CLE
Jay Humphries,1993-94,1800000,UTA
Jayson Williams,1993-94,950000,NJN
Jeff Grayer,1993-94,715000,GSW
Jeff Hornacek,1993-94,1946000,PHI
Jeff Malone,1993-94,2380000,UTA
Jerome Kersey,1993-94,2940000,POR
Jerrod Mustaf,1993-94,1073000,PHO
Jerry Reynolds,1993-94,1288000,ORL
Jim Jackson,1993-94,2000000,DAL
Jim Les,1993-94,363000,SAC
Jim Petersen,1993-94,1521000,GSW
Joe Courtney,1993-94,150000,PHO
Joe Dumars,1993-94,1280000,DET
Joe Kleine,1993-94,650000,PHO
John Bagley,1993-94,600000,BOS
John Battle,1993-94,1120000,CLE
John Crotty,1993-94,200000,UTA
John Paxson,1993-94,800000,CHI
John Salley,1993-94,2452000,MIA
John Starks,1993-94,1112000,NYK
John Stockton,1993-94,2400000,UTA
John Williams,1993-94,1100000,LAC
Johnny Dawkins,1993-94,2100000,PHI
Johnny Newman,1993-94,1435000,NJN
Jon Barry,1993-94,650000,MIL
Jon Koncak,1993-94,2900000,ATL
Josh Grant,1993-94,150000,GSW
Jud Buechler,1993-94,375000,GSW
Karl Malone,1993-94,3081000,UTA
Keith Askins,1993-94,313000,MIA
Keith Jennings,1993-94,250000,GSW
Ken Norman,1993-94,1510000,MIL
Kendall Gill,1993-94,2000000,OKC
Kenny Anderson,1993-94,2925000,NJN
Kenny Gattison,1993-94,1250000,CHA
Kenny Smith,1993-94,2150000,HOU
Kenny Walker,1993-94,400000,WAS
Kenny Williams,1993-94,375000,IND
Kevin Brooks,1993-94,975000,DEN
Kevin Duckworth,1993-94,2313000,WAS
Kevin Edwards,1993-94,1200000,NJN
Kevin Gamble,1993-94,1100000,BOS
Kevin Johnson,1993-94,2300000,PHO
Kevin Lynch,1993-94,325000,CHA
Kevin Thompson,1993-94,150000,POR
Kevin Willis,1993-94,2625000,ATL
Kiki Vandeweghe,1993-94,150000,LAC
Kurt Rambis,1993-94,180000,SAC
LaBradford Smith,1993-94,940000,WAS
LaPhonso Ellis,1993-94,2350000,DEN
LaSalle Thompson,1993-94,2000000,IND
Larry Johnson,1993-94,3125000,CHA
Larry Krystkowiak,1993-94,644000,ORL
Larry Nance,1993-94,2840000,CLE
Larry Stewart,1993-94,600000,WAS
Latrell Sprewell,1993-94,700000,GSW
LeRon Ellis,1993-94,150000,CHA
Lee Mayberry,1993-94,670000,MIL
Les Jepsen,1993-94,504000,SAC
Lester Conner,1993-94,25000,ORL
Lindsey Hunter,1993-94,902000,DET
Lionel Simmons,1993-94,1743000,SAC
Litterial Green,1993-94,250000,ORL
Lloyd Daniels,1993-94,182000,SAS
Lorenzo Williams,1993-94,250000,BOS
Loy Vaught,1993-94,1225000,LAC
Luc Longley,1993-94,1590000,MIN
Lucious Harris,1993-94,350000,DAL
Luther Wright,1993-94,650000,UTA
Magic Johnson,1993-94,2500000,LAL
Mahmoud Abdul-Rauf,1993-94,1825000,DEN
Malcolm Mackey,1993-94,550000,PHO
Malik Sealy,1993-94,1023000,IND
Manute Bol,1993-94,650000,MIA
Marcus Liberty,1993-94,650000,DET
Mario Elie,1993-94,790000,HOU
Mark Aguirre,1993-94,150000,LAC
Mark Bryant,1993-94,1300000,POR
Mark Eaton,1993-94,1333000,UTA
Mark Jackson,1993-94,2000000,LAC
Mark Macon,1993-94,1498000,DET
Mark Price,1993-94,2850000,CLE
Mark Randall,1993-94,1200000,DEN
Mark West,1993-94,1000000,PHO
Marlon Maxey,1993-94,375000,MIN
Marty Conlon,1993-94,250000,SAC
Matt Bullard,1993-94,650000,HOU
Matt Geiger,1993-94,250000,MIA
Matt Wenstrom,1993-94,150000,BOS
Michael Adams,1993-94,1309000,WAS
Michael Cage,1993-94,1502000,OKC
Michael Curry,1993-94,150000,PHI
Michael Jordan,1993-94,4000000,CHI
Micheal Williams,1993-94,2075000,MIN
Mike Brown,1993-94,1375000,MIN
Mike Gminski,1993-94,1850000,CHA
Mike Peplowski,1993-94,150000,SAC
Mitch Richmond,1993-94,2500000,SAC
Mitchell Butler,1993-94,150000,WAS
Mookie Blaylock,1993-94,1630000,ATL
Moses Malone,1993-94,1200000,PHI
Muggsy Bogues,1993-94,900000,CHA
Nate McMillan,1993-94,850000,OKC
Negele Knight,1993-94,496000,SAS
Nick Anderson,1993-94,2670000,ORL
Nick Van Exel,1993-94,1100000,LAL
Olden Polynice,1993-94,850000,DET
Oliver Miller,1993-94,672000,PHO
Orlando Woolridge,1993-94,150000,PHI
Otis Thorpe,1993-94,2418000,HOU
P.J. Brown,1993-94,600000,NJN
Patrick Ewing,1993-94,3825000,NYK
Paul Graham,1993-94,600000,ATL
Pervis Ellison,1993-94,2300000,WAS
Pete Chilcutt,1993-94,760000,SAC
Pete Myers,1993-94,150000,CHI
Pooh Richardson,1993-94,1694000,IND
Popeye Jones,1993-94,275000,DAL
Randy Breuer,1993-94,150000,SAC
Randy Brown,1993-94,597000,SAC
Randy White,1993-94,922000,DAL
Randy Woods,1993-94,650000,LAC
Reggie Miller,1993-94,3011000,IND
Reggie Smith,1993-94,358000,POR
Reggie Williams,1993-94,1258000,DEN
Rex Chapman,1993-94,2004000,WAS
Rex Walters,1993-94,650000,NJN
Rich King,1993-94,700000,OKC
Richard Dumas,1993-94,1300000,PHO
Richard Petruska,1993-94,150000,HOU
Rick Fox,1993-94,755000,BOS
Rick Mahorn,1993-94,650000,NJN
Ricky Pierce,1993-94,2100000,OKC
Rik Smits,1993-94,2500000,IND
Robert Horry,1993-94,1200000,HOU
Robert Pack,1993-94,400000,DEN
Robert Parish,1993-94,4000000,BOS
Robert Werdann,1993-94,250000,DEN
Rod Higgins,1993-94,150000,SAC
Rod Strickland,1993-94,1560000,POR
Rodney Rogers,1993-94,150000,DEN
Rolando Blackman,1993-94,1995000,NYK
Ron Anderson,1993-94,300000,PHI
Ron Harper,1993-94,4000000,LAC
Rony Seikaly,1993-94,3057000,MIA
Roy Hinson,1993-94,1445000,ATL
Roy Tarpley,1993-94,80000,DAL
Rumeal Robinson,1993-94,1240000,CHA
Sam Bowie,1993-94,3200000,LAL
Sam Cassell,1993-94,650000,HOU
Sam Mitchell,1993-94,715000,IND
Sam Perkins,1993-94,3587000,OKC
Sarunas Marciulionis,1993-94,1900000,GSW
Scott Brooks,1993-94,525000,HOU
Scott Burrell,1993-94,650000,CHA
Scott Haskin,1993-94,833000,IND
Scott Skiles,1993-94,1722000,ORL
Scott Williams,1993-94,641000,CHI
Scottie Pippen,1993-94,3075000,CHI
Sean Elliott,1993-94,1807000,DET
Sean Green,1993-94,400000,PHI
Sean Rooks,1993-94,488000,DAL
Sedale Threatt,1993-94,2400000,LAL
Sedric Toney,1993-94,150000,CLE
Shaquille O\'Neal,1993-94,3900000,ORL
Shawn Bradley,1993-94,2700000,PHI
Shawn Kemp,1993-94,750000,OKC
Sherman Douglas,1993-94,2300000,BOS
Sidney Green,1993-94,1512000,PHI
Sleepy Floyd,1993-94,150000,SAS
Spud Webb,1993-94,1567000,SAC
Stacey Augmon,1993-94,1400000,ATL
Stacey King,1993-94,1600000,CHI
Stanley Roberts,1993-94,2841000,LAC
Steve Henson,1993-94,250000,ATL
Steve Kerr,1993-94,150000,CHI
Steve Scheffler,1993-94,170000,OKC
Steve Smith,1993-94,2252000,MIA
Stojko Vrankovic,1993-94,831000,BOS
Tate George,1993-94,626000,NJN
Tellis Frank,1993-94,200000,MIN
Terrell Brandon,1993-94,840000,CLE
Terry Catledge,1993-94,1386000,ORL
Terry Cummings,1993-94,2407000,SAS
Terry Davis,1993-94,1200000,DAL
Terry Dehere,1993-94,1050000,LAC
Terry Mills,1993-94,1614000,DET
Terry Porter,1993-94,2500000,POR
Thurl Bailey,1993-94,1000000,MIN
Tim Hardaway,1993-94,3340000,GSW
Tim Kempton,1993-94,650000,PHO
Tim Legler,1993-94,250000,DAL
Tim McCormick,1993-94,850000,NYK
Tim Perry,1993-94,1550000,PHI
Tod Murphy,1993-94,20000,DET
Todd Day,1993-94,1723000,MIL
Todd Lichti,1993-94,565000,ORL
Tom Chambers,1993-94,605000,UTA
Tom Gugliotta,1993-94,1625000,WAS
Tom Hammonds,1993-94,800000,DEN
Tom Tolbert,1993-94,650000,LAC
Toni Kukoc,1993-94,1025000,CHI
Tony Bennett,1993-94,182000,CHA
Tony Campbell,1993-94,1682000,DAL
Tony Smith,1993-94,800000,LAL
Tracy Moore,1993-94,40000,DET
Tracy Murray,1993-94,943000,POR
Trevor Wilson,1993-94,150000,LAL
Tyrone Corbin,1993-94,1400000,UTA
Tyrone Hill,1993-94,1075000,CLE
Vern Fleming,1993-94,1560000,IND
Vernon Maxwell,1993-94,1424000,HOU
Victor Alexander,1993-94,1160000,GSW
Vin Baker,1993-94,866000,MIL
Vinny Del Negro,1993-94,1195365,SAS
Vlade Divac,1993-94,4133000,LAL
Walt Williams,1993-94,1658000,SAC
Walter Bond,1993-94,150000,UTA
Wayman Tisdale,1993-94,2333000,SAC
Will Perdue,1993-94,1200000,CHI
Willie Anderson,1993-94,2075000,SAS
Willie Burton,1993-94,1002000,MIA
Xavier McDaniel,1993-94,2145000,BOS
A.C. Green,1994-95,6472600,PHO
Aaron McKie,1994-95,650000,POR
Aaron Swinson,1994-95,102424,PHO
Aaron Williams,1994-95,150000,MIL
Acie Earl,1994-95,845000,BOS
Adam Keefe,1994-95,1500000,UTA
Adrian Caldwell,1994-95,150000,HOU
Alaa Abdelnaby,1994-95,650000,SAC
Alec Kessler,1994-95,1402000,MIA
Allan Houston,1994-95,956000,DET
Alonzo Mourning,1994-95,3840000,CHA
Alton Lister,1994-95,150000,MIL
Andrew Lang,1994-95,1596000,ATL
Anthony Bonner,1994-95,845000,NYK
Anthony Mason,1994-95,1200000,NYK
Anthony Miller,1994-95,150000,LAL
Anthony Peeler,1994-95,1120000,LAL
Anthony Tucker,1994-95,150000,WAS
Antoine Carr,1994-95,666600,UTA
Antonio Harvey,1994-95,325000,LAL
Antonio Lang,1994-95,325000,PHO
Avery Johnson,1994-95,650000,SAS
B.J. Tyler,1994-95,715000,PHI
Bill Cartwright,1994-95,1502000,OKC
Bill Curley,1994-95,702000,DET
Billy Owens,1994-95,2867000,MIA
Bimbo Coles,1994-95,902000,MIA
Bison Dele,1994-95,2000000,DEN
Blair Rasmussen,1994-95,2747500,ATL
Blue Edwards,1994-95,1700000,BOS
Bo Kimble,1994-95,1435000,NYK
Bo Outlaw,1994-95,250000,LAC
Bob Martin,1994-95,250000,LAC
Bobby Hurley,1994-95,2100000,SAC
Bobby Phills,1994-95,1458000,CLE
Brad Daugherty,1994-95,3800000,CLE
Brad Lohaus,1994-95,325000,MIA
Brent Price,1994-95,328750,WAS
Brian Grant,1994-95,808000,SAC
Brian Oliver,1994-95,150000,WAS
Bryant Stith,1994-95,1375000,DEN
Bryon Russell,1994-95,265000,UTA
Buck Williams,1994-95,3200000,POR
Byron Houston,1994-95,700000,OKC
Calbert Cheaney,1994-95,2400000,WAS
Carl Herrera,1994-95,1350000,HOU
Carlos Rogers,1994-95,715000,GSW
Cedric Ceballos,1994-95,1750000,LAL
Charles Barkley,1994-95,4030000,PHO
Charles Oakley,1994-95,2200000,NYK
Charles Smith,1994-95,2857000,NYK
Charlie Ward,1994-95,555000,NYK
Chris Dudley,1994-95,3500000,POR
Chris Gatling,1994-95,1330000,GSW
Chris Jent,1994-95,250000,HOU
Chris Mills,1994-95,845000,CLE
Chris Mullin,1994-95,2844000,GSW
Chris Webber,1994-95,2080000,WAS
Chris Whitney,1994-95,182900,SAS
Chuck Person,1994-95,1300000,SAS
Clarence Weatherspoon,1994-95,4000000,PHI
Cliff Levingston,1994-95,650000,DEN
Clifford Robinson,1994-95,2732000,POR
Clifford Rozier,1994-95,650000,GSW
Clyde Drexler,1994-95,1578000,POR
Corey Crowder,1994-95,142982,SAS
Craig Ehlo,1994-95,2650000,ATL
Dale Ellis,1994-95,1007500,DEN
Dan Majerle,1994-95,3000000,PHO
Dana Barros,1994-95,937500,PHI
Danny Ainge,1994-95,2080000,PHO
Danny Ferry,1994-95,4042000,CLE
Danny Manning,1994-95,1000000,PHO
Danny Schayes,1994-95,672000,PHO
Danny Young,1994-95,150000,MIL
Darnell Mee,1994-95,250000,DEN
Darrin Hancock,1994-95,150000,CHA
Dave Jamerson,1994-95,104000,HOU
David Benoit,1994-95,1000000,UTA
David Robinson,1994-95,7300000,SAS
David Wesley,1994-95,250000,BOS
David Wingate,1994-95,570000,CHA
David Wood,1994-95,150000,GSW
Dee Brown,1994-95,2500000,BOS
Dell Curry,1994-95,1340000,CHA
Dennis Rodman,1994-95,2500000,SAS
Derek Harper,1994-95,2382700,NYK
Derek Strong,1994-95,500000,BOS
Derrick Alston,1994-95,150000,PHI
Detlef Schrempf,1994-95,5000000,OKC
Dikembe Mutombo,1994-95,3100000,DEN
Dino Radja,1994-95,2145000,BOS
Doc Rivers,1994-95,109750,SAS
Dominique Wilkins,1994-95,2820000,BOS
Don MacLean,1994-95,740000,WAS
Donald Hodge,1994-95,1005000,DAL
Dontonio Wingfield,1994-95,150000,OKC
Doug Christie,1994-95,1244000,NYK
Doug Edwards,1994-95,845000,ATL
Doug Lee,1994-95,150000,SAC
Doug Overton,1994-95,550000,WAS
Doug Smith,1994-95,1950000,DAL
Duane Causwell,1994-95,1545000,SAC
Dwayne Morton,1994-95,150000,GSW
Ed Pinckney,1994-95,1485000,MIL
Eddie Jones,1994-95,1300000,LAL
Elden Campbell,1994-95,2100000,LAL
Elliot Perry,1994-95,250000,PHO
Elmore Spencer,1994-95,700000,LAC
Eric Leckner,1994-95,350000,DET
Eric Mobley,1994-95,620000,MIL
Eric Montross,1994-95,800000,BOS
Eric Murdock,1994-95,1000000,MIL
Eric Piatkowski,1994-95,962500,LAC
Eric Riley,1994-95,305000,HOU
Ervin Johnson,1994-95,716600,OKC
Felton Spencer,1994-95,1881250,UTA
Frank Brickowski,1994-95,2233000,SAC
Fred Vinson,1994-95,150000,ATL
Gary Alexander,1994-95,150000,CLE
Gary Grant,1994-95,1100000,LAC
Gary Payton,1994-95,2583300,OKC
George Lynch,1994-95,1430000,LAL
Gerald Madkins,1994-95,615000,CLE
Gerald Wilkins,1994-95,2478000,CLE
Gheorghe Muresan,1994-95,1150000,WAS
Glen Rice,1994-95,2600000,MIA
Glenn Robinson,1994-95,2900000,MIL
Grant Hill,1994-95,2750000,DET
Grant Long,1994-95,1485300,ATL
Greg Anderson,1994-95,400000,DET
Greg Anthony,1994-95,1471000,NYK
Greg Dreiling,1994-95,150000,CLE
Greg Graham,1994-95,910000,PHI
Greg Minor,1994-95,250000,BOS
Greg Sutton,1994-95,139500,CHA
Hakeem Olajuwon,1994-95,3169900,HOU
Harold Ellis,1994-95,250000,LAC
Harold Miner,1994-95,1459000,MIA
Harvey Grant,1994-95,2990000,POR
Henry Turner,1994-95,180000,SAC
Herb Williams,1994-95,1000000,NYK
Hersey Hawkins,1994-95,2500000,CHA
Hot Rod Williams,1994-95,3786000,CLE
Hubert Davis,1994-95,940000,NYK
Ivano Newbill,1994-95,150000,DET
J.R. Reid,1994-95,2215000,SAS
Jack Haley,1994-95,150000,SAS
Jalen Rose,1994-95,975000,DEN
Jamal Mashburn,1994-95,2633300,DAL
James Edwards,1994-95,325000,POR
James Robinson,1994-95,845000,POR
Jamie Watson,1994-95,150000,UTA
Jaren Jackson,1994-95,140350,PHI
Jason Kidd,1994-95,2770800,DAL
Jay Humphries,1994-95,1900000,UTA
Jeff Hornacek,1994-95,2121400,UTA
Jeff Malone,1994-95,1930000,PHI
Jerome Kersey,1994-95,3608000,POR
Jim Jackson,1994-95,2700000,DAL
Jim Les,1994-95,250000,ATL
Jim McIlvaine,1994-95,200000,WAS
Joe Courtney,1994-95,13158,CHA
Joe Dumars,1994-95,1096700,DET
Joe Kleine,1994-95,845000,PHO
Joe Wolf,1994-95,150000,CHA
John Battle,1994-95,1330000,CLE
John Crotty,1994-95,250000,UTA
John Salley,1994-95,2652000,MIA
John Starks,1994-95,1362500,NYK
John Stockton,1994-95,2600000,UTA
Johnny Dawkins,1994-95,1680000,PHI
Johnny Newman,1994-95,300000,MIL
Jon Barry,1994-95,800000,MIL
Jon Koncak,1994-95,2600000,ATL
Julius Nwosu,1994-95,150000,SAS
Juwan Howard,1994-95,1309000,WAS
Karl Malone,1994-95,3378800,UTA
Keith Askins,1994-95,406000,MIA
Keith Jennings,1994-95,350000,GSW
Ken Norman,1994-95,1963000,ATL
Kendall Gill,1994-95,2600000,OKC
Kenny Gattison,1994-95,1250000,CHA
Kenny Smith,1994-95,2633000,HOU
Kenny Walker,1994-95,150000,WAS
Kevin Brooks,1994-95,600000,DEN
Kevin Duckworth,1994-95,2612500,WAS
Kevin Gamble,1994-95,650000,MIA
Kevin Johnson,1994-95,2750000,PHO
Kevin Willis,1994-95,2975000,MIA
Khalid Reeves,1994-95,1300000,MIA
LaPhonso Ellis,1994-95,2731000,DEN
Lamond Murray,1994-95,2000000,LAC
Larry Johnson,1994-95,3710000,CHA
Larry Robinson,1994-95,30000,HOU
Larry Stewart,1994-95,700000,WAS
Latrell Sprewell,1994-95,890000,GSW
Ledell Eackles,1994-95,150000,MIA
Lee Mayberry,1994-95,820000,MIL
Lindsey Hunter,1994-95,1173000,DET
Lionel Simmons,1994-95,2181400,SAC
Lloyd Daniels,1994-95,250000,SAS
Lorenzo Williams,1994-95,200000,DAL
Loy Vaught,1994-95,2750000,LAC
Lucious Harris,1994-95,455000,DAL
Luther Wright,1994-95,845000,UTA
Mahmoud Abdul-Rauf,1994-95,2200000,DEN
Malik Sealy,1994-95,1260000,LAC
Manute Bol,1994-95,200000,GSW
Mario Elie,1994-95,1450000,HOU
Mark Bryant,1994-95,1400000,POR
Mark Macon,1994-95,1767000,DET
Mark Price,1994-95,3200000,CLE
Mark West,1994-95,1500000,DET
Marty Conlon,1994-95,182500,MIL
Matt Fish,1994-95,150000,LAC
Matt Geiger,1994-95,1402000,MIA
Matt Wenstrom,1994-95,150000,BOS
Michael Adams,1994-95,1240000,CHA
Michael Cage,1994-95,1635000,CLE
Michael Smith,1994-95,150000,SAC
Mike Gminski,1994-95,1000000,MIL
Mitch Richmond,1994-95,3000000,SAC
Mitchell Butler,1994-95,400000,WAS
Monty Williams,1994-95,650000,NYK
Mookie Blaylock,1994-95,2100000,ATL
Morlon Wiley,1994-95,310000,DAL
Moses Malone,1994-95,468750,SAS
Muggsy Bogues,1994-95,1125000,CHA
Nate McMillan,1994-95,1060000,OKC
Negele Knight,1994-95,150000,POR
Nick Van Exel,1994-95,1900000,LAL
Olden Polynice,1994-95,1900000,SAC
Oliver Miller,1994-95,1540000,DET
Orlando Woolridge,1994-95,2367000,MIL
Otis Thorpe,1994-95,2578400,HOU
Patrick Ewing,1994-95,4486700,NYK
Pervis Ellison,1994-95,1100000,BOS
Pete Chilcutt,1994-95,126300,HOU
Pooh Richardson,1994-95,2120700,LAC
Popeye Jones,1994-95,769000,DAL
Rafael Addison,1994-95,250000,DET
Randy Brown,1994-95,700000,SAC
Randy Woods,1994-95,800000,LAC
Reggie Slater,1994-95,150000,DEN
Reggie Williams,1994-95,1567500,DEN
Rex Chapman,1994-95,2004500,WAS
Rich King,1994-95,800000,OKC
Richard Petruska,1994-95,55000,HOU
Rick Fox,1994-95,1750000,BOS
Ricky Pierce,1994-95,2500000,GSW
Robert Horry,1994-95,1499000,HOU
Robert Pack,1994-95,1059500,DEN
Robert Parish,1994-95,1925000,CHA
Rod Higgins,1994-95,15800,GSW
Rod Strickland,1994-95,1920000,POR
Rodney Rogers,1994-95,1560000,DEN
Rolando Blackman,1994-95,1340000,NYK
Ron Grandison,1994-95,150000,NYK
Rony Seikaly,1994-95,3297000,GSW
Roy Hinson,1994-95,1137500,MIL
Roy Tarpley,1994-95,3000000,DAL
Sam Bowie,1994-95,3200000,LAL
Sam Cassell,1994-95,845000,HOU
Sam Perkins,1994-95,4126600,OKC
Sarunas Marciulionis,1994-95,2100000,OKC
Scott Brooks,1994-95,550000,HOU
Scott Burrell,1994-95,845000,CHA
Scott Skiles,1994-95,2125000,WAS
Scott Williams,1994-95,1500000,PHI
Sean Elliott,1994-95,1350000,SAS
Sedale Threatt,1994-95,2400000,LAL
Sergei Bazarevich,1994-95,168000,ATL
Sharone Wright,1994-95,2020000,PHI
Shawn Bradley,1994-95,3510000,PHI
Shawn Kemp,1994-95,1000000,OKC
Sherman Douglas,1994-95,2731000,BOS
Spud Webb,1994-95,2071600,SAC
Stacey Augmon,1994-95,1662500,ATL
Stanley Roberts,1994-95,3496000,LAC
Steve Colter,1994-95,150000,CLE
Steve Scheffler,1994-95,275000,OKC
Steve Smith,1994-95,1935900,ATL
Stojko Vrankovic,1994-95,831000,BOS
Tate George,1994-95,5260,PHI
Terrell Brandon,1994-95,997000,CLE
Terry Cummings,1994-95,2406600,SAS
Terry Davis,1994-95,1560000,DAL
Terry Dehere,1994-95,1365000,LAC
Terry Mills,1994-95,1897000,DET
Terry Porter,1994-95,2600000,POR
Tim Breaux,1994-95,150000,HOU
Tim Hardaway,1994-95,3703000,GSW
Tim McCormick,1994-95,225000,NYK
Tim Perry,1994-95,1750000,PHI
Todd Day,1994-95,2120000,MIL
Todd Mundt,1994-95,9660,MIL
Tom Chambers,1994-95,1700000,UTA
Tom Gugliotta,1994-95,1625000,GSW
Tom Hammonds,1994-95,700000,DEN
Tom Hovasse,1994-95,6140,ATL
Tom Tolbert,1994-95,325000,CHA
Tony Bennett,1994-95,224000,CHA
Tony Campbell,1994-95,650000,CLE
Tony Dumas,1994-95,700000,DAL
Tony Harris,1994-95,150000,BOS
Tony Massenburg,1994-95,422500,LAC
Tony Smith,1994-95,1050000,LAL
Tracy Murray,1994-95,1160000,POR
Trevor Ruffin,1994-95,143860,PHO
Trevor Wilson,1994-95,500000,SAC
Tyrone Corbin,1994-95,1600000,ATL
Tyrone Hill,1994-95,2820000,CLE
Vernon Maxwell,1994-95,1833000,HOU
Victor Alexander,1994-95,1377500,GSW
Vin Baker,1994-95,1065300,MIL
Vincent Askew,1994-95,1460000,OKC
Vinny Del Negro,1994-95,1471000,SAS
Vlade Divac,1994-95,3333300,LAL
Walt Williams,1994-95,2040000,SAC
Walter Bond,1994-95,57900,UTA
Wayman Tisdale,1994-95,850000,PHO
Wesley Person,1994-95,650000,PHO
Willie Anderson,1994-95,2075000,SAS
Willie Burton,1994-95,150000,PHI
Xavier McDaniel,1994-95,2640000,BOS
Zan Tabak,1994-95,500000,HOU
A.C. Green,1995-96,6473000,PHO
Aaron McKie,1995-96,845000,POR
Acie Earl,1995-96,1040000,TOR
Adam Keefe,1995-96,1650000,UTA
Adrian Caldwell,1995-96,225000,IND
Alan Henderson,1995-96,791000,ATL
Alonzo Mourning,1995-96,4560000,MIA
Alton Lister,1995-96,300000,BOS
Alvin Robertson,1995-96,225000,TOR
Andrew DeClercq,1995-96,230000,GSW
Andrew Lang,1995-96,1964000,ATL
Andy Toolson,1995-96,310000,UTA
Anfernee Hardaway,1995-96,5230000,ORL
Anthony Avent,1995-96,950000,MEM
Anthony Bowie,1995-96,370000,ORL
Anthony Cook,1995-96,225000,POR
Anthony Mason,1995-96,3472000,NYK
Anthony Miller,1995-96,550000,LAL
Anthony Peeler,1995-96,1330000,LAL
Anthony Tucker,1995-96,225000,NYK
Antoine Carr,1995-96,2525000,UTA
Antonio Davis,1995-96,800000,IND
Antonio Harvey,1995-96,400000,MEM
Antonio Lang,1995-96,423000,CLE
Antonio McDyess,1995-96,2213000,DEN
Armen Gilliam,1995-96,1920000,NJN
Arvydas Sabonis,1995-96,2200000,POR
Ashraf Amaya,1995-96,225000,MEM
Avery Johnson,1995-96,845000,SAS
B.J. Armstrong,1995-96,2400000,GSW
B.J. Tyler,1995-96,845000,TOR
Benoit Benjamin,1995-96,3975000,MIL
Bill Curley,1995-96,913000,POR
Bill Wennington,1995-96,1000000,CHI
Billy Owens,1995-96,3320000,MIA
Bimbo Coles,1995-96,1002000,MIA
Bison Dele,1995-96,2200000,LAC
Blair Rasmussen,1995-96,3088000,ATL
Blue Edwards,1995-96,1900000,MEM
Bo Outlaw,1995-96,500000,LAC
Bob McCann,1995-96,300000,WAS
Bob Sura,1995-96,752000,CLE
Bobby Hurley,1995-96,2584000,SAC
Bobby Phills,1995-96,1658000,CLE
Brad Daugherty,1995-96,4700000,CLE
Brad Lohaus,1995-96,485000,SAS
Brent Barry,1995-96,833000,LAC
Brent Price,1995-96,250000,WAS
Brian Grant,1995-96,1050000,SAC
Brian Shaw,1995-96,4250000,ORL
Brooks Thompson,1995-96,825000,ORL
Bryant Reeves,1995-96,1474000,MEM
Bryant Stith,1995-96,1550000,DEN
Bryon Russell,1995-96,300000,UTA
Buck Williams,1995-96,3400000,POR
Byron Houston,1995-96,800000,SAC
Byron Scott,1995-96,1650000,MEM
Calbert Cheaney,1995-96,2800000,WAS
Carl Herrera,1995-96,1300000,SAS
Carlos Rogers,1995-96,930000,TOR
Cedric Ceballos,1995-96,2245000,LAL
Charles Barkley,1995-96,4760000,PHO
Charles Jones,1995-96,350000,HOU
Charles Oakley,1995-96,2400000,NYK
Charles Smith,1995-96,3357000,NYK
Charlie Ward,1995-96,722000,NYK
Cherokee Parks,1995-96,971000,DAL
Chris Carr,1995-96,200000,PHO
Chris Childs,1995-96,350000,NJN
Chris Dudley,1995-96,3800000,POR
Chris Gatling,1995-96,1540000,GSW
Chris King,1995-96,225000,MEM
Chris Mills,1995-96,1040000,CLE
Chris Morris,1995-96,2500000,UTA
Chris Mullin,1995-96,2844000,GSW
Chris Webber,1995-96,7000000,WAS
Christian Laettner,1995-96,3910000,MIN
Chuck Person,1995-96,1690000,SAS
Chucky Brown,1995-96,425000,HOU
Clifford Robinson,1995-96,3018000,POR
Clifford Rozier,1995-96,845000,GSW
Clint McDaniel,1995-96,200000,SAC
Clyde Drexler,1995-96,9810000,HOU
Corie Blount,1995-96,1040000,LAL
Corliss Williamson,1995-96,923000,SAC
Cory Alexander,1995-96,490000,SAS
Craig Ehlo,1995-96,1855000,ATL
Dale Davis,1995-96,4050000,IND
Dale Ellis,1995-96,1310000,DEN
Damon Stoudamire,1995-96,1345000,TOR
Dan Majerle,1995-96,3100000,CLE
Dana Barros,1995-96,3300000,BOS
Danny Ferry,1995-96,4643000,CLE
Danny Manning,1995-96,6833000,PHO
Darrell Armstrong,1995-96,350000,ORL
Darrick Martin,1995-96,425000,MEM
Darrin Hancock,1995-96,225000,CHA
David Benoit,1995-96,1200000,UTA
David Robinson,1995-96,7700000,SAS
David Vaughn,1995-96,534000,ORL
David Wesley,1995-96,300000,BOS
David Wingate,1995-96,560000,OKC
David Wood,1995-96,350000,GSW
Dee Brown,1995-96,3000000,BOS
Dell Curry,1995-96,1570000,CHA
Dell Demps,1995-96,225000,SAS
Dennis Rodman,1995-96,2500000,CHI
Dennis Scott,1995-96,3150000,ORL
Derek Harper,1995-96,2837000,NYK
Derek Strong,1995-96,1000000,LAL
Derrick Alston,1995-96,350000,PHI
Derrick Coleman,1995-96,5476000,PHI
Derrick McKey,1995-96,2800000,IND
Detlef Schrempf,1995-96,5000000,OKC
Dickey Simpkins,1995-96,845000,CHI
Dikembe Mutombo,1995-96,3250000,DEN
Dino Radja,1995-96,2640000,BOS
Doc Rivers,1995-96,1150000,SAS
Don MacLean,1995-96,925000,DEN
Donald Hodge,1995-96,1200000,DAL
Donald Royal,1995-96,1500000,ORL
Donnie Boyce,1995-96,250000,ATL
Donny Marshall,1995-96,200000,CLE
Dontonio Wingfield,1995-96,225000,POR
Donyell Marshall,1995-96,2730000,GSW
Doug Christie,1995-96,1466000,NYK
Doug Edwards,1995-96,1040000,MEM
Doug Overton,1995-96,600000,DEN
Doug Smith,1995-96,450000,BOS
Doug West,1995-96,1900000,MIN
Duane Causwell,1995-96,1830000,SAC
Duane Ferrell,1995-96,845000,IND
Dwayne Schintzius,1995-96,225000,IND
Ed O\'Bannon,1995-96,1133000,NJN
Ed Pinckney,1995-96,1926000,TOR
Eddie Johnson,1995-96,1000000,IND
Eddie Jones,1995-96,1600000,LAL
Elden Campbell,1995-96,2200000,LAL
Eldridge Recasner,1995-96,225000,HOU
Elliot Perry,1995-96,2025000,PHO
Eric Mobley,1995-96,1328000,MEM
Eric Montross,1995-96,1040000,BOS
Eric Murdock,1995-96,2000000,MEM
Eric Piatkowski,1995-96,1138000,LAC
Eric Riley,1995-96,300000,MIN
Eric Snow,1995-96,200000,OKC
Eric Williams,1995-96,876000,BOS
Ervin Johnson,1995-96,767000,OKC
Felton Spencer,1995-96,2181000,UTA
Frank Brickowski,1995-96,3250000,OKC
Frankie King,1995-96,200000,LAL
Fred Hoiberg,1995-96,200000,IND
Fred Roberts,1995-96,225000,LAL
Gary Grant,1995-96,500000,NYK
Gary Payton,1995-96,2783000,OKC
Gary Trent,1995-96,1022000,POR
George Lynch,1995-96,1760000,LAL
George McCloud,1995-96,950000,DAL
George Zidek,1995-96,603000,CHA
Gerald Glass,1995-96,475000,NJN
Gerald Wilkins,1995-96,2478000,MEM
Gheorghe Muresan,1995-96,1963000,WAS
Glen Rice,1995-96,3302000,CHA
Glenn Robinson,1995-96,3770000,MIL
Grant Long,1995-96,1860000,ATL
Greg Anderson,1995-96,485000,SAS
Greg Anthony,1995-96,1673000,MEM
Greg Foster,1995-96,350000,UTA
Greg Graham,1995-96,1120000,NJN
Greg Minor,1995-96,325000,BOS
Greg Ostertag,1995-96,498000,UTA
Greg Sutton,1995-96,250000,CHA
Hakeem Olajuwon,1995-96,5305000,HOU
Harold Miner,1995-96,1733000,CLE
Harvey Grant,1995-96,3551000,POR
Haywoode Workman,1995-96,900000,IND
Herb Williams,1995-96,1300000,NYK
Hersey Hawkins,1995-96,2500000,OKC
Horace Grant,1995-96,2763000,ORL
Hot Rod Williams,1995-96,4151000,PHO
Hubert Davis,1995-96,1116000,NYK
Isaiah Rider,1995-96,3010000,MIN
J.R. Reid,1995-96,2658000,SAS
Jack Haley,1995-96,225000,CHI
Jalen Rose,1995-96,1268000,DEN
Jamal Mashburn,1995-96,3233000,DAL
James Edwards,1995-96,225000,CHI
James Robinson,1995-96,1040000,POR
Jamie Watson,1995-96,1000000,UTA
Jason Caffey,1995-96,627000,CHI
Jason Kidd,1995-96,3588000,DAL
Jayson Williams,1995-96,2000000,NJN
Jeff Hornacek,1995-96,2121000,UTA
Jeff Malone,1995-96,2380000,PHI
Jeff Turner,1995-96,1300000,ORL
Jerome Allen,1995-96,200000,MIN
Jerome Kersey,1995-96,255000,GSW
Jerry Stackhouse,1995-96,1987000,PHI
Jim Jackson,1995-96,3200000,DAL
Jim McIlvaine,1995-96,525000,WAS
Jimmy King,1995-96,300000,TOR
Joe Courtney,1995-96,225000,CLE
Joe Kleine,1995-96,1040000,PHO
Joe Smith,1995-96,2473000,GSW
Joe Wolf,1995-96,225000,ORL
John Amaechi,1995-96,200000,CLE
John Coker,1995-96,200000,PHO
John Crotty,1995-96,350000,CLE
John Salley,1995-96,2402000,TOR
John Starks,1995-96,1613000,NYK
John Stockton,1995-96,2800000,UTA
Johnny Newman,1995-96,1100000,MIL
Jon Barry,1995-96,275000,GSW
Jon Koncak,1995-96,1000000,ORL
Jud Buechler,1995-96,300000,CHI
Junior Burrough,1995-96,300000,BOS
Juwan Howard,1995-96,1702000,WAS
Karl Malone,1995-96,3676000,UTA
Keith Askins,1995-96,550000,MIA
Keith Tower,1995-96,263000,LAC
Ken Norman,1995-96,2416000,ATL
Kendall Gill,1995-96,3200000,CHA
Kenny Anderson,1995-96,3898000,NJN
Kenny Gattison,1995-96,1450000,MEM
Kenny Smith,1995-96,2683000,HOU
Kevin Duckworth,1995-96,2863000,MIL
Kevin Edwards,1995-96,1920000,NJN
Kevin Gamble,1995-96,845000,MIA
Kevin Garnett,1995-96,1622000,MIN
Kevin Johnson,1995-96,2900000,PHO
Kevin Willis,1995-96,3650000,MIA
Khalid Reeves,1995-96,1602000,CHA
Kurt Thomas,1995-96,1071000,MIA
LaPhonso Ellis,1995-96,3039000,DEN
Lamond Murray,1995-96,2400000,LAC
Larry Johnson,1995-96,4295000,CHA
Latrell Sprewell,1995-96,975000,GSW
Lawrence Moten,1995-96,280000,MEM
LeRon Ellis,1995-96,400000,MIA
Lee Mayberry,1995-96,965000,MIL
Lionel Simmons,1995-96,2676000,SAC
Logan Vander Velden,1995-96,200000,LAC
Loren Meyer,1995-96,556000,DAL
Lorenzo Williams,1995-96,1550000,DAL
Loy Vaught,1995-96,3000000,LAC
Luc Longley,1995-96,2300000,CHI
Lucious Harris,1995-96,725000,DAL
Mahmoud Abdul-Rauf,1995-96,2600000,DEN
Malik Sealy,1995-96,1495000,LAC
Mario Bennett,1995-96,480000,PHO
Mario Elie,1995-96,1450000,HOU
Mark Bryant,1995-96,1000000,HOU
Mark Davis,1995-96,200000,MIN
Mark Jackson,1995-96,2600000,IND
Mark Price,1995-96,3687000,WAS
Marques Bragg,1995-96,225000,MIN
Martin Lewis,1995-96,200000,TOR
Marty Conlon,1995-96,1165000,MIL
Matt Bullard,1995-96,225000,ATL
Matt Geiger,1995-96,1532000,CHA
Michael Cage,1995-96,2126000,CLE
Michael Finley,1995-96,628000,PHO
Michael Jordan,1995-96,3850000,CHI
Michael Smith,1995-96,1340000,SAC
Micheal Williams,1995-96,2375000,MIN
Mitch Richmond,1995-96,3500000,SAC
Mitchell Butler,1995-96,500000,WAS
Monty Williams,1995-96,845000,NYK
Mookie Blaylock,1995-96,2500000,ATL
Muggsy Bogues,1995-96,1350000,CHA
Nate McMillan,1995-96,1265000,OKC
Nick Anderson,1995-96,3200000,ORL
Nick Van Exel,1995-96,1900000,LAL
Olden Polynice,1995-96,2520000,SAC
Oliver Miller,1995-96,2372000,TOR
P.J. Brown,1995-96,960000,NJN
Patrick Ewing,1995-96,18724000,NYK
Pervis Ellison,1995-96,1430000,BOS
Pete Chilcutt,1995-96,700000,HOU
Pete Myers,1995-96,600000,MIA
Pooh Richardson,1995-96,2521000,LAC
Popeye Jones,1995-96,1425000,DAL
Rafael Addison,1995-96,360000,CHA
Randolph Childress,1995-96,682000,POR
Randolph Keys,1995-96,363000,MIL
Randy Brown,1995-96,900000,CHI
Rasheed Wallace,1995-96,1493000,WAS
Rastko Cvetkovic,1995-96,200000,DEN
Reggie Miller,1995-96,3211000,IND
Reggie Williams,1995-96,1853000,DEN
Rex Chapman,1995-96,2004000,MIA
Rex Walters,1995-96,1040000,PHI
Richard Dumas,1995-96,225000,PHI
Rick Fox,1995-96,1750000,BOS
Rick Mahorn,1995-96,400000,NJN
Ricky Pierce,1995-96,1000000,IND
Rik Smits,1995-96,3750000,IND
Robert Horry,1995-96,1601000,HOU
Robert Pack,1995-96,1304000,WAS
Robert Parish,1995-96,2500000,CHA
Robert Werdann,1995-96,225000,NJN
Rod Strickland,1995-96,2280000,POR
Rodney Rogers,1995-96,1920000,LAC
Ron Grandison,1995-96,225000,MIA
Ron Harper,1995-96,3120000,CHI
Rony Seikaly,1995-96,3532000,GSW
Roy Tarpley,1995-96,775000,DAL
Sam Cassell,1995-96,1040000,HOU
Sam Mitchell,1995-96,1000000,MIN
Sam Perkins,1995-96,3967000,OKC
Sarunas Marciulionis,1995-96,2400000,SAC
Sasha Danilovic,1995-96,1455000,MIA
Scott Brooks,1995-96,750000,DAL
Scott Burrell,1995-96,1040000,CHA
Scott Haskin,1995-96,1313000,IND
Scott Williams,1995-96,1950000,PHI
Scottie Pippen,1995-96,2925000,CHI
Sean Elliott,1995-96,5333000,SAS
Sean Higgins,1995-96,500000,PHI
Sean Rooks,1995-96,1200000,MIN
Sedale Threatt,1995-96,2400000,LAL
Shaquille O\'Neal,1995-96,5700000,ORL
Sharone Wright,1995-96,2500000,PHI
Shawn Bradley,1995-96,4320000,NJN
Shawn Kemp,1995-96,3000000,OKC
Shawn Respert,1995-96,1232000,MIL
Sherell Ford,1995-96,500000,OKC
Sherman Douglas,1995-96,3163000,MIL
Spud Webb,1995-96,1800000,ATL
Stacey Augmon,1995-96,2160000,ATL
Stacey King,1995-96,600000,MIA
Stanley Roberts,1995-96,3000000,LAC
Stefano Rusconi,1995-96,415000,PHO
Steve Kerr,1995-96,800000,CHI
Steve Scheffler,1995-96,250000,OKC
Steve Smith,1995-96,2568000,ATL
Terrell Brandon,1995-96,1155000,CLE
Terrence Rencher,1995-96,200000,MIA
Terry Cummings,1995-96,650000,MIL
Terry Davis,1995-96,1920000,DAL
Terry Dehere,1995-96,1680000,LAC
Terry Porter,1995-96,1525000,MIN
Tim Breaux,1995-96,225000,HOU
Tim Hardaway,1995-96,3728000,GSW
Tim Legler,1995-96,250000,WAS
Tim Perry,1995-96,1950000,NJN
Todd Day,1995-96,2518000,BOS
Todd Mundt,1995-96,225000,ATL
Tom Gugliotta,1995-96,4500000,MIN
Tom Hammonds,1995-96,970000,DEN
Toni Kukoc,1995-96,3560000,CHI
Tony Dumas,1995-96,910000,DAL
Tony Massenburg,1995-96,550000,TOR
Tony Smith,1995-96,500000,PHO
Tracy Murray,1995-96,250000,TOR
Travis Best,1995-96,580000,IND
Tyrone Corbin,1995-96,1700000,SAC
Tyrone Hill,1995-96,3425000,CLE
Tyus Edney,1995-96,210000,SAC
Vern Fleming,1995-96,700000,NJN
Vernon Maxwell,1995-96,1000000,PHI
Victor Alexander,1995-96,1595000,TOR
Vin Baker,1995-96,3765000,MIL
Vincent Askew,1995-96,1810000,OKC
Vincenzo Esposito,1995-96,500000,TOR
Vinny Del Negro,1995-96,1747000,SAS
Vlade Divac,1995-96,3333000,LAL
Walt Williams,1995-96,2423000,SAC
Wayman Tisdale,1995-96,3475000,PHO
Wesley Person,1995-96,845000,PHO
Will Perdue,1995-96,1340000,SAS
Willie Anderson,1995-96,2075000,TOR
Yinka Dare,1995-96,1184000,NJN
Zan Tabak,1995-96,650000,TOR
A.C. Green,1996-97,4851000,DAL
Aaron McKie,1996-97,1040000,POR
Aaron Williams,1996-97,169000,DEN
Acie Earl,1996-97,1235000,TOR
Adam Keefe,1996-97,1950000,UTA
Alan Henderson,1996-97,910000,ATL
Allan Houston,1996-97,5000000,NYK
Allen Iverson,1996-97,2267000,PHI
Alonzo Mourning,1996-97,9380000,MIA
Alton Lister,1996-97,500000,BOS
Amal McCaskill,1996-97,220000,ORL
Andrew DeClercq,1996-97,276000,GSW
Andrew Lang,1996-97,2332000,MIL
Anfernee Hardaway,1996-97,6655000,ORL
Anthony Peeler,1996-97,1540000,MEM
Antoine Carr,1996-97,2300000,UTA
Antoine Walker,1996-97,1620000,BOS
Antonio Davis,1996-97,5200000,IND
Antonio Harvey,1996-97,247500,OKC
Antonio Lang,1996-97,520000,CLE
Antonio McDyess,1996-97,2545000,DEN
Armen Gilliam,1996-97,2317000,MIL
Arvydas Sabonis,1996-97,2640000,POR
Ashraf Amaya,1996-97,247500,WAS
Avery Johnson,1996-97,1040000,SAS
B.J. Armstrong,1996-97,2400000,GSW
B.J. Tyler,1996-97,1040000,TOR
Ben Davis,1996-97,220000,PHO
Ben Wallace,1996-97,247500,WAS
Bill Wennington,1996-97,1000000,CHI
Billy Owens,1996-97,3773000,SAC
Bimbo Coles,1996-97,1400000,GSW
Blue Edwards,1996-97,2100000,MEM
Bo Outlaw,1996-97,600000,LAC
Bob Sura,1996-97,864000,CLE
Bobby Hurley,1996-97,3068000,SAC
Bobby Phills,1996-97,1808000,CLE
Brent Barry,1996-97,958000,LAC
Brent Price,1996-97,1600000,HOU
Brent Scott,1996-97,247500,IND
Brett Szabo,1996-97,220000,BOS
Brian Evans,1996-97,551000,ORL
Brian Grant,1996-97,1293000,SAC
Brian Shaw,1996-97,4000000,ORL
Brooks Thompson,1996-97,1118000,UTA
Bryant Reeves,1996-97,1695000,MEM
Bryant Stith,1996-97,3400000,DEN
Bryon Russell,1996-97,385000,UTA
Buck Williams,1996-97,1193000,NYK
Byron Scott,1996-97,247500,LAL
Calbert Cheaney,1996-97,3200000,WAS
Carl Herrera,1996-97,1550000,SAS
Carl Thomas,1996-97,247500,CLE
Carlos Rogers,1996-97,1144000,TOR
Cedric Ceballos,1996-97,2400000,LAL
Charles Barkley,1996-97,4695000,HOU
Charles Jones,1996-97,247500,HOU
Charles Oakley,1996-97,2600000,NYK
Charles Smith,1996-97,3557000,SAS
Charlie Ward,1996-97,888000,NYK
Chris Childs,1996-97,2600000,NYK
Chris Dudley,1996-97,4100000,POR
Chris Gatling,1996-97,3047000,DAL
Chris Jent,1996-97,247500,NYK
Chris Mills,1996-97,1235000,CLE
Chris Morris,1996-97,2500000,UTA
Chris Mullin,1996-97,2844000,GSW
Chris Robinson,1996-97,220000,MEM
Chris Webber,1996-97,8000000,WAS
Chris Whitney,1996-97,400000,WAS
Christian Laettner,1996-97,4500000,ATL
Chuck Person,1996-97,2060000,SAS
Chucky Brown,1996-97,500000,MIL
Clifford Robinson,1996-97,2924000,POR
Clifford Rozier,1996-97,1040000,ORL
Clyde Drexler,1996-97,5500000,HOU
Corie Blount,1996-97,1235000,LAL
Corliss Williamson,1996-97,1051000,SAC
Cory Alexander,1996-97,521000,SAS
Craig Ehlo,1996-97,360000,OKC
Dale Davis,1996-97,6508000,IND
Dale Ellis,1996-97,1600000,DEN
Damon Stoudamire,1996-97,1547000,TOR
Dan Majerle,1996-97,2350000,MIA
Dana Barros,1996-97,3400000,BOS
Danny Ferry,1996-97,4643000,CLE
Danny Manning,1996-97,6833000,PHO
Danny Schayes,1996-97,575000,ORL
Darrell Armstrong,1996-97,410000,ORL
Darrick Martin,1996-97,375000,LAC
Darrin Hancock,1996-97,247500,PHO
Darvin Ham,1996-97,220000,DEN
David Benoit,1996-97,508000,NJN
David Robinson,1996-97,9952000,SAS
David Vaughn,1996-97,614000,ORL
David Wesley,1996-97,350000,BOS
David Wingate,1996-97,560000,OKC
David Wood,1996-97,247500,MIL
Dee Brown,1996-97,3250000,BOS
Dennis Rodman,1996-97,9000000,CHI
Dennis Scott,1996-97,3000000,ORL
Derek Fisher,1996-97,612000,LAL
Derek Harper,1996-97,1300000,DAL
Derek Strong,1996-97,247500,ORL
Derrick Coleman,1996-97,6739000,PHI
Derrick McKey,1996-97,3000000,IND
Detlef Schrempf,1996-97,3333000,OKC
Devin Gray,1996-97,150200,SAC
Dickey Simpkins,1996-97,1040000,CHI
Dikembe Mutombo,1996-97,8013000,ATL
Dino Radja,1996-97,5313000,BOS
Dominique Wilkins,1996-97,247500,SAS
Don MacLean,1996-97,1780000,PHI
Don Reid,1996-97,400000,DET
Donald Royal,1996-97,1700000,GSW
Donald Whiteside,1996-97,220000,TOR
Donnie Boyce,1996-97,247500,ATL
Donny Marshall,1996-97,450000,CLE
Dontae\' Jones,1996-97,691000,NYK
Dontonio Wingfield,1996-97,500000,POR
Donyell Marshall,1996-97,3360000,GSW
Doug Christie,1996-97,1355000,TOR
Doug Edwards,1996-97,247500,MEM
Doug Overton,1996-97,247500,PHI
Duane Causwell,1996-97,2215000,SAC
Duane Ferrell,1996-97,1040000,IND
Dwayne Schintzius,1996-97,625000,LAC
Earl Cureton,1996-97,205200,TOR
Ed O\'Bannon,1996-97,1303000,NJN
Ed Pinckney,1996-97,300000,MIA
Eddie Johnson,1996-97,1200000,IND
Eddie Jones,1996-97,1800000,LAL
Elden Campbell,1996-97,7000000,LAL
Eldridge Recasner,1996-97,247500,ATL
Elliot Perry,1996-97,2000000,MIL
Emanual Davis,1996-97,220000,HOU
Eric Leckner,1996-97,247500,NYK
Eric Mobley,1996-97,992000,MEM
Eric Montross,1996-97,1280000,DAL
Eric Piatkowski,1996-97,1363000,LAC
Eric Snow,1996-97,247500,OKC
Eric Williams,1996-97,1008000,BOS
Erick Dampier,1996-97,1184000,IND
Erick Strickland,1996-97,220000,DAL
Ervin Johnson,1996-97,1636000,DEN
Felton Spencer,1996-97,2694000,GSW
Frank Brickowski,1996-97,1500000,BOS
Fred Hoiberg,1996-97,297000,IND
Fred Roberts,1996-97,247500,DAL
Gary Grant,1996-97,500000,MIA
Gary Payton,1996-97,10212000,OKC
Gary Trent,1996-97,1176000,POR
Gaylon Nickerson,1996-97,152900,SAS
George Lynch,1996-97,2090000,MEM
George McCloud,1996-97,1100000,DAL
Gerald Wilkins,1996-97,247500,ORL
Gheorghe Muresan,1996-97,2363000,WAS
Glenn Robinson,1996-97,4640000,MIL
Grant Hill,1996-97,5025000,DET
Grant Long,1996-97,2260000,DET
Greg Anderson,1996-97,584000,SAS
Greg Anthony,1996-97,1875000,MEM
Greg Dreiling,1996-97,247500,DAL
Greg Foster,1996-97,420000,UTA
Greg Graham,1996-97,1330000,OKC
Greg Minor,1996-97,1800000,BOS
Greg Ostertag,1996-97,573000,UTA
Hakeem Olajuwon,1996-97,9655000,HOU
Harvey Grant,1996-97,4111000,WAS
Haywoode Workman,1996-97,1080000,IND
Henry James,1996-97,181100,ATL
Herb Williams,1996-97,757000,NYK
Hersey Hawkins,1996-97,2604000,OKC
Horace Grant,1996-97,14857000,ORL
Hot Rod Williams,1996-97,4151000,PHO
Howard Eisley,1996-97,298000,UTA
Hubert Davis,1996-97,1295000,TOR
Isaac Austin,1996-97,247500,MIA
Isaiah Rider,1996-97,3610000,POR
Ivano Newbill,1996-97,247500,ATL
Jalen Rose,1996-97,1560000,IND
Jamal Mashburn,1996-97,3833000,DAL
James Scott,1996-97,220000,MIA
Jamie Watson,1996-97,1000000,UTA
Jaren Jackson,1996-97,247500,WAS
Jason Caffey,1996-97,700000,CHI
Jason Kidd,1996-97,4408000,PHO
Jayson Williams,1996-97,2250000,NJN
Jeff Hornacek,1996-97,2396000,UTA
Jermaine O\'Neal,1996-97,827000,POR
Jerome Allen,1996-97,247500,IND
Jerome Kersey,1996-97,247500,LAL
Jerome Williams,1996-97,568000,DET
Jerry Stackhouse,1996-97,2286000,PHI
Jim Jackson,1996-97,3900000,DAL
Jim McIlvaine,1996-97,3000000,OKC
Jimmy King,1996-97,330000,DAL
Joe Dumars,1996-97,3075000,DET
Joe Kleine,1996-97,1235000,PHO
Joe Smith,1996-97,2794000,GSW
Joe Wolf,1996-97,400000,MIL
John Long,1996-97,205200,TOR
John Salley,1996-97,2225000,TOR
John Starks,1996-97,1913000,NYK
John Stockton,1996-97,6000000,UTA
John Wallace,1996-97,785000,NYK
Johnny Newman,1996-97,1225000,MIL
Jon Barry,1996-97,247500,ATL
Jon Koncak,1996-97,1150000,GSW
Jud Buechler,1996-97,500000,CHI
Juwan Howard,1996-97,9750000,WAS
Karl Malone,1996-97,4657000,UTA
Keith Askins,1996-97,650000,MIA
Keith Jennings,1996-97,247500,DEN
Ken Norman,1996-97,2869000,ATL
Kendall Gill,1996-97,3800000,NJN
Kenny Anderson,1996-97,4175000,POR
Kenny Gattison,1996-97,1450000,UTA
Kenny Smith,1996-97,190100,ORL
Kerry Kittles,1996-97,1356000,NJN
Kevin Duckworth,1996-97,247500,LAC
Kevin Edwards,1996-97,2280000,NJN
Kevin Gamble,1996-97,1196000,SAC
Kevin Johnson,1996-97,7000000,PHO
Kevin Salvadori,1996-97,247500,SAC
Kevin Willis,1996-97,1500000,HOU
Khalid Reeves,1996-97,1752000,NJN
Kobe Bryant,1996-97,1015000,LAL
Kurt Thomas,1996-97,1238000,MIA
LaPhonso Ellis,1996-97,3294000,DEN
LaSalle Thompson,1996-97,247500,DEN
Lamond Murray,1996-97,2700000,LAC
Larry Johnson,1996-97,5004000,NYK
Larry Stewart,1996-97,247500,OKC
Latrell Sprewell,1996-97,7000000,GSW
Lawrence Moten,1996-97,321000,MEM
Lee Mayberry,1996-97,1100000,MEM
Lindsey Hunter,1996-97,1715000,DET
Lionel Simmons,1996-97,3194000,SAC
Litterial Green,1996-97,247500,DET
Lloyd Daniels,1996-97,184100,NJN
Loren Meyer,1996-97,639000,PHO
Lorenzen Wright,1996-97,1480000,LAC
Lorenzo Williams,1996-97,940000,WAS
Lou Roe,1996-97,247500,GSW
Loy Vaught,1996-97,3100000,LAC
Luc Longley,1996-97,2790000,CHI
Lucious Harris,1996-97,1200000,PHI
Mahmoud Abdul-Rauf,1996-97,3100000,SAC
Malik Sealy,1996-97,1732000,LAC
Marcus Brown,1996-97,220000,POR
Marcus Camby,1996-97,2434000,TOR
Mario Bennett,1996-97,555000,PHO
Mario Elie,1996-97,1400000,HOU
Mark Bradtke,1996-97,247500,PHI
Mark Bryant,1996-97,1150000,PHO
Mark Davis,1996-97,247500,PHI
Mark Hendrickson,1996-97,247000,PHI
Mark Jackson,1996-97,2900000,DEN
Mark Price,1996-97,3409000,GSW
Mark Strickland,1996-97,247500,MIA
Mark West,1996-97,2000000,CLE
Martin Muursepp,1996-97,401000,MIA
Marty Conlon,1996-97,1200000,PHO
Matt Bullard,1996-97,247500,HOU
Matt Fish,1996-97,247500,WAS
Matt Maloney,1996-97,247500,HOU
Michael Cage,1996-97,1473000,PHI
Michael Curry,1996-97,400000,DET
Michael Finley,1996-97,723000,DAL
Michael Jordan,1996-97,30140000,CHI
Michael Smith,1996-97,1570000,SAC
Mike Peplowski,1996-97,247500,GSW
Mitch Richmond,1996-97,3575000,SAC
Mitchell Butler,1996-97,600000,POR
Monty Williams,1996-97,1040000,SAS
Mookie Blaylock,1996-97,2800000,ATL
Nate McMillan,1996-97,1355000,OKC
Nick Anderson,1996-97,3790000,ORL
Nick Van Exel,1996-97,1900000,LAL
Olden Polynice,1996-97,3140000,SAC
Oliver Miller,1996-97,247500,DAL
Othella Harrington,1996-97,247500,HOU
Otis Thorpe,1996-97,7000000,DET
P.J. Brown,1996-97,2000000,MIA
Patrick Ewing,1996-97,3000000,NYK
Pervis Ellison,1996-97,1760000,BOS
Pete Chilcutt,1996-97,700000,MEM
Pooh Richardson,1996-97,2721000,LAC
Popeye Jones,1996-97,1581000,TOR
Priest Lauderdale,1996-97,548000,ATL
Randolph Childress,1996-97,784000,POR
Randy Brown,1996-97,1300000,CHI
Randy Livingston,1996-97,220000,HOU
Rasheed Wallace,1996-97,2060000,POR
Ray Allen,1996-97,1785000,MIL
Ray Owes,1996-97,220000,GSW
Reggie Geary,1996-97,220000,CLE
Reggie Jordan,1996-97,247500,POR
Reggie Miller,1996-97,11250000,IND
Reggie Williams,1996-97,2048000,NJN
Rex Chapman,1996-97,247500,PHO
Rex Walters,1996-97,1235000,PHI
Rich Manning,1996-97,247500,MEM
Rick Fox,1996-97,1750000,BOS
Rick Mahorn,1996-97,400000,DET
Ricky Pierce,1996-97,1200000,DEN
Rik Smits,1996-97,4000000,IND
Robert Horry,1996-97,1703000,PHO
Robert Pack,1996-97,2700000,NJN
Robert Parish,1996-97,1000000,CHI
Robert Werdann,1996-97,166000,NJN
Rod Strickland,1996-97,3036000,WAS
Rodney Rogers,1996-97,2280000,LAC
Ron Harper,1996-97,3840000,CHI
Rony Seikaly,1996-97,3752000,ORL
Roy Rogers,1996-97,664000,MEM
Rumeal Robinson,1996-97,247500,LAL
Sam Cassell,1996-97,1235000,DAL
Sam Mack,1996-97,247500,HOU
Sam Perkins,1996-97,2730000,OKC
Samaki Walker,1996-97,1246000,DAL
Sarunas Marciulionis,1996-97,2500000,DEN
Sasha Danilovic,1996-97,1892000,MIA
Scott Brooks,1996-97,247500,NYK
Scott Williams,1996-97,2400000,PHI
Scottie Pippen,1996-97,2250000,CHI
Sean Elliott,1996-97,5333000,SAS
Sean Rooks,1996-97,1200000,LAL
Shandon Anderson,1996-97,220000,UTA
Shaquille O\'Neal,1996-97,10714000,LAL
Shareef Abdur-Rahim,1996-97,2186000,MEM
Sharone Wright,1996-97,3100000,TOR
Shawn Bradley,1996-97,5130000,NJN
Shawn Kemp,1996-97,3300000,OKC
Shawn Respert,1996-97,1417000,MIL
Shawnelle Scott,1996-97,300000,CLE
Sherell Ford,1996-97,500000,OKC
Sherman Douglas,1996-97,3594000,MIL
Stacey Augmon,1996-97,2480000,DET
Stanley Roberts,1996-97,3250000,LAC
Stephen Howard,1996-97,181100,SAS
Steve Hamer,1996-97,220000,BOS
Steve Kerr,1996-97,750000,CHI
Steve Nash,1996-97,916000,PHO
Steve Scheffler,1996-97,275000,OKC
Steve Smith,1996-97,4500000,ATL
Terrell Brandon,1996-97,1312000,CLE
Terry Davis,1996-97,2300000,DAL
Terry Dehere,1996-97,1905000,LAC
Terry Mills,1996-97,2457000,DET
Theo Ratliff,1996-97,821000,DET
Tim Hardaway,1996-97,2500000,MIA
Tim Legler,1996-97,450000,WAS
Todd Day,1996-97,2915000,BOS
Todd Fuller,1996-97,1125000,GSW
Tom Hammonds,1996-97,1070000,DEN
Toni Kukoc,1996-97,3960000,CHI
Tony Dumas,1996-97,1120000,PHO
Tony Farmer,1996-97,247500,MIA
Tony Massenburg,1996-97,247500,NJN
Tracy Moore,1996-97,247500,HOU
Tracy Murray,1996-97,1700000,WAS
Travis Best,1996-97,666000,IND
Travis Knight,1996-97,220000,LAL
Tyrone Corbin,1996-97,247500,ATL
Tyrone Hill,1996-97,3480000,CLE
Tyus Edney,1996-97,247500,SAC
Vernon Maxwell,1996-97,1000000,SAS
Vin Baker,1996-97,3765000,MIL
Vincent Askew,1996-97,2000000,IND
Vinny Del Negro,1996-97,2023000,SAS
Vitaly Potapenko,1996-97,1068000,CLE
Voshon Lenard,1996-97,247500,MIA
Walt Williams,1996-97,247500,TOR
Walter McCarty,1996-97,750000,NYK
Wayman Tisdale,1996-97,3475000,PHO
Wesley Person,1996-97,1040000,PHO
Will Perdue,1996-97,1544000,SAS
Willie Burton,1996-97,247500,ATL
Xavier McDaniel,1996-97,254000,NJN
Yinka Dare,1996-97,1448000,NJN
Zan Tabak,1996-97,800000,TOR
Zydrunas Ilgauskas,1996-97,720000,CLE
Aaron McKie,1997-98,1235000,DET
Aaron Williams,1997-98,500000,OKC
Acie Earl,1997-98,1430000,MIL
Adam Keefe,1997-98,2300000,UTA
Adonal Foyle,1997-98,1495000,GSW
Adrian Caldwell,1997-98,20000,CLE
Alan Henderson,1997-98,1028400,ATL
Allan Houston,1997-98,6000000,NYK
Allen Iverson,1997-98,3128640,PHI
Alton Lister,1997-98,272250,POR
Alvin Williams,1997-98,242000,POR
Amal McCaskill,1997-98,20700,ORL
Andrew DeClercq,1997-98,1200000,BOS
Andrew Lang,1997-98,2700000,MIL
Anfernee Hardaway,1997-98,7580000,ORL
Anthony Goldwire,1997-98,330000,DEN
Anthony Johnson,1997-98,242000,SAC
Anthony Mason,1997-98,3471500,CHA
Anthony Miller,1997-98,272250,ATL
Anthony Parker,1997-98,754080,PHI
Anthony Peeler,1997-98,2012500,MEM
Antoine Carr,1997-98,1600000,UTA
Antoine Walker,1997-98,1864080,BOS
Antonio Daniels,1997-98,2149920,MEM
Antonio McDyess,1997-98,2876640,PHO
Armen Gilliam,1997-98,2780400,MIL
Arvydas Sabonis,1997-98,3080000,POR
Avery Johnson,1997-98,3000000,SAS
B.J. Armstrong,1997-98,2600000,GSW
B.J. Tyler,1997-98,1200000,TOR
Ben Wallace,1997-98,326700,WAS
Bill Curley,1997-98,1333800,MIN
Bill Wennington,1997-98,1800000,CHI
Billy Owens,1997-98,4225200,SAC
Bimbo Coles,1997-98,1700000,GSW
Bison Dele,1997-98,4050000,DET
Blue Edwards,1997-98,2300000,MEM
Bo Outlaw,1997-98,1000000,ORL
Bob Sura,1997-98,976920,CLE
Bobby Hurley,1997-98,3552000,SAC
Bobby Jackson,1997-98,694920,DEN
Bobby Phills,1997-98,2900000,CHA
Brent Barry,1997-98,1082520,LAC
Brevin Knight,1997-98,949320,CLE
Brian Evans,1997-98,607545,ORL
Brian Grant,1997-98,5000000,POR
Brian Shaw,1997-98,3750000,GSW
Bruce Bowen,1997-98,422500,BOS
Bryant Reeves,1997-98,1915680,MEM
Bryant Stith,1997-98,4030000,DEN
Bryon Russell,1997-98,2857144,UTA
Buck Williams,1997-98,1431000,NYK
Calbert Cheaney,1997-98,3600000,WAS
Carl Herrera,1997-98,1820000,SAS
Carl Thomas,1997-98,272250,GSW
Carlos Rogers,1997-98,1900000,TOR
Cedric Ceballos,1997-98,2605000,PHO
Cedric Henderson,1997-98,250000,CLE
Charles O\'Bannon,1997-98,320000,DET
Charles Oakley,1997-98,2850000,NYK
Charles Smith,1997-98,3957143,SAS
Charlie Ward,1997-98,1054500,NYK
Chauncey Billups,1997-98,2384640,BOS
Cherokee Parks,1997-98,1262640,MIN
Chris Carr,1997-98,900000,MIN
Chris Childs,1997-98,3120000,NYK
Chris Crawford,1997-98,242000,ATL
Chris Dudley,1997-98,1135000,NYK
Chris Garner,1997-98,242000,TOR
Chris Gatling,1997-98,3656400,NJN
Chris Mills,1997-98,3000000,NYK
Chris Morris,1997-98,3000000,UTA
Chris Robinson,1997-98,325000,MEM
Chris Webber,1997-98,9000000,WAS
Chris Whitney,1997-98,1200000,WAS
Christian Laettner,1997-98,5050000,ATL
Chuck Person,1997-98,2470000,SAS
Chucky Brown,1997-98,272250,ATL
Clifford Robinson,1997-98,1000000,PHO
Clifford Rozier,1997-98,750000,ORL
Corey Beck,1997-98,272250,CHA
Corie Blount,1997-98,1430000,LAL
Corliss Williamson,1997-98,1199520,SAC
Cory Alexander,1997-98,562380,SAS
Craig Ehlo,1997-98,432081,OKC
Dale Ellis,1997-98,1920000,OKC
Damon Stoudamire,1997-98,1748760,TOR
Dana Barros,1997-98,3400000,BOS
Danny Ferry,1997-98,4000000,CLE
Danny Fortson,1997-98,1291440,DEN
Danny Manning,1997-98,6833333,PHO
Danny Schayes,1997-98,690000,ORL
Darrell Armstrong,1997-98,350000,ORL
Darrick Martin,1997-98,431250,LAC
Darvin Ham,1997-98,272250,WAS
David Benoit,1997-98,609096,NJN
David Robinson,1997-98,12397440,SAS
David Vaughn,1997-98,693840,GSW
David Wesley,1997-98,1800000,CHA
David Wingate,1997-98,570000,OKC
DeJuan Wheat,1997-98,242000,MIN
Dean Garrett,1997-98,1800000,DEN
Dee Brown,1997-98,3500000,BOS
Dell Curry,1997-98,3660000,CHA
Dennis Rodman,1997-98,4500000,CHI
Derek Anderson,1997-98,1107240,CLE
Derek Fisher,1997-98,703200,LAL
Derek Grimm,1997-98,242000,SAC
Derek Harper,1997-98,1560000,ORL
Derek Strong,1997-98,326700,ORL
Derrick Coleman,1997-98,8002800,PHI
Detlef Schrempf,1997-98,3333333,OKC
Dickey Simpkins,1997-98,1235000,GSW
Dikembe Mutombo,1997-98,9615187,ATL
Dino Radja,1997-98,2500000,BOS
Don MacLean,1997-98,2120000,NJN
Don Reid,1997-98,1000000,DET
Donald Whiteside,1997-98,272250,ATL
Donny Marshall,1997-98,540000,CLE
Dontae\' Jones,1997-98,794880,BOS
Dontonio Wingfield,1997-98,600000,POR
Donyell Marshall,1997-98,3990000,GSW
Doug Christie,1997-98,2012767,TOR
Doug Edwards,1997-98,1430000,MEM
Doug Overton,1997-98,326700,PHI
Doug West,1997-98,2535000,MIN
Duane Ferrell,1997-98,1235000,GSW
Ed Gray,1997-98,723840,ATL
Ed O\'Bannon,1997-98,1472640,ORL
Ed Stokes,1997-98,272500,TOR
Eddie Johnson,1997-98,300000,DEN
Eddie Jones,1997-98,2000000,LAL
Elden Campbell,1997-98,7000000,LAL
Eldridge Recasner,1997-98,326700,ATL
Elliot Perry,1997-98,2000000,MIL
Elmore Spencer,1997-98,2050000,DEN
Eric Mobley,1997-98,1178000,MEM
Eric Montross,1997-98,1520000,PHI
Eric Piatkowski,1997-98,1587500,LAC
Eric Snow,1997-98,706300,OKC
Eric Washington,1997-98,242000,DEN
Eric Williams,1997-98,1139520,DEN
Erick Dampier,1997-98,1478880,GSW
Ervin Johnson,1997-98,2281128,MIL
Felton Spencer,1997-98,2178099,GSW
Gary Grant,1997-98,600000,SAC
Gary Payton,1997-98,10514688,OKC
Gary Trent,1997-98,1329009,POR
George Lynch,1997-98,2115000,MEM
George McCloud,1997-98,272250,PHO
George Zidek,1997-98,784200,DEN
Gerald Wilkins,1997-98,326700,ORL
Gheorghe Muresan,1997-98,1887500,WAS
Glen Rice,1997-98,4702000,CHA
Glenn Robinson,1997-98,5510000,MIL
God Shammgod,1997-98,242250,WAS
Grant Hill,1997-98,5850000,DET
Grant Long,1997-98,2610335,DET
Greg Anderson,1997-98,272250,ATL
Greg Anthony,1997-98,272250,OKC
Greg Foster,1997-98,504000,UTA
Greg Graham,1997-98,1540000,CLE
Greg Minor,1997-98,2160000,BOS
Greg Ostertag,1997-98,647400,UTA
Harvey Grant,1997-98,4671875,WAS
Henry James,1997-98,1000000,CLE
Herb Williams,1997-98,766667,NYK
Hersey Hawkins,1997-98,3124100,OKC
Horace Grant,1997-98,14285714,ORL
Horacio Llamas Grey,1997-98,272250,PHO
Hot Rod Williams,1997-98,4550000,PHO
Howard Eisley,1997-98,1240000,UTA
Isaiah Rider,1997-98,4210000,POR
Ivano Newbill,1997-98,272250,MEM
J.R. Reid,1997-98,650000,CHA
Jack Haley,1997-98,272250,NJN
Jacque Vaughn,1997-98,601320,UTA
James Collins,1997-98,242000,LAC
James Cotton,1997-98,242000,OKC
James Robinson,1997-98,1500000,LAC
Jamie Feick,1997-98,272250,MIL
Jaren Jackson,1997-98,272250,SAS
Jason Caffey,1997-98,850920,CHI
Jason Kidd,1997-98,5223333,PHO
Jason Lawson,1997-98,242250,ORL
Jayson Williams,1997-98,2500000,NJN
Jeff Hornacek,1997-98,4195000,UTA
Jeff Nordgaard,1997-98,242000,MIL
Jerald Honeycutt,1997-98,300000,MIL
Jermaine O\'Neal,1997-98,950640,POR
Jerome Allen,1997-98,35000,CLE
Jerome Kersey,1997-98,500000,OKC
Jerome Williams,1997-98,652800,DET
Jerry Stackhouse,1997-98,2583360,PHI
Jim Jackson,1997-98,4600000,PHI
Jim McIlvaine,1997-98,3600000,OKC
Jimmy Oliver,1997-98,272250,WAS
Joe Dumars,1997-98,3000000,DET
Joe Kleine,1997-98,272250,CHI
Joe Smith,1997-98,3165160,GSW
Joe Wolf,1997-98,480000,DEN
John Crotty,1997-98,420000,POR
John Long,1997-98,272500,TOR
John Starks,1997-98,5112500,NYK
John Stockton,1997-98,5000000,UTA
John Thomas,1997-98,640440,BOS
John Wallace,1997-98,903120,TOR
Johnny Newman,1997-98,1325000,DEN
Johnny Taylor,1997-98,901880,ORL
Jon Barry,1997-98,272500,LAL
Jud Buechler,1997-98,500000,CHI
Juwan Howard,1997-98,11250000,WAS
Karl Malone,1997-98,5118578,UTA
Kebu Stewart,1997-98,242000,PHI
Keith Booth,1997-98,597600,CHI
Keith Closs,1997-98,1200000,LAC
Keith Van Horn,1997-98,2655360,NJN
Kelvin Cato,1997-98,999240,POR
Ken Norman,1997-98,3332000,ATL
Kendall Gill,1997-98,4400000,NJN
Kenny Anderson,1997-98,5010000,POR
Kerry Kittles,1997-98,1559040,NJN
Kevin Edwards,1997-98,2640000,NJN
Kevin Gamble,1997-98,1420250,SAC
Kevin Garnett,1997-98,2109120,MIN
Kevin Johnson,1997-98,8000000,PHO
Kevin Salvadori,1997-98,300000,SAC
Kobe Bryant,1997-98,1167240,LAL
LaPhonso Ellis,1997-98,3650000,DEN
Lamond Murray,1997-98,2900000,LAC
Larry Johnson,1997-98,8460714,NYK
Latrell Sprewell,1997-98,7770000,GSW
Lee Mayberry,1997-98,1320000,MEM
Lindsey Hunter,1997-98,1750000,DET
Lionel Simmons,1997-98,3716500,SAC
Loren Meyer,1997-98,722760,PHO
Lorenzen Wright,1997-98,1701720,LAC
Lorenzo Williams,1997-98,1128000,WAS
Loy Vaught,1997-98,3350000,LAC
Luc Longley,1997-98,3184900,CHI
Lucious Harris,1997-98,1440000,NJN
Mahmoud Abdul-Rauf,1997-98,3300000,SAC
Malik Rose,1997-98,272250,SAS
Malik Sealy,1997-98,1150000,DET
Marcus Brown,1997-98,500000,MEM
Marcus Camby,1997-98,2799240,TOR
Mario Bennett,1997-98,630000,PHO
Mark Bryant,1997-98,2250000,PHO
Mark Davis,1997-98,326700,PHI
Mark Price,1997-98,4090920,ORL
Marko Milic,1997-98,242000,PHI
Matt Fish,1997-98,150000,SAC
Matt Geiger,1997-98,1402000,CHA
Maurice Taylor,1997-98,1051800,LAC
Michael Cage,1997-98,2055421,NJN
Michael Curry,1997-98,500000,MIL
Michael Jordan,1997-98,33140000,CHI
Michael Smith,1997-98,1920000,SAC
Michael Stewart,1997-98,242000,SAC
Micheal Williams,1997-98,2775000,MIN
Mitch Richmond,1997-98,3000000,SAC
Mitchell Butler,1997-98,272250,CLE
Monty Williams,1997-98,1235000,SAS
Mookie Blaylock,1997-98,3000000,ATL
Muggsy Bogues,1997-98,1800000,CHA
Nate Huffman,1997-98,20000,LAC
Nate McMillan,1997-98,3500000,OKC
Nick Anderson,1997-98,4000000,ORL
Nick Van Exel,1997-98,1900000,LAL
Olden Polynice,1997-98,3610000,SAC
Otis Thorpe,1997-98,5700000,MEM
Patrick Ewing,1997-98,20500000,NYK
Paul Grant,1997-98,785400,MIN
Pervis Ellison,1997-98,2090000,BOS
Pete Chilcutt,1997-98,700000,MEM
Pete Myers,1997-98,272250,NYK
Pooh Richardson,1997-98,2820710,LAC
Popeye Jones,1997-98,1886538,TOR
Priest Lauderdale,1997-98,630000,DEN
Randolph Childress,1997-98,760000,DET
Randy Brown,1997-98,1260000,CHI
Randy Woods,1997-98,500000,DEN
Rasheed Wallace,1997-98,2329080,POR
Ray Allen,1997-98,2052360,MIL
Reggie Geary,1997-98,272250,SAS
Reggie Jordan,1997-98,272250,MIN
Reggie Slater,1997-98,350000,TOR
Rex Chapman,1997-98,326700,PHO
Rex Walters,1997-98,1430000,PHI
Rick Brunson,1997-98,5000,ORL
Rick Fox,1997-98,1000000,LAL
Rick Mahorn,1997-98,480000,DET
Robert Horry,1997-98,6000000,LAL
Robert Parish,1997-98,1150000,CHI
Rod Strickland,1997-98,3450000,WAS
Rodney Rogers,1997-98,2640000,LAC
Ron Grandison,1997-98,272250,NYK
Ron Harper,1997-98,4560000,CHI
Ron Mercer,1997-98,1768320,BOS
Rony Seikaly,1997-98,4002000,ORL
Roy Rogers,1997-98,763080,BOS
Rumeal Robinson,1997-98,272250,DET
Sam Cassell,1997-98,2500000,NJN
Sam Mack,1997-98,455000,MEM
Sam Mitchell,1997-98,1400000,MIN
Sam Perkins,1997-98,3370000,OKC
Scot Pollard,1997-98,818160,DET
Scott Brooks,1997-98,50000,BOS
Scott Burrell,1997-98,1430000,CHI
Scott Williams,1997-98,2850000,PHI
Scottie Pippen,1997-98,2775000,CHI
Sean Elliott,1997-98,5333333,SAS
Sean Higgins,1997-98,272250,POR
Sean Rooks,1997-98,1440000,LAL
Shandon Anderson,1997-98,1200000,UTA
Shane Heal,1997-98,384000,MIN
Shaquille O\'Neal,1997-98,12857143,LAL
Sharone Wright,1997-98,3500000,TOR
Shawn Kemp,1997-98,8600000,CLE
Shawn Respert,1997-98,1602120,TOR
Shawnelle Scott,1997-98,500000,CLE
Shea Seals,1997-98,242000,LAL
Sherell Ford,1997-98,670800,OKC
Sherman Douglas,1997-98,272250,NJN
Stacey Augmon,1997-98,2800000,POR
Stacey King,1997-98,100000,SAC
Stanley Roberts,1997-98,3750000,MIN
Stephen Howard,1997-98,272250,OKC
Stephon Marbury,1997-98,2266320,MIN
Steve Henson,1997-98,272250,NJN
Steve Kerr,1997-98,750000,CHI
Steve Nash,1997-98,1053360,PHO
Steve Scheffler,1997-98,330000,DEN
Steve Smith,1997-98,5400000,ATL
Stojko Vrankovic,1997-98,3580000,LAC
Tariq Abdul-Wahad,1997-98,1226880,SAC
Terrell Brandon,1997-98,1469440,MIL
Terry Cummings,1997-98,1000000,PHI
Terry Davis,1997-98,272250,WAS
Terry Dehere,1997-98,500000,SAC
Terry Porter,1997-98,2000000,MIN
Theo Ratliff,1997-98,928080,DET
Tim Breaux,1997-98,272250,MIL
Tim Duncan,1997-98,2967840,SAS
Tim Kempton,1997-98,272250,ORL
Tim Legler,1997-98,1105000,WAS
Tim Thomas,1997-98,1614240,PHI
Todd Fuller,1997-98,1293240,GSW
Tom Chambers,1997-98,272250,PHO
Tom Gugliotta,1997-98,5500000,MIN
Tom Hammonds,1997-98,970000,DEN
Toni Kukoc,1997-98,4560000,CHI
Tony Battie,1997-98,1946880,DEN
Tony Delk,1997-98,1000680,CHA
Tony Dumas,1997-98,1330000,CLE
Tony Farmer,1997-98,272250,CHA
Tony Massenburg,1997-98,750000,MEM
Tracy McGrady,1997-98,1359360,TOR
Tracy Murray,1997-98,2040000,WAS
Travis Knight,1997-98,2000000,BOS
Travis Williams,1997-98,242000,CHA
Tree Rollins,1997-98,1470000,ORL
Troy Hudson,1997-98,242000,UTA
Tyrone Corbin,1997-98,326700,ATL
Tyrone Hill,1997-98,4110000,MIL
Tyus Edney,1997-98,400000,BOS
Vin Baker,1997-98,4064373,OKC
Vincent Askew,1997-98,272250,POR
Vinny Del Negro,1997-98,2298777,SAS
Vitaly Potapenko,1997-98,1228560,CLE
Vlade Divac,1997-98,4833333,CHA
Walt Williams,1997-98,3750000,TOR
Walter McCarty,1997-98,862560,BOS
Wesley Person,1997-98,3500000,CLE
Will Perdue,1997-98,1987500,SAS
William Cunningham,1997-98,50000,PHO
Yinka Dare,1997-98,1552500,NJN
Zan Tabak,1997-98,950000,TOR
Zydrunas Ilgauskas,1997-98,828000,CLE
A.C. Green,1998-99,5125088,DAL
Aaron McKie,1998-99,1430000,PHI
Aaron Williams,1998-99,575000,OKC
Adam Keefe,1998-99,2650000,UTA
Adonal Foyle,1998-99,1701000,GSW
Adonis Jordan,1998-99,350000,MIL
Alan Henderson,1998-99,4725000,ATL
Allan Houston,1998-99,7000000,NYK
Allen Iverson,1998-99,3537000,PHI
Alonzo Mourning,1998-99,13130000,MIA
Andrae Patterson,1998-99,287500,MIN
Andrew DeClercq,1998-99,1440000,CLE
Andrew Lang,1998-99,3068000,CHI
Anfernee Hardaway,1998-99,8505000,ORL
Ansu Sesay,1998-99,287500,DAL
Antawn Jamison,1998-99,1940000,GSW
Anthony Johnson,1998-99,1000000,ATL
Anthony Mason,1998-99,4165000,CHA
Anthony Miller,1998-99,475000,HOU
Anthony Parker,1998-99,867120,PHI
Anthony Peeler,1998-99,2254000,MIN
Antoine Walker,1998-99,2107000,BOS
Antonio McDyess,1998-99,9000000,DEN
Armen Gilliam,1998-99,3244000,MIL
B.J. Armstrong,1998-99,850000,ORL
Ben Davis,1998-99,425000,NYK
Ben Wallace,1998-99,800000,WAS
Bill Curley,1998-99,1544000,MIN
Bill Wennington,1998-99,1000000,CHI
Billy Owens,1998-99,1750000,OKC
Bimbo Coles,1998-99,2000000,GSW
Bison Dele,1998-99,4860000,DET
Blue Edwards,1998-99,850000,MIA
Bo Outlaw,1998-99,1150000,ORL
Bob Sura,1998-99,3133000,CLE
Bobby Hurley,1998-99,4030000,MEM
Bobby Jackson,1998-99,799200,MIN
Bobby Phills,1998-99,3480000,CHA
Brad Miller,1998-99,287500,CHA
Brent Barry,1998-99,3600000,CHI
Brent Price,1998-99,2240000,HOU
Brevin Knight,1998-99,1092000,CLE
Brian Evans,1998-99,686780,MIN
Brian Shaw,1998-99,3400000,PHI
Brian Skinner,1998-99,653500,LAC
Bruce Bowen,1998-99,507000,BOS
Bruno Sundov,1998-99,287500,DAL
Bryant Reeves,1998-99,7222000,MEM
Bryant Stith,1998-99,4666000,DEN
Bryce Drew,1998-99,857000,HOU
Bryon Russell,1998-99,3428000,UTA
Bubba Wells,1998-99,312000,CHI
Buck Williams,1998-99,1670000,NYK
Calbert Cheaney,1998-99,4000000,WAS
Carl Herrera,1998-99,2080000,MEM
Casey Shaw,1998-99,287500,PHI
Cedric Ceballos,1998-99,750000,DAL
Cedric Henderson,1998-99,250000,CLE
Charles Barkley,1998-99,1000000,HOU
Charles Jones,1998-99,287500,CHI
Charles O\'Bannon,1998-99,320000,DET
Charles Smith,1998-99,677080,LAC
Charlie Ward,1998-99,1221000,NYK
Chauncey Billups,1998-99,2742000,DEN
Cherokee Parks,1998-99,2000000,MEM
Chris Anstey,1998-99,985200,DAL
Chris Carr,1998-99,1000000,NJN
Chris Childs,1998-99,3640000,NYK
Chris Crawford,1998-99,350000,ATL
Chris Gatling,1998-99,4266000,MIL
Chris Mills,1998-99,3600000,GSW
Chris Morris,1998-99,1000000,PHO
Chris Robinson,1998-99,375000,SAC
Chris Webber,1998-99,10000000,SAC
Chris Whitney,1998-99,1440000,WAS
Christian Laettner,1998-99,5360000,DET
Chuck Person,1998-99,2860000,CHI
Chucky Brown,1998-99,850000,CHA
Clifford Robinson,1998-99,3500000,PHO
Corey Beck,1998-99,425000,CHA
Corey Benjamin,1998-99,540000,CHI
Corie Blount,1998-99,1625000,LAL
Corliss Williamson,1998-99,500000,SAC
Cory Carr,1998-99,287500,CHI
Craig Ehlo,1998-99,504082,OKC
Cuttino Mobley,1998-99,287500,HOU
Dale Ellis,1998-99,1750000,OKC
Damon Jones,1998-99,287500,BOS
Dan Majerle,1998-99,3290000,MIA
Dana Barros,1998-99,3500000,BOS
Danny Ferry,1998-99,4000000,CLE
Danny Fortson,1998-99,1485000,DEN
Danny Manning,1998-99,6833000,PHO
Danny Schayes,1998-99,1000000,ORL
Darrell Armstrong,1998-99,2900000,ORL
David Vaughn,1998-99,450000,NJN
David Wesley,1998-99,2160000,CHA
David Wingate,1998-99,1000000,NYK
DeJuan Wheat,1998-99,350000,MEM
Dean Garrett,1998-99,2160000,MIN
Dell Curry,1998-99,1000000,MIL
Dennis Rodman,1998-99,1000000,LAL
Dennis Scott,1998-99,1000000,NYK
Derek Anderson,1998-99,1273000,CLE
Derek Fisher,1998-99,795000,LAL
Derek Harper,1998-99,1000000,LAL
Derek Strong,1998-99,3000000,ORL
Derrick Coleman,1998-99,5600000,PHI
Detlef Schrempf,1998-99,3333000,OKC
Dikembe Mutombo,1998-99,11218000,ATL
Dino Radja,1998-99,2500000,BOS
Dirk Nowitzki,1998-99,1472640,DAL
Dominique Wilkins,1998-99,1000000,ORL
Don MacLean,1998-99,2460000,OKC
Don Reid,1998-99,800000,DET
Dontae\' Jones,1998-99,953856,BOS
Donyell Marshall,1998-99,4370000,GSW
Doug Edwards,1998-99,1625000,MEM
Doug Overton,1998-99,600000,PHI
Doug West,1998-99,2915000,MEM
Drew Barry,1998-99,350000,OKC
Duane Causwell,1998-99,1454000,MIA
Duane Ferrell,1998-99,1430000,GSW
Dwayne Schintzius,1998-99,662500,BOS
Earl Boykins,1998-99,287500,CLE
Ed Gray,1998-99,832440,ATL
Eddie Jones,1998-99,2200000,CHA
Elden Campbell,1998-99,7000000,CHA
Elliot Perry,1998-99,2000000,NJN
Eric Montross,1998-99,1760000,DET
Eric Murdock,1998-99,1750000,NJN
Eric Piatkowski,1998-99,1650000,LAC
Eric Riley,1998-99,537500,BOS
Eric Snow,1998-99,846300,PHI
Eric Washington,1998-99,520000,DEN
Eric Williams,1998-99,2780000,DEN
Erick Dampier,1998-99,1538000,GSW
Erick Strickland,1998-99,1920000,DAL
Ervin Johnson,1998-99,2594000,MIL
Felipe Lopez,1998-99,600000,MEM
Felton Spencer,1998-99,1650000,GSW
Gary Payton,1998-99,8715000,OKC
Gary Trent,1998-99,1000000,DAL
George Lynch,1998-99,1000000,PHI
George McCloud,1998-99,750000,PHO
Gerald Brown,1998-99,287500,PHO
Gerald Wilkins,1998-99,2000000,ORL
Gheorghe Muresan,1998-99,475000,NJN
Glen Rice,1998-99,5248000,LAL
Glenn Robinson,1998-99,6380000,MIL
Grant Hill,1998-99,6675000,DET
Grant Long,1998-99,2977000,ATL
Greg Foster,1998-99,588000,UTA
Greg Minor,1998-99,2520000,BOS
Greg Ostertag,1998-99,4333000,UTA
Hakeem Olajuwon,1998-99,12943000,HOU
Harvey Grant,1998-99,1000000,PHI
Haywoode Workman,1998-99,600000,MIL
Herb Williams,1998-99,1000000,NYK
Hersey Hawkins,1998-99,3644000,OKC
Horace Grant,1998-99,7843000,ORL
Horacio Llamas Grey,1998-99,425000,PHO
Hot Rod Williams,1998-99,1750000,DAL
Howard Eisley,1998-99,1400000,UTA
Hubert Davis,1998-99,645000,DAL
Isaac Austin,1998-99,5000000,ORL
J.R. Henderson,1998-99,287500,MEM
J.R. Reid,1998-99,780000,LAL
Jacque Vaughn,1998-99,691560,UTA
Jamal Mashburn,1998-99,5033000,MIA
James Robinson,1998-99,537500,MIN
Jamie Feick,1998-99,425000,NJN
Jason Caffey,1998-99,3675000,GSW
Jason Kidd,1998-99,6041000,PHO
Jason Williams,1998-99,1460000,SAC
Jayson Williams,1998-99,11000000,NJN
Jeff Hornacek,1998-99,3455000,UTA
Jeff McInnis,1998-99,350000,WAS
Jeff Sanders,1998-99,475000,CHI
Jeffrey Sheppard,1998-99,287500,ATL
Jelani McCoy,1998-99,287500,OKC
Jerald Honeycutt,1998-99,300000,PHI
Jerome James,1998-99,287500,SAC
Jerome Williams,1998-99,737880,DET
Jerry Stackhouse,1998-99,3887000,DET
Jim McIlvaine,1998-99,4200000,NJN
Joe Dumars,1998-99,1000000,DET
Joe Kleine,1998-99,1000000,PHO
Joe Smith,1998-99,1750000,MIN
Joe Wolf,1998-99,1000000,CHA
John Coker,1998-99,350000,WAS
John Crotty,1998-99,600000,OKC
John Starks,1998-99,4000000,GSW
John Stockton,1998-99,4000000,UTA
Johnny Newman,1998-99,1000000,CLE
Johnny Taylor,1998-99,1037000,DEN
Jon Barry,1998-99,600000,SAC
Jonathan Kerner,1998-99,287500,ORL
Jud Buechler,1998-99,850000,DET
Juwan Howard,1998-99,13125000,WAS
Karl Malone,1998-99,6142000,UTA
Keith Askins,1998-99,725000,MIA
Keith Booth,1998-99,687240,CHI
Keith Closs,1998-99,1440000,LAC
Keith Van Horn,1998-99,3054000,NJN
Kelly McCarty,1998-99,287500,DEN
Ken Norman,1998-99,3775000,ATL
Kendall Gill,1998-99,5000000,NJN
Kenny Anderson,1998-99,5845000,BOS
Keon Clark,1998-99,1000000,DEN
Kerry Kittles,1998-99,1762000,NJN
Kevin Gamble,1998-99,1645000,SAC
Kevin Garnett,1998-99,14000000,MIN
Khalid Reeves,1998-99,475000,DET
Kobe Bryant,1998-99,1319000,LAL
Korleone Young,1998-99,287500,DET
Kornel David,1998-99,287500,CHI
Kurt Thomas,1998-99,1750000,NYK
LaPhonso Ellis,1998-99,1750000,ATL
Lamond Murray,1998-99,3500000,LAC
Larry Hughes,1998-99,1330000,PHI
Larry Johnson,1998-99,10186000,NYK
Latrell Sprewell,1998-99,8300000,NYK
Lee Mayberry,1998-99,1540000,MEM
Lindsey Hunter,1998-99,2050000,DET
Lionel Simmons,1998-99,4238500,SAC
Loren Meyer,1998-99,450000,DEN
Lorenzen Wright,1998-99,1923000,LAC
Lorenzo Williams,1998-99,1316000,WAS
Loy Vaught,1998-99,3830000,DET
Luc Longley,1998-99,4000000,PHO
Lucious Harris,1998-99,1680000,NJN
Makhtar N\'Diaye,1998-99,287500,MEM
Malik Sealy,1998-99,1000000,MIN
Marcus Brown,1998-99,500000,MEM
Marcus Camby,1998-99,3164000,NYK
Mark Bryant,1998-99,2050000,CHI
Mark Hendrickson,1998-99,425000,NJN
Mark Price,1998-99,5488000,ORL
Mark Strickland,1998-99,2100000,MIA
Mark West,1998-99,1000000,ATL
Marko Milic,1998-99,350000,PHO
Marlon Garnett,1998-99,287500,BOS
Martin Muursepp,1998-99,763200,CHI
Marty Conlon,1998-99,662500,MIA
Matt Geiger,1998-99,6800000,PHI
Matt Harpring,1998-99,900000,ORL
Maurice Taylor,1998-99,1209000,LAC
Michael Cage,1998-99,2350000,NJN
Michael Curry,1998-99,550000,MIL
Michael Dickerson,1998-99,949600,HOU
Michael Doleac,1998-99,1050000,ORL
Michael Finley,1998-99,6000000,DAL
Michael Hawkins,1998-99,350000,SAC
Michael Olowokandi,1998-99,2700000,LAC
Michael Smith,1998-99,2180000,MEM
Mike Bibby,1998-99,2400000,MEM
Miles Simon,1998-99,287500,ORL
Mirsad Turkcan,1998-99,739400,NYK
Mitch Richmond,1998-99,2500000,WAS
Mitchell Butler,1998-99,537500,CLE
Moochie Norris,1998-99,350000,OKC
Mookie Blaylock,1998-99,3600000,ATL
Muggsy Bogues,1998-99,2800000,GSW
Nazr Mohammed,1998-99,535000,PHI
Nick Anderson,1998-99,3200000,ORL
Nick Van Exel,1998-99,1900000,DEN
Olden Polynice,1998-99,1000000,OKC
Oliver Miller,1998-99,600000,SAC
Otis Thorpe,1998-99,4400000,WAS
P.J. Brown,1998-99,4480000,MIA
Pat Garrity,1998-99,740000,PHO
Patrick Ewing,1998-99,18500000,NYK
Paul Grant,1998-99,903240,MIL
Paul Pierce,1998-99,1165000,BOS
Pervis Ellison,1998-99,2420000,BOS
Pete Chilcutt,1998-99,700000,MEM
Pooh Richardson,1998-99,3030000,LAC
Popeye Jones,1998-99,2381000,BOS
Priest Lauderdale,1998-99,712200,DEN
Raef LaFrentz,1998-99,2150000,DEN
Randell Jackson,1998-99,287500,WAS
Randolph Childress,1998-99,866320,DET
Randy Brown,1998-99,1320000,CHI
Randy Livingston,1998-99,287500,PHO
Rashard Lewis,1998-99,287500,OKC
Ray Allen,1998-99,2320000,MIL
Rex Chapman,1998-99,2800000,PHO
Rex Walters,1998-99,1625000,PHI
Rick Brunson,1998-99,350000,NYK
Rick Fox,1998-99,1750000,LAL
Rick Mahorn,1998-99,1000000,PHI
Ricky Davis,1998-99,680000,CHA
Robert Horry,1998-99,5000000,LAL
Robert Pack,1998-99,3780000,DAL
Robert Traylor,1998-99,1590000,MIL
Rodney Rogers,1998-99,3000000,LAC
Rodrick Rhodes,1998-99,639300,MEM
Ron Harper,1998-99,5280000,CHI
Ron Mercer,1998-99,2033000,BOS
Rony Seikaly,1998-99,4252000,NJN
Roshown McLeod,1998-99,740000,ATL
Roy Rogers,1998-99,862560,CHI
Ruben Patterson,1998-99,628500,LAL
Rusty LaRue,1998-99,350000,CHI
Ryan Stack,1998-99,287500,CLE
Sam Cassell,1998-99,3000000,MIL
Sam Jacobson,1998-99,559000,LAL
Sam Mack,1998-99,545000,HOU
Samaki Walker,1998-99,1619880,DAL
Scot Pollard,1998-99,350000,SAC
Scott Burrell,1998-99,1000000,NJN
Scott Williams,1998-99,3300000,MIL
Scottie Pippen,1998-99,11000000,HOU
Sean Rooks,1998-99,1680000,LAL
Shandon Anderson,1998-99,1300000,UTA
Shaquille O\'Neal,1998-99,15000000,LAL
Shawn Bradley,1998-99,6750000,DAL
Shawn Kemp,1998-99,9740000,CLE
Sherman Douglas,1998-99,2200000,LAC
Stephon Marbury,1998-99,2562000,NJN
Steve Nash,1998-99,1190760,DAL
Steve Smith,1998-99,6300000,ATL
Stojko Vrankovic,1998-99,4060000,LAC
Tariq Abdul-Wahad,1998-99,1411000,SAC
Terrell Brandon,1998-99,6300000,MIN
Terry Cummings,1998-99,1150000,GSW
Terry Davis,1998-99,1750000,WAS
Terry Dehere,1998-99,575000,SAC
Terry Mills,1998-99,1145000,MIA
Terry Porter,1998-99,1000000,MIA
Theo Ratliff,1998-99,6000000,PHI
Thurl Bailey,1998-99,850000,UTA
Tim Hardaway,1998-99,5600000,MIA
Tim Legler,1998-99,1320000,WAS
Tim Thomas,1998-99,1856000,MIL
Toby Bailey,1998-99,287500,PHO
Todd Fuller,1998-99,1461000,UTA
Tom Gugliotta,1998-99,7800000,PHO
Toni Kukoc,1998-99,4610000,CHI
Tony Battie,1998-99,2238000,BOS
Tony Delk,1998-99,1131000,GSW
Tony Massenburg,1998-99,900000,MEM
Tracy Murray,1998-99,2380000,WAS
Travis Knight,1998-99,2400000,LAL
Trevor Winter,1998-99,287500,MIN
Troy Hudson,1998-99,287500,LAC
Tyrone Corbin,1998-99,2400000,ATL
Tyrone Hill,1998-99,5352000,PHI
Tyrone Nesby,1998-99,287500,LAC
Tyronn Lue,1998-99,287500,LAL
Vernon Maxwell,1998-99,1000000,SAC
Vin Baker,1998-99,4264000,OKC
Vinny Del Negro,1998-99,1750000,MIL
Vitaly Potapenko,1998-99,1339000,BOS
Vlade Divac,1998-99,8300000,SAC
Vladimir Stepania,1998-99,543000,OKC
Voshon Lenard,1998-99,2837000,MIA
Walter McCarty,1998-99,975000,BOS
Wesley Person,1998-99,4200000,CLE
William Cunningham,1998-99,350000,NJN
Yinka Dare,1998-99,1657000,ORL
A.C. Green,1999-00,1700000,LAL
A.J. Bramlett,1999-00,118974,CLE
Aaron McKie,1999-00,1624000,PHI
Aaron Williams,1999-00,1100000,WAS
Adonal Foyle,1999-00,1922520,GSW
Adrian Griffin,1999-00,385000,BOS
Alan Henderson,1999-00,5318437,ATL
Aleksandar Radojevic,1999-00,1325760,TOR
Allen Iverson,1999-00,9000000,PHI
Alvin Williams,1999-00,1925000,TOR
Andrae Patterson,1999-00,385000,MIN
Andre Miller,1999-00,1682280,CLE
Andrew DeClercq,1999-00,1680000,CLE
Andrew Gaze,1999-00,460000,SAS
Andy Panko,1999-00,5000,LAL
Ansu Sesay,1999-00,535000,DAL
Antawn Jamison,1999-00,2503800,GSW
Anthony Avent,1999-00,510000,LAC
Anthony Miller,1999-00,30000,HOU
Anthony Peeler,1999-00,2495500,MIN
Antoine Carr,1999-00,1000000,MEM
Antoine Walker,1999-00,9000000,BOS
Antonio Daniels,1999-00,2794920,SAS
Antonio Davis,1999-00,4200000,TOR
Antonio McDyess,1999-00,9900000,DEN
Art Long,1999-00,25000,SAC
Avery Johnson,1999-00,3200000,SAS
B.J. Tyler,1999-00,1614000,TOR
Benoit Benjamin,1999-00,123529,CLE
Bill Curley,1999-00,117867,GSW
Bill Wennington,1999-00,510000,SAC
Billy Owens,1999-00,2090000,GSW
Bimbo Coles,1999-00,2300000,ATL
Bison Dele,1999-00,5770000,DET
Bob Sura,1999-00,3760000,CLE
Bobby Jackson,1999-00,903360,MIN
Brandon Williams,1999-00,35176,ATL
Brent Barry,1999-00,3960000,OKC
Brent Price,1999-00,2944000,MEM
Brevin Knight,1999-00,1234080,CLE
Brian Shaw,1999-00,510000,LAL
Brian Skinner,1999-00,843000,LAC
Bruno Sundov,1999-00,385000,DAL
Bryant Reeves,1999-00,8666666,MEM
Bryant Stith,1999-00,5290000,DEN
Bryce Drew,1999-00,1105560,HOU
Byron Scott,1999-00,510000,LAL
Cal Bowdler,1999-00,1025880,ATL
Calbert Cheaney,1999-00,2000000,BOS
Calvin Booth,1999-00,301875,WAS
Carlos Rogers,1999-00,2100000,HOU
Casey Shaw,1999-00,25000,PHI
Cedric Ceballos,1999-00,3500000,DAL
Cedric Henderson,1999-00,2400000,CLE
Charles Barkley,1999-00,9000000,HOU
Charles Jones,1999-00,385000,LAC
Charles Oakley,1999-00,5236000,TOR
Charles Smith,1999-00,779960,LAC
Cherokee Parks,1999-00,1925000,MEM
Chris Carr,1999-00,60000,GSW
Chris Crawford,1999-00,2000000,ATL
Chris Gatling,1999-00,4875200,DEN
Chris Herren,1999-00,301875,DEN
Chris Mills,1999-00,4200000,GSW
Chris Webber,1999-00,11000000,SAC
Chris Whitney,1999-00,1680000,WAS
Christian Laettner,1999-00,6062500,DET
Chuck Person,1999-00,510000,OKC
Corliss Williamson,1999-00,3560000,SAC
Cory Alexander,1999-00,1980000,DEN
Cuttino Mobley,1999-00,385000,HOU
Damon Jones,1999-00,70206,GSW
Dana Barros,1999-00,3500000,BOS
Danny Ferry,1999-00,4000000,CLE
Danny Fortson,1999-00,1678800,BOS
Danny Manning,1999-00,6833333,MIL
Danny Schayes,1999-00,211765,MIN
Darrick Martin,1999-00,572500,SAC
Darvin Ham,1999-00,460000,MIL
David Robinson,1999-00,11592683,SAS
DeJuan Wheat,1999-00,460000,MEM
Dean Garrett,1999-00,2520000,MIN
Dee Brown,1999-00,4000000,TOR
Dell Curry,1999-00,2100000,TOR
Dennis Scott,1999-00,1100000,MEM
Derek Anderson,1999-00,1439400,LAC
Derek Fisher,1999-00,3000000,LAL
Derek Harper,1999-00,1100000,DET
Derrick Dial,1999-00,301875,SAS
Devean George,1999-00,790440,LAL
Devin Gray,1999-00,88223,HOU
Dikembe Mutombo,1999-00,12820249,ATL
Dino Radja,1999-00,2270500,BOS
Dion Glover,1999-00,893400,ATL
Dirk Nowitzki,1999-00,1583040,DAL
Don MacLean,1999-00,2800000,HOU
Don Reid,1999-00,1000000,DET
Donyell Marshall,1999-00,5250000,GSW
Doug Christie,1999-00,2742600,TOR
Doug Overton,1999-00,100000,PHI
Doug West,1999-00,3295000,MEM
Drew Barry,1999-00,62765,GSW
Duane Ferrell,1999-00,1625000,ATL
Dwayne Schintzius,1999-00,550000,DEN
Ed Gray,1999-00,941040,HOU
Eddie Johnson,1999-00,1000000,HOU
Efthimi Rentzias,1999-00,658700,ATL
Elliot Perry,1999-00,2000000,NJN
Emanual Davis,1999-00,510000,OKC
Eric Montross,1999-00,2000000,DET
Eric Murdock,1999-00,1925000,LAC
Eric Piatkowski,1999-00,2000000,LAC
Eric Riley,1999-00,50206,MIN
Eric Snow,1999-00,3000000,PHI
Eric Washington,1999-00,550000,BOS
Eric Williams,1999-00,3336000,BOS
Erick Dampier,1999-00,4988000,GSW
Erick Strickland,1999-00,2240000,DAL
Ervin Johnson,1999-00,2951029,MIL
Evan Eschmeyer,1999-00,301875,NJN
Felton Spencer,1999-00,510000,SAS
Fred Vinson,1999-00,485000,OKC
Gary Payton,1999-00,11020473,OKC
Gary Trent,1999-00,2000000,DAL
George Lynch,1999-00,2000000,PHI
George McCloud,1999-00,2000000,DEN
Gerard King,1999-00,460000,WAS
Gheorghe Muresan,1999-00,510000,NJN
Glen Rice,1999-00,7000000,LAL
Glenn Robinson,1999-00,7250000,MIL
Grant Hill,1999-00,6939000,DET
Grant Long,1999-00,2000000,MEM
Greg Buckner,1999-00,47647,DAL
Greg Foster,1999-00,1603861,OKC
Greg Minor,1999-00,2880000,BOS
Hakeem Olajuwon,1999-00,14302001,HOU
Haywoode Workman,1999-00,510000,MIL
Horace Grant,1999-00,5952381,OKC
Hot Rod Williams,1999-00,1925000,DAL
Hubert Davis,1999-00,752500,DAL
Ira Bowman,1999-00,4529,DAL
Isaac Austin,1999-00,4819451,WAS
Isaiah Rider,1999-00,5410000,ATL
J.R. Reid,1999-00,2000000,MIL
Jack Haley,1999-00,510000,NJN
Jahidi White,1999-00,385000,WAS
Jamel Thomas,1999-00,31963,GSW
James Posey,1999-00,974520,DEN
James Robinson,1999-00,510000,MIN
Jamie Feick,1999-00,2000000,NJN
Jaren Jackson,1999-00,2483333,SAS
Jason Caffey,1999-00,3937500,GSW
Jason Lawson,1999-00,25000,WAS
Jason Sasser,1999-00,2706,DAL
Jason Terry,1999-00,1468920,ATL
Jason Williams,1999-00,1879920,SAC
Jayson Williams,1999-00,12375000,NJN
Jeffrey Sheppard,1999-00,385000,ATL
Jelani McCoy,1999-00,1000000,OKC
Jerald Honeycutt,1999-00,460000,PHI
Jermaine Jackson,1999-00,302875,DET
Jerome Allen,1999-00,510000,MIL
Jerome Kersey,1999-00,1000000,SAS
Jerome Williams,1999-00,2550000,DET
Jerry Stackhouse,1999-00,4781250,DET
Jim Jackson,1999-00,1925000,ATL
Jim McIlvaine,1999-00,4800000,NJN
Joe Dumars,1999-00,510000,DET
Joe Smith,1999-00,2100000,MIN
Joe Stephens,1999-00,88441,MEM
John Celestand,1999-00,301875,LAL
John Coker,1999-00,510000,WAS
John Crotty,1999-00,477000,DET
John Morton,1999-00,6735,GSW
John Salley,1999-00,510000,LAL
John Thomas,1999-00,832560,TOR
Johnny Newman,1999-00,1100000,NJN
Jon Barry,1999-00,800000,SAC
Jonathan Kerner,1999-00,5000,WAS
Jud Buechler,1999-00,1100000,DET
Jumaine Jones,1999-00,684000,PHI
Juwan Howard,1999-00,15000000,WAS
Kebu Stewart,1999-00,18941,DAL
Keith Closs,1999-00,1680000,LAC
Keith Van Horn,1999-00,3451920,NJN
Kelvin Cato,1999-00,1299000,HOU
Kendall Gill,1999-00,5600000,NJN
Kenny Anderson,1999-00,6680000,BOS
Kenny Thomas,1999-00,823440,HOU
Keon Clark,1999-00,1289400,DEN
Kerry Kittles,1999-00,7166666,NJN
Kevin Gamble,1999-00,1868750,SAC
Kevin Garnett,1999-00,16806300,MIN
Kevin Ollie,1999-00,422235,PHI
Kevin Willis,1999-00,2625000,TOR
Kobe Bryant,1999-00,9000000,LAL
Kornel David,1999-00,27059,CLE
LaPhonso Ellis,1999-00,1925000,ATL
Lamar Odom,1999-00,2445480,LAC
Lamond Murray,1999-00,3000000,CLE
Laron Profit,1999-00,301875,WAS
Larry Hughes,1999-00,1722240,GSW
Lawrence Funderburke,1999-00,2400000,SAC
Lazaro Borrell,1999-00,301875,OKC
Leon Smith,1999-00,449920,DAL
Lindsey Hunter,1999-00,2350000,DET
Lorenzen Wright,1999-00,4400000,ATL
Lorenzo Williams,1999-00,1540000,WAS
Lou Roe,1999-00,97412,MIN
Loy Vaught,1999-00,4180000,DET
Lucious Harris,1999-00,1920000,NJN
Malik Rose,1999-00,2285000,SAS
Malik Sealy,1999-00,1100000,MIN
Marcus Brown,1999-00,43294,DET
Mario Elie,1999-00,1925000,SAS
Mark Bryant,1999-00,2000000,CLE
Mark Davis,1999-00,6000,GSW
Mark Hendrickson,1999-00,62764,CLE
Marty Conlon,1999-00,114529,LAC
Matt Bullard,1999-00,1333333,HOU
Matt Geiger,1999-00,6889520,PHI
Matt Maloney,1999-00,2081250,HOU
Maurice Taylor,1999-00,1367400,LAC
Michael Cage,1999-00,510000,NJN
Michael Curry,1999-00,2000000,DET
Michael Dickerson,1999-00,1224960,MEM
Michael Finley,1999-00,7200000,DAL
Michael Olowokandi,1999-00,3456240,LAC
Michael Smith,1999-00,2000000,WAS
Michael Stewart,1999-00,3200000,TOR
Mike Bibby,1999-00,3092400,MEM
Mikki Moore,1999-00,460000,DET
Milt Palacio,1999-00,301875,MEM
Mitch Richmond,1999-00,10000000,WAS
Mookie Blaylock,1999-00,4200000,GSW
Muggsy Bogues,1999-00,510000,TOR
Nazr Mohammed,1999-00,690960,PHI
Nick Anderson,1999-00,5051906,SAC
Nick Van Exel,1999-00,8354614,DEN
Obinna Ekezie,1999-00,301875,MEM
Othella Harrington,1999-00,2025000,MEM
Paul Grant,1999-00,1021080,MIL
Paul Pierce,1999-00,1503960,BOS
Peja Stojakovic,1999-00,1310400,SAC
Pervis Ellison,1999-00,2750000,BOS
Pooh Richardson,1999-00,500000,LAC
Popeye Jones,1999-00,2531250,DEN
Raef LaFrentz,1999-00,2777160,DEN
Rafer Alston,1999-00,301875,MIL
Randell Jackson,1999-00,115500,DAL
Rashard Lewis,1999-00,385000,OKC
Rasho Nesterovic,1999-00,1050240,MIN
Ray Allen,1999-00,9000000,MIL
Reggie Jordan,1999-00,510000,WAS
Richard Hamilton,1999-00,1836240,WAS
Rick Fox,1999-00,3033000,LAL
Rick Hughes,1999-00,115423,DAL
Rick Mahorn,1999-00,510000,PHI
Ricky Pierce,1999-00,510000,MIL
Robert Horry,1999-00,4800000,LAL
Robert Pack,1999-00,4050000,DAL
Robert Traylor,1999-00,2059320,MIL
Robert Werdann,1999-00,7471,MEM
Rod Strickland,1999-00,10000000,WAS
Rodrick Rhodes,1999-00,122000,PHI
Ron Harper,1999-00,2000000,LAL
Roshown McLeod,1999-00,914760,ATL
Roy Rogers,1999-00,485000,DEN
Ruben Patterson,1999-00,900000,OKC
Ryan Bowen,1999-00,301875,DEN
Ryan Robertson,1999-00,301875,SAC
Ryan Stack,1999-00,385000,CLE
Sam Cassell,1999-00,3500000,MIL
Sam Jacobson,1999-00,721080,LAL
Sam Mack,1999-00,315000,GSW
Sam Mitchell,1999-00,2000000,MIN
Samaki Walker,1999-00,2716667,SAS
Scot Pollard,1999-00,1000000,SAC
Scott Burrell,1999-00,1000000,NJN
Scott Williams,1999-00,3750000,MIL
Sean Elliott,1999-00,5433333,SAS
Sean Marks,1999-00,385000,TOR
Sean Rooks,1999-00,1920000,DAL
Shammond Williams,1999-00,500000,OKC
Shandon Anderson,1999-00,2000000,HOU
Shaquille O\'Neal,1999-00,17142858,LAL
Shareef Abdur-Rahim,1999-00,9000000,MEM
Shawn Bradley,1999-00,7560000,DAL
Shawn Kemp,1999-00,10780000,CLE
Shea Seals,1999-00,385000,LAL
Sherman Douglas,1999-00,1000000,NJN
Stacey Augmon,1999-00,3450000,HOU
Stanley Roberts,1999-00,102824,PHI
Stephon Marbury,1999-00,9000000,NJN
Steve Francis,1999-00,3020520,HOU
Steve Goodrich,1999-00,4529,PHI
Steve Kerr,1999-00,1968750,SAS
Steve Nash,1999-00,5500000,DAL
Tariq Abdul-Wahad,1999-00,1594920,DEN
Terrell Brandon,1999-00,7400000,MIN
Terry Cummings,1999-00,2600000,GSW
Terry Mills,1999-00,510000,DET
Terry Porter,1999-00,2000000,SAS
Theo Ratliff,1999-00,7031250,PHI
Thomas Hamilton,1999-00,510000,HOU
Tim Duncan,1999-00,3858240,SAS
Tim Legler,1999-00,510000,GSW
Tim Thomas,1999-00,2098560,MIL
Tim Young,1999-00,301875,GSW
Todd MacCulloch,1999-00,301875,PHI
Tom Hammonds,1999-00,1800000,MIN
Toni Kukoc,1999-00,4500000,PHI
Tony Battie,1999-00,2530920,BOS
Tony Delk,1999-00,485000,SAC
Tony Farmer,1999-00,510000,GSW
Tony Massenburg,1999-00,1150000,HOU
Tracy McGrady,1999-00,1767120,TOR
Tracy Murray,1999-00,2720000,WAS
Trajan Langdon,1999-00,1394280,CLE
Travis Knight,1999-00,2800000,LAL
Trevor Winter,1999-00,4529,MIN
Troy Hudson,1999-00,460000,LAC
Tyrone Corbin,1999-00,510000,SAC
Tyrone Hill,1999-00,6422400,PHI
Tyrone Nesby,1999-00,2716667,LAC
Tyronn Lue,1999-00,809280,LAL
Vernon Maxwell,1999-00,1430000,OKC
Vin Baker,1999-00,9000000,OKC
Vince Carter,1999-00,2267280,TOR
Vinny Del Negro,1999-00,1925000,MIL
Vitaly Potapenko,1999-00,3810000,BOS
Vlade Divac,1999-00,8837774,SAC
Vladimir Stepania,1999-00,700320,OKC
Vonteego Cummings,1999-00,704400,GSW
Wally Szczerbiak,1999-00,2011440,MIN
Walt Williams,1999-00,3750000,HOU
Walter McCarty,1999-00,2500000,BOS
Wayne Turner,1999-00,30000,BOS
Wesley Person,1999-00,4900000,CLE
William Avery,1999-00,1196520,MIN
Zydrunas Ilgauskas,1999-00,9000000,CLE
A.C. Green,2000-01,2250000,MIA
A.J. Guyton,2000-01,316969,CHI
Aaron Williams,2000-01,2250000,NJN
Adam Keefe,2000-01,3390000,GSW
Adonal Foyle,2000-01,3580000,GSW
Adrian Griffin,2000-01,498500,BOS
Al Harrington,2000-01,797880,IND
Alan Henderson,2000-01,5910000,ATL
Aleksandar Radojevic,2000-01,1425120,TOR
Alonzo Mourning,2000-01,16880000,MIA
Alvin Williams,2000-01,2100000,TOR
Andrae Patterson,2000-01,498500,MIN
Andre Miller,2000-01,1808400,CLE
Andrew DeClercq,2000-01,1920000,ORL
Anfernee Hardaway,2000-01,10130000,PHO
Ansu Sesay,2000-01,508000,DET
Antawn Jamison,2000-01,2678400,GSW
Anthony Carter,2000-01,1200000,MIA
Anthony Johnson,2000-01,1200000,ATL
Anthony Mason,2000-01,5550000,MIA
Anthony Miller,2000-01,40000,ATL
Anthony Peeler,2000-01,2740000,MIN
Antoine Walker,2000-01,10130000,BOS
Antonio Davis,2000-01,5500000,TOR
Antonio Harvey,2000-01,611000,POR
Antonio McDyess,2000-01,10800000,DEN
Arvydas Sabonis,2000-01,11250000,POR
Austin Croshere,2000-01,5300000,IND
Baron Davis,2000-01,2916000,CHA
Ben Wallace,2000-01,4000000,DET
Bill Curley,2000-01,611000,GSW
Billy Owens,2000-01,2100000,DET
Bimbo Coles,2000-01,2250000,CLE
Bo Outlaw,2000-01,4500000,ORL
Bob Sura,2000-01,4390000,GSW
Bobby Jackson,2000-01,2250000,SAC
Bobby Phills,2000-01,4640000,CHA
Bonzi Wells,2000-01,1528440,POR
Brad Miller,2000-01,4000000,CHI
Brent Barry,2000-01,4320000,OKC
Brent Price,2000-01,2880000,MEM
Brevin Knight,2000-01,4250000,CLE
Brian Cardinal,2000-01,316969,DET
Brian Grant,2000-01,8900000,MIA
Brian Shaw,2000-01,2250000,LAL
Brian Skinner,2000-01,901800,LAC
Bruce Bowen,2000-01,733000,MIA
Bruno Sundov,2000-01,498500,UTA
Bryant Reeves,2000-01,10110000,MEM
Bryant Stith,2000-01,5920000,BOS
Bryce Drew,2000-01,1182600,CHI
Bryon Russell,2000-01,4570000,UTA
Cal Bowdler,2000-01,1102800,ATL
Calbert Cheaney,2000-01,2200000,DEN
Calvin Booth,2000-01,423500,WAS
Carlos Rogers,2000-01,2200000,HOU
Cedric Ceballos,2000-01,3937500,MIA
Cedric Henderson,2000-01,2700000,CLE
Charles Oakley,2000-01,5760000,TOR
Chauncey Billups,2000-01,2250000,MIN
Cherokee Parks,2000-01,2100000,LAC
Chris Carr,2000-01,1200000,BOS
Chris Crawford,2000-01,2200000,ATL
Chris Dudley,2000-01,6200000,PHO
Chris Gatling,2000-01,5550000,CLE
Chris Herren,2000-01,316969,BOS
Chris Mihm,2000-01,1923600,CLE
Chris Mills,2000-01,4800000,GSW
Chris Mullin,2000-01,3650000,IND
Chris Porter,2000-01,316969,GSW
Chris Webber,2000-01,12000000,SAC
Chris Whitney,2000-01,2370000,WAS
Christian Laettner,2000-01,6625000,DAL
Chuck Person,2000-01,1200000,LAL
Chucky Atkins,2000-01,3000000,DET
Clarence Weatherspoon,2000-01,2100000,CLE
Clifford Robinson,2000-01,6890000,PHO
Corey Benjamin,2000-01,749160,CHI
Corey Maggette,2000-01,1353960,LAC
Corie Blount,2000-01,1320000,PHO
Corliss Williamson,2000-01,3940000,TOR
Cory Alexander,2000-01,2160000,DEN
Courtney Alexander,2000-01,1319400,DAL
Cuttino Mobley,2000-01,3920000,HOU
Dale Davis,2000-01,6000000,POR
Dale Ellis,2000-01,2290000,MIA
Dalibor Bagaric,2000-01,795000,CHI
Damon Jones,2000-01,710000,MEM
Damon Stoudamire,2000-01,11250000,POR
Dan Langhi,2000-01,316969,HOU
Dan Majerle,2000-01,4050000,MIA
Dana Barros,2000-01,3700000,DET
Daniel Santiago,2000-01,316969,PHO
Danny Fortson,2000-01,3950000,GSW
Danny Manning,2000-01,1200000,UTA
Darius Miles,2000-01,2841720,LAC
Darrell Armstrong,2000-01,3100000,ORL
Darrick Martin,2000-01,673500,SAC
Darvin Ham,2000-01,1700000,MIL
David Benoit,2000-01,736000,UTA
David Wesley,2000-01,2880000,CHA
David Wingate,2000-01,1000000,OKC
DeShawn Stevenson,2000-01,828120,UTA
Dean Garrett,2000-01,2880000,MIN
Dee Brown,2000-01,1000000,ORL
Dell Curry,2000-01,2000000,TOR
Dennis Scott,2000-01,1200000,WAS
DerMarr Johnson,2000-01,2107200,ATL
Derek Fisher,2000-01,3380000,LAL
Derek Strong,2000-01,3510000,LAC
Derrick Coleman,2000-01,8000000,CHA
Derrick McKey,2000-01,5400000,IND
Desmond Mason,2000-01,1074720,OKC
Detlef Schrempf,2000-01,2200000,POR
Devean George,2000-01,849720,LAL
Dikembe Mutombo,2000-01,14400000,ATL
Dion Glover,2000-01,960480,ATL
Dirk Nowitzki,2000-01,1693560,DAL
Don MacLean,2000-01,798500,MIA
Don Reid,2000-01,611000,ORL
Donnell Harvey,2000-01,862560,DAL
Donyell Marshall,2000-01,5630000,UTA
Doug Christie,2000-01,3140000,SAC
Doug Overton,2000-01,548500,BOS
Doug West,2000-01,3680000,MEM
Dragan Tarlac,2000-01,2500000,CHI
Duane Causwell,2000-01,4000000,MIA
Earl Boykins,2000-01,498500,LAC
Eddie House,2000-01,316969,MIA
Eddie Jones,2000-01,8960000,MIA
Eddie Robinson,2000-01,600000,CHA
Eduardo Najera,2000-01,316969,DAL
Elden Campbell,2000-01,8050000,CHA
Eldridge Recasner,2000-01,1200000,CHA
Elliot Perry,2000-01,94000,ORL
Elton Brand,2000-01,3629160,CHI
Emanual Davis,2000-01,610000,OKC
Eric Montross,2000-01,2240000,DET
Eric Murdock,2000-01,2100000,DET
Eric Piatkowski,2000-01,2200000,LAC
Eric Williams,2000-01,3890000,BOS
Erick Barkley,2000-01,712200,POR
Erick Dampier,2000-01,5610000,GSW
Ervin Johnson,2000-01,2700000,MIL
Etan Thomas,2000-01,1388880,DAL
Etdrick Bohannon,2000-01,523500,LAC
Evan Eschmeyer,2000-01,423500,NJN
Felipe Lopez,2000-01,831120,WAS
Fred Hoiberg,2000-01,880000,CHI
Garth Joseph,2000-01,316969,TOR
Gary Grant,2000-01,1000000,POR
Gary Payton,2000-01,12200000,OKC
Gary Trent,2000-01,2400000,DAL
George McCloud,2000-01,2200000,DEN
Gerard King,2000-01,489500,WAS
Glenn Robinson,2000-01,8120000,MIL
Grant Hill,2000-01,9660000,ORL
Grant Long,2000-01,2200000,MEM
Greg Anthony,2000-01,3500000,POR
Greg Buckner,2000-01,1100000,DAL
Greg Foster,2000-01,1760000,LAL
Greg Minor,2000-01,3240000,BOS
Greg Ostertag,2000-01,5200000,UTA
Hakeem Olajuwon,2000-01,16700000,HOU
Hanno Mottola,2000-01,316969,ATL
Hedo Turkoglu,2000-01,1131240,SAC
Hersey Hawkins,2000-01,3560000,CHI
Horace Grant,2000-01,6500000,LAL
Hot Rod Williams,2000-01,2100000,BOS
Howard Eisley,2000-01,4250000,DAL
Hubert Davis,2000-01,2100000,DAL
Isaac Austin,2000-01,5500000,MEM
Isaiah Rider,2000-01,736000,LAL
J.R. Reid,2000-01,2200000,CLE
Jabari Smith,2000-01,316969,SAC
Jacque Vaughn,2000-01,1500000,UTA
Jahidi White,2000-01,3922000,WAS
Jake Tsakalidis,2000-01,763200,PHO
Jake Voskuhl,2000-01,316969,CHI
Jalen Rose,2000-01,9660000,IND
Jamaal Magloire,2000-01,975000,CHA
Jamal Crawford,2000-01,1762320,CHI
Jamal Mashburn,2000-01,6200000,CHA
Jamal Robinson,2000-01,40000,MIA
James Posey,2000-01,1047600,DEN
James Robinson,2000-01,1870000,LAC
Jamie Feick,2000-01,2200000,NJN
Jason Caffey,2000-01,4380000,MIL
Jason Collier,2000-01,1190760,HOU
Jason Hart,2000-01,316969,MIL
Jason Kidd,2000-01,7680000,PHO
Jason Terry,2000-01,1579080,ATL
Jason Williams,2000-01,2011080,SAC
Jayson Williams,2000-01,13800000,NJN
Jeff Foster,2000-01,922080,IND
Jeff McInnis,2000-01,523500,LAC
Jelani McCoy,2000-01,1110000,OKC
Jermaine O\'Neal,2000-01,5710000,IND
Jerome Kersey,2000-01,1000000,MIL
Jerome Moiso,2000-01,1461960,BOS
Jerome Williams,2000-01,2870000,DET
Jerry Stackhouse,2000-01,5310000,DET
Jim Jackson,2000-01,2330000,ATL
Jim McIlvaine,2000-01,5400000,NJN
Joe Kleine,2000-01,1200000,IND
Joe Smith,2000-01,2250000,DET
Joel Przybilla,2000-01,1619880,MIL
John Amaechi,2000-01,600000,ORL
John Crotty,2000-01,800000,UTA
John Starks,2000-01,2250000,UTA
John Stockton,2000-01,11000000,UTA
John Wallace,2000-01,2200000,DET
Johnny Newman,2000-01,2000000,NJN
Jon Barry,2000-01,2730000,SAC
Jonathan Bender,2000-01,2380680,IND
Jud Buechler,2000-01,3260000,DET
Juwan Howard,2000-01,16875000,WAS
Karl Malone,2000-01,15750000,UTA
Keith Closs,2000-01,1920000,LAC
Keith Van Horn,2000-01,9000000,NJN
Kelvin Cato,2000-01,5330000,HOU
Kendall Gill,2000-01,7000000,NJN
Kenny Anderson,2000-01,7520000,BOS
Kenny Thomas,2000-01,885120,HOU
Kenyon Martin,2000-01,3536640,NJN
Keon Clark,2000-01,1379400,DEN
Kerry Kittles,2000-01,7770000,NJN
Kevin Edwards,2000-01,1000000,MEM
Kevin Garnett,2000-01,19610000,MIN
Kevin Ollie,2000-01,523500,NJN
Kevin Willis,2000-01,2870000,TOR
Keyon Dooling,2000-01,1538880,LAC
Khalid El-Amin,2000-01,316969,CHI
Kobe Bryant,2000-01,10130000,LAL
Kornel David,2000-01,498500,TOR
LaPhonso Ellis,2000-01,1200000,MIN
Lamar Odom,2000-01,2628960,LAC
Lamond Murray,2000-01,3380000,CLE
Lari Ketner,2000-01,423500,IND
Laron Profit,2000-01,508000,WAS
Larry Hughes,2000-01,1842480,GSW
Larry Robinson,2000-01,611000,ATL
Lawrence Funderburke,2000-01,2700000,SAC
Lee Nailon,2000-01,316969,CHA
Leon Smith,2000-01,483680,DAL
Lindsey Hunter,2000-01,2650000,MIL
Lorenzen Wright,2000-01,4950000,ATL
Lorenzo Williams,2000-01,1750000,WAS
Loy Vaught,2000-01,4812025,DAL
Lucious Harris,2000-01,2160000,NJN
Maceo Baston,2000-01,423500,MIL
Mahmoud Abdul-Rauf,2000-01,798500,MEM
Mamadou N\'Diaye,2000-01,737880,DEN
Marc Jackson,2000-01,316969,GSW
Marcus Fizer,2000-01,2562000,CHI
Mario Elie,2000-01,1000000,PHO
Mark Blount,2000-01,316969,BOS
Mark Bryant,2000-01,2200000,CLE
Mark Jackson,2000-01,3570000,TOR
Mark Madsen,2000-01,707040,LAL
Mark Pope,2000-01,498500,MIL
Mark Strickland,2000-01,2400000,DEN
Mateen Cleaves,2000-01,1253400,DET
Matt Bullard,2000-01,2100000,HOU
Matt Harpring,2000-01,1244880,CLE
Matt Maloney,2000-01,1790000,HOU
Maurice Taylor,2000-01,2250000,HOU
Metta World Peace,2000-01,1160760,CHI
Michael Curry,2000-01,2200000,DET
Michael Dickerson,2000-01,1310400,MEM
Michael Doleac,2000-01,1452000,ORL
Michael Finley,2000-01,8400000,DAL
Michael Hawkins,2000-01,423500,CLE
Michael Olowokandi,2000-01,3697440,LAC
Michael Redd,2000-01,316969,MIL
Michael Ruffin,2000-01,440000,CHI
Michael Smith,2000-01,2200000,WAS
Michael Stewart,2000-01,3520000,TOR
Mike Bibby,2000-01,3308160,MEM
Mike Miller,2000-01,2320080,ORL
Mike Penberthy,2000-01,316969,LAL
Mike Smith,2000-01,316969,WAS
Mikki Moore,2000-01,2850000,DET
Milt Palacio,2000-01,316969,BOS
Mitch Richmond,2000-01,10000000,WAS
Monty Williams,2000-01,1000000,ORL
Moochie Norris,2000-01,523500,HOU
Mookie Blaylock,2000-01,4800000,GSW
Morris Peterson,2000-01,898560,TOR
Muggsy Bogues,2000-01,1740000,TOR
Nick Anderson,2000-01,3750000,SAC
Nick Van Exel,2000-01,9200000,DEN
Obinna Ekezie,2000-01,423500,WAS
Olden Polynice,2000-01,2200000,UTA
Olumide Oyedeji,2000-01,316969,OKC
Othella Harrington,2000-01,2250000,MEM
Otis Thorpe,2000-01,2200000,CHA
P.J. Brown,2000-01,5740000,CHA
Pat Garrity,2000-01,1019280,ORL
Patrick Ewing,2000-01,14000000,OKC
Paul McPherson,2000-01,316969,PHO
Paul Pierce,2000-01,1608840,BOS
Peja Stojakovic,2000-01,1480000,SAC
Pervis Ellison,2000-01,1000000,OKC
Popeye Jones,2000-01,2812500,WAS
Quentin Richardson,2000-01,1020960,LAC
Quincy Lewis,2000-01,1000440,UTA
Raef LaFrentz,2000-01,2970840,DEN
Rafer Alston,2000-01,423500,MIL
Randy Brown,2000-01,2250000,BOS
Randy Livingston,2000-01,20000,GSW
Rashard Lewis,2000-01,3920000,OKC
Rasheed Wallace,2000-01,12600000,POR
Rasho Nesterovic,2000-01,1123560,MIN
Ray Allen,2000-01,10130000,MIL
Reggie Miller,2000-01,10670000,IND
Reggie Slater,2000-01,673500,MIN
Rex Chapman,2000-01,3500000,PHO
Richard Hamilton,2000-01,1973880,WAS
Rick Brunson,2000-01,16000,MIA
Rick Fox,2000-01,3400000,LAL
Ricky Davis,2000-01,939360,MIA
Robert Horry,2000-01,4800000,LAL
Robert Pack,2000-01,4320000,DEN
Robert Traylor,2000-01,2203080,CLE
Rod Strickland,2000-01,10000000,WAS
Rodney Buford,2000-01,423500,CHA
Rodney Rogers,2000-01,2200000,PHO
Ron Harper,2000-01,2200000,LAL
Ron Mercer,2000-01,5520000,CHI
Roshown McLeod,2000-01,978600,ATL
Roy Rogers,2000-01,523500,SAC
Ruben Garces,2000-01,316969,PHO
Ruben Patterson,2000-01,990000,OKC
Ruben Wolkowyski,2000-01,316969,OKC
Ryan Bowen,2000-01,510000,DEN
Sam Cassell,2000-01,4000000,MIL
Sam Jacobson,2000-01,498500,MIN
Sam Mitchell,2000-01,2370000,MIN
Sam Perkins,2000-01,2250000,IND
Scot Pollard,2000-01,3920000,SAC
Scott Padgett,2000-01,730800,UTA
Scott Williams,2000-01,4200000,MIL
Scottie Pippen,2000-01,13750000,POR
Sean Rooks,2000-01,2160000,LAC
Shammond Williams,2000-01,550000,OKC
Shandon Anderson,2000-01,2200000,HOU
Shaquille O\'Neal,2000-01,19285715,LAL
Shareef Abdur-Rahim,2000-01,10130000,MEM
Shawn Bradley,2000-01,8370000,DAL
Shawn Kemp,2000-01,11720000,POR
Shawn Marion,2000-01,1662240,PHO
Sherman Douglas,2000-01,1100000,NJN
Soumaila Samake,2000-01,316969,NJN
Stacey Augmon,2000-01,923500,POR
Stanislav Medvedenko,2000-01,316969,LAL
Stephen Jackson,2000-01,316969,NJN
Stephon Marbury,2000-01,10130000,NJN
Steve Francis,2000-01,3246960,HOU
Steve Nash,2000-01,5500000,DAL
Steve Smith,2000-01,8100000,POR
Stromile Swift,2000-01,3164280,MEM
Tariq Abdul-Wahad,2000-01,4500000,DEN
Terrance Roberson,2000-01,316969,CHA
Terrell Brandon,2000-01,8330000,MIN
Terry Cummings,2000-01,2200000,GSW
Terry Davis,2000-01,923500,DEN
Terry Mills,2000-01,1000000,IND
Tim Hardaway,2000-01,12000000,MIA
Tim James,2000-01,783120,CHA
Tim Thomas,2000-01,8510000,MIL
Todd Day,2000-01,736000,MIN
Todd Fuller,2000-01,611000,MIA
Tom Gugliotta,2000-01,9360000,PHO
Tom Hammonds,2000-01,1130000,MIN
Tony Battie,2000-01,3200000,BOS
Tony Delk,2000-01,2250000,PHO
Tony Massenburg,2000-01,1360000,MEM
Torraye Braggs,2000-01,316969,DET
Tracy McGrady,2000-01,9660000,ORL
Tracy Murray,2000-01,3060000,DEN
Trajan Langdon,2000-01,1500120,CLE
Travis Best,2000-01,3500000,IND
Troy Hudson,2000-01,523500,ORL
Tyrone Corbin,2000-01,1000000,TOR
Tyrone Nesby,2000-01,2990000,WAS
Tyronn Lue,2000-01,865800,LAL
Tyus Edney,2000-01,523500,IND
Vin Baker,2000-01,10130000,OKC
Vince Carter,2000-01,2425440,TOR
Vinny Del Negro,2000-01,2100000,GSW
Vitaly Potapenko,2000-01,4290000,BOS
Vlade Divac,2000-01,9640000,SAC
Vladimir Stepania,2000-01,749160,TOR
Vonteego Cummings,2000-01,757200,GSW
Voshon Lenard,2000-01,3780000,DEN
Wally Szczerbiak,2000-01,2162280,MIN
Walt Williams,2000-01,4250000,HOU
Walter McCarty,2000-01,2670000,BOS
Wesley Person,2000-01,5600000,CLE
Will Perdue,2000-01,2250000,POR
William Avery,2000-01,1286160,MIN
William Cunningham,2000-01,498500,MEM
Zan Tabak,2000-01,1200000,IND
Zendon Hamilton,2000-01,316969,LAC
Zydrunas Ilgauskas,2000-01,10130000,CLE
A.J. Guyton,2001-02,465850,CHI
Aaron McKie,2001-02,4000000,PHI
Aaron Williams,2001-02,2475000,NJN
Adonal Foyle,2001-02,4400000,GSW
Adrian Griffin,2001-02,565850,DAL
Al Harrington,2001-02,1436982,IND
Alan Henderson,2001-02,6500312,ATL
Aleksandar Radojevic,2001-02,1524600,MIL
Allan Houston,2001-02,12750000,NYK
Allen Iverson,2001-02,11250000,PHI
Alonzo Mourning,2001-02,18754800,MIA
Alton Ford,2001-02,332817,PHO
Alvin Jones,2001-02,332817,PHI
Alvin Williams,2001-02,5350000,TOR
Amal McCaskill,2001-02,465850,SAS
Andre Miller,2001-02,1934520,CLE
Andrei Kirilenko,2001-02,831120,UTA
Andrew DeClercq,2001-02,2900000,ORL
Anfernee Hardaway,2001-02,11250000,PHO
Antawn Jamison,2001-02,3388176,GSW
Anthony Carter,2001-02,3250000,MIA
Anthony Mason,2001-02,4538000,MIL
Anthony Peeler,2001-02,2978500,MIN
Antoine Walker,2001-02,11250000,BOS
Antonio Daniels,2001-02,3000000,SAS
Antonio Davis,2001-02,11000000,TOR
Antonio Harvey,2001-02,715850,OKC
Antonio McDyess,2001-02,11700000,DEN
Antonis Fotsis,2001-02,332817,MEM
Art Long,2001-02,465850,OKC
Austin Croshere,2001-02,6310000,IND
Avery Johnson,2001-02,4538000,DEN
Baron Davis,2001-02,3119400,CHA
Ben Wallace,2001-02,4700000,DET
Bimbo Coles,2001-02,2200000,CLE
Bo Outlaw,2001-02,6000000,PHO
Bob Sura,2001-02,5213333,GSW
Bobby Jackson,2001-02,2475000,SAC
Bobby Phills,2001-02,5220000,CHA
Bobby Simmons,2001-02,332817,WAS
Bonzi Wells,2001-02,2028239,POR
Brad Miller,2001-02,4400000,CHI
Brandon Armstrong,2001-02,865800,NJN
Brendan Haywood,2001-02,978600,WAS
Brent Barry,2001-02,4680000,OKC
Brent Price,2001-02,3680000,SAC
Brevin Knight,2001-02,4500000,MEM
Brian Cardinal,2001-02,465850,DET
Brian Grant,2001-02,9925076,MIA
Brian Scalabrine,2001-02,332817,NJN
Brian Shaw,2001-02,963415,LAL
Brian Skinner,2001-02,1483461,CLE
Bruce Bowen,2001-02,715850,SAS
Bruno Sundov,2001-02,565850,IND
Bryant Reeves,2001-02,11555554,MEM
Bryant Stith,2001-02,2000000,CLE
Bryce Drew,2001-02,1300000,CHA
Bryon Russell,2001-02,5142857,UTA
Cal Bowdler,2001-02,1179720,ATL
Calbert Cheaney,2001-02,2400000,DEN
Calvin Booth,2001-02,4539000,OKC
Carlos Arroyo,2001-02,332817,TOR
Carlos Rogers,2001-02,778350,IND
Cedric Henderson,2001-02,3000000,GSW
Charles Oakley,2001-02,6545000,CHI
Charles Smith,2001-02,540850,SAS
Charlie Bell,2001-02,89292,PHO
Charlie Ward,2001-02,5110000,NYK
Chauncey Billups,2001-02,2475000,MIN
Cherokee Parks,2001-02,715850,SAS
Chris Andersen,2001-02,288171,DEN
Chris Childs,2001-02,5200000,TOR
Chris Crawford,2001-02,2500000,ATL
Chris Dudley,2001-02,1000000,POR
Chris Gatling,2001-02,2504227,MIA
Chris Mihm,2001-02,2067960,CLE
Chris Mills,2001-02,5400000,GSW
Chris Porter,2001-02,465850,CHA
Chris Webber,2001-02,12750000,SAC
Chris Whitney,2001-02,2700000,WAS
Christian Laettner,2001-02,4500000,WAS
Chucky Atkins,2001-02,3300000,DET
Clarence Weatherspoon,2001-02,4638000,NYK
Clifford Robinson,2001-02,7656250,DET
Corey Maggette,2001-02,1448400,LAC
Corie Blount,2001-02,1609235,PHI
Corliss Williamson,2001-02,4000000,DET
Cory Alexander,2001-02,1995741,DEN
Courtney Alexander,2001-02,1418400,WAS
Cuttino Mobley,2001-02,4413375,HOU
Dale Davis,2001-02,7010000,POR
Dalibor Bagaric,2001-02,854640,CHI
Damon Jones,2001-02,565850,DET
Damon Stoudamire,2001-02,12375000,POR
Damone Brown,2001-02,332817,PHI
Dan Langhi,2001-02,465850,HOU
Dan Majerle,2001-02,1000000,PHO
Dana Barros,2001-02,1600000,DET
Daniel Santiago,2001-02,465850,PHO
Danny Ferry,2001-02,1000000,SAS
Danny Fortson,2001-02,4649534,GSW
Danny Manning,2001-02,1500000,DAL
Darius Miles,2001-02,3054840,LAC
Darrell Armstrong,2001-02,4005000,ORL
Darrick Martin,2001-02,778350,DAL
Darvin Ham,2001-02,1760000,MIL
David Robinson,2001-02,9500000,SAS
David Wesley,2001-02,3240000,CHA
DeSagana Diop,2001-02,1842480,CLE
DeShawn Stevenson,2001-02,890280,UTA
Dean Garrett,2001-02,3240000,MIN
Dean Oliver,2001-02,332817,GSW
Dell Curry,2001-02,2100000,TOR
DerMarr Johnson,2001-02,2265240,ATL
Derek Anderson,2001-02,6495000,POR
Derek Fisher,2001-02,3000000,LAL
Derek Strong,2001-02,3861000,LAC
Derrick Coleman,2001-02,8710000,PHI
Derrick Dial,2001-02,540850,NJN
Derrick McKey,2001-02,6000000,IND
Desmond Mason,2001-02,1155240,OKC
Devean George,2001-02,834250,LAL
Dickey Simpkins,2001-02,26190,ATL
Dikembe Mutombo,2001-02,14315790,PHI
Dion Glover,2001-02,1027440,ATL
Dirk Nowitzki,2001-02,2157595,DAL
Don MacLean,2001-02,965850,TOR
Don Reid,2001-02,1000000,ORL
Donnell Harvey,2001-02,927360,DAL
Donyell Marshall,2001-02,6510000,UTA
Doug Christie,2001-02,5200000,SAC
Earl Boykins,2001-02,650000,LAC
Earl Watson,2001-02,332817,OKC
Eddie Griffin,2001-02,2011080,HOU
Eddie House,2001-02,465850,MIA
Eddie Jones,2001-02,10091250,MIA
Eddie Robinson,2001-02,5170000,CHI
Eddy Curry,2001-02,2678400,CHI
Eduardo Najera,2001-02,465850,DAL
Elden Campbell,2001-02,7975000,CHA
Eldridge Recasner,2001-02,1300000,CHA
Elton Brand,2001-02,3882360,LAC
Emanual Davis,2001-02,715850,ATL
Eric Montross,2001-02,2480000,TOR
Eric Piatkowski,2001-02,3000000,LAC
Eric Snow,2001-02,3750000,PHI
Eric Williams,2001-02,4448000,BOS
Erick Barkley,2001-02,638000,POR
Erick Dampier,2001-02,6235000,GSW
Erick Strickland,2001-02,637415,BOS
Ernest Brown,2001-02,332817,MIA
Ervin Johnson,2001-02,3670929,MIL
Etan Thomas,2001-02,1493040,WAS
Evan Eschmeyer,2001-02,3038000,DAL
Felipe Lopez,2001-02,565850,MIN
Felton Spencer,2001-02,1000000,NYK
Fred Hoiberg,2001-02,1600000,CHI
Gary Payton,2001-02,12926493,OKC
Gary Trent,2001-02,715850,MIN
George Lynch,2001-02,2400000,CHA
George McCloud,2001-02,2400000,DEN
Gerald Wallace,2001-02,797880,SAC
Gilbert Arenas,2001-02,332817,GSW
Glen Rice,2001-02,8800000,HOU
Glenn Robinson,2001-02,8990000,MIL
Grant Hill,2001-02,10865250,ORL
Grant Long,2001-02,2400000,MEM
Greg Anthony,2001-02,3000000,CHI
Greg Buckner,2001-02,1200000,DAL
Greg Foster,2001-02,1764247,MIL
Greg Ostertag,2001-02,6933328,UTA
Hakeem Olajuwon,2001-02,5061539,TOR
Hanno Mottola,2001-02,465850,ATL
Harold Jamison,2001-02,600000,LAC
Hedo Turkoglu,2001-02,1216080,SAC
Horace Grant,2001-02,2419580,ORL
Howard Eisley,2001-02,4781250,NYK
Hubert Davis,2001-02,2418750,WAS
Ira Bowman,2001-02,19787,PHI
Isaac Austin,2001-02,5695715,MEM
Isaiah Rider,2001-02,112797,DEN
Jabari Smith,2001-02,465850,SAC
Jacque Vaughn,2001-02,590850,ATL
Jahidi White,2001-02,4413375,WAS
Jake Tsakalidis,2001-02,820400,PHO
Jake Voskuhl,2001-02,465850,PHO
Jalen Rose,2001-02,10865250,IND
Jamaal Magloire,2001-02,1048080,CHA
Jamaal Tinsley,2001-02,749160,IND
Jamal Crawford,2001-02,1894560,CHI
Jamal Mashburn,2001-02,6975000,CHA
James Posey,2001-02,1120680,DEN
Jamie Feick,2001-02,2400000,NJN
Jamison Brewer,2001-02,332817,IND
Jaren Jackson,2001-02,3020834,SAS
Jarron Collins,2001-02,332817,UTA
Jason Caffey,2001-02,4812500,MIL
Jason Collier,2001-02,1280040,HOU
Jason Collins,2001-02,1067400,NJN
Jason Hart,2001-02,465850,MIL
Jason Kidd,2001-02,8447500,NJN
Jason Richardson,2001-02,2425440,GSW
Jason Terry,2001-02,1689360,ATL
Jason Williams,2001-02,2554072,MEM
Jayson Williams,2001-02,15125000,NJN
Jeff Foster,2001-02,986400,IND
Jeff McInnis,2001-02,590850,LAC
Jeff Trepagnier,2001-02,332817,CLE
Jelani McCoy,2001-02,565850,LAL
Jermaine O\'Neal,2001-02,6325000,IND
Jerome James,2001-02,465850,OKC
Jerome Moiso,2001-02,1571640,CHA
Jerome Williams,2001-02,5000000,TOR
Jerry Stackhouse,2001-02,5843750,DET
Jeryl Sasser,2001-02,901800,ORL
Jim Jackson,2001-02,789170,MIA
Jim McIlvaine,2001-02,6000000,NJN
Joe Crispin,2001-02,48705,LAL
Joe Johnson,2001-02,1608840,BOS
Joe Smith,2001-02,4538000,MIN
Joel Przybilla,2001-02,1741440,MIL
John Amaechi,2001-02,2175000,UTA
John Crotty,2001-02,1000000,UTA
John Starks,2001-02,2475000,UTA
John Stockton,2001-02,7000000,UTA
John Wallace,2001-02,2630000,PHO
Johnny Newman,2001-02,1675000,PHO
Jon Barry,2001-02,3175000,DET
Jonathan Bender,2001-02,2546760,IND
Joseph Forte,2001-02,939360,BOS
Jud Buechler,2001-02,3600000,ORL
Jumaine Jones,2001-02,786600,CLE
Juwan Howard,2001-02,18750000,DAL
Karl Malone,2001-02,17500000,UTA
Kedrick Brown,2001-02,1528440,BOS
Keith Van Horn,2001-02,10865250,NJN
Kelvin Cato,2001-02,6048000,HOU
Kendall Gill,2001-02,1538000,MIA
Kenny Anderson,2001-02,8350000,BOS
Kenny Satterfield,2001-02,332817,DEN
Kenny Thomas,2001-02,946920,HOU
Kenyon Martin,2001-02,3801960,NJN
Keon Clark,2001-02,1971163,TOR
Kerry Kittles,2001-02,8166667,NJN
Kevin Garnett,2001-02,22400000,MIN
Kevin Ollie,2001-02,590850,CHI
Kevin Willis,2001-02,3000000,HOU
Keyon Dooling,2001-02,1654320,LAC
Khalid El-Amin,2001-02,465850,DAL
Kirk Haston,2001-02,1182600,CHA
Kobe Bryant,2001-02,11250000,LAL
Kurt Thomas,2001-02,4413375,NYK
Kwame Brown,2001-02,3697440,WAS
LaPhonso Ellis,2001-02,3000000,MIA
Lamar Odom,2001-02,2812320,LAC
Lamond Murray,2001-02,3750000,CLE
Laron Profit,2001-02,630850,ORL
Larry Hughes,2001-02,2343635,GSW
Larry Johnson,2001-02,11335714,NYK
Larry Robinson,2001-02,715850,NYK
Latrell Sprewell,2001-02,11250000,NYK
Lavor Postell,2001-02,465850,NYK
Lawrence Funderburke,2001-02,3025000,SAC
Lee Nailon,2001-02,465850,CHA
Leon Smith,2001-02,517360,DAL
Lindsey Hunter,2001-02,3425760,LAL
Loren Woods,2001-02,332817,MIN
Lorenzen Wright,2001-02,5500000,MEM
Lorenzo Williams,2001-02,1880000,WAS
Loy Vaught,2001-02,5222025,WAS
Luc Longley,2001-02,6325000,NYK
Lucious Harris,2001-02,2400000,NJN
Malik Allen,2001-02,332817,MIA
Malik Rose,2001-02,2285000,SAS
Mamadou N\'Diaye,2001-02,793200,TOR
Marc Jackson,2001-02,3250000,GSW
Marcus Camby,2001-02,7300000,NYK
Marcus Fizer,2001-02,2754120,CHI
Mark Blount,2001-02,540850,BOS
Mark Bryant,2001-02,1000000,SAS
Mark Jackson,2001-02,3860000,NYK
Mark Madsen,2001-02,759960,LAL
Mark Pope,2001-02,590850,MIL
Mark Strickland,2001-02,715850,ATL
Mateen Cleaves,2001-02,1347480,SAC
Matt Bullard,2001-02,1300000,CHA
Matt Geiger,2001-02,8142160,PHI
Matt Harpring,2001-02,1908401,PHI
Matt Maloney,2001-02,2543750,HOU
Maurice Evans,2001-02,332817,MIN
Maurice Taylor,2001-02,6500000,HOU
Metta World Peace,2001-02,1241760,CHI
Michael Bradley,2001-02,1123560,TOR
Michael Curry,2001-02,2400000,DET
Michael Dickerson,2001-02,1940702,MEM
Michael Doleac,2001-02,2000856,CLE
Michael Finley,2001-02,10625000,DAL
Michael Jordan,2001-02,1000000,WAS
Michael Olowokandi,2001-02,4662472,LAC
Michael Redd,2001-02,465850,MIL
Michael Ruffin,2001-02,468297,PHI
Michael Smith,2001-02,2400000,WAS
Michael Stewart,2001-02,3840000,TOR
Mike Bibby,2001-02,4174893,SAC
Mike Miller,2001-02,2494080,ORL
Mike Penberthy,2001-02,28405,LAL
Mikki Moore,2001-02,2531250,DET
Milt Palacio,2001-02,690000,BOS
Mitch Richmond,2001-02,10000000,WAS
Mitchell Butler,2001-02,715850,POR
Monty Williams,2001-02,778350,ORL
Moochie Norris,2001-02,3600000,HOU
Mookie Blaylock,2001-02,5400000,GSW
Morris Peterson,2001-02,966000,TOR
Muggsy Bogues,2001-02,1520860,DAL
Nazr Mohammed,2001-02,4500000,ATL
Nick Anderson,2001-02,5401906,MEM
Nick Van Exel,2001-02,10164642,DEN
Norm Richardson,2001-02,332817,IND
Obinna Ekezie,2001-02,540850,LAC
Olumide Oyedeji,2001-02,465850,OKC
Omar Cook,2001-02,292230,DAL
Oscar Torres,2001-02,332817,HOU
Othella Harrington,2001-02,2475000,NYK
P.J. Brown,2001-02,6404800,CHA
Pat Garrity,2001-02,1569691,ORL
Patrick Ewing,2001-02,2118420,ORL
Pau Gasol,2001-02,2970840,MEM
Paul Pierce,2001-02,2051271,BOS
Peja Stojakovic,2001-02,5000000,SAC
Popeye Jones,2001-02,1500000,WAS
Predrag Drobnjak,2001-02,478558,OKC
Primoz Brezec,2001-02,749160,IND
Quentin Richardson,2001-02,1097520,LAC
Quincy Lewis,2001-02,1070280,UTA
Raef LaFrentz,2001-02,3755142,DEN
Rafer Alston,2001-02,625000,MIL
Raja Bell,2001-02,540850,PHI
Randy Brown,2001-02,2475000,BOS
Rashard Lewis,2001-02,4413375,OKC
Rasheed Wallace,2001-02,14400000,POR
Rasho Nesterovic,2001-02,1725788,MIN
Ratko Varda,2001-02,332817,DET
Ray Allen,2001-02,11250000,MIL
Reggie Miller,2001-02,12045075,IND
Reggie Slater,2001-02,122218,NJN
Rex Chapman,2001-02,3850000,PHO
Richard Hamilton,2001-02,2111640,WAS
Richard Jefferson,2001-02,1379400,NJN
Rick Brunson,2001-02,590850,POR
Rick Fox,2001-02,3791250,LAL
Ricky Davis,2001-02,1496400,CLE
Robert Horry,2001-02,5300000,LAL
Robert Traylor,2001-02,2793505,CHA
Rod Strickland,2001-02,3750000,WAS
Rodney Buford,2001-02,481488,MEM
Rodney Rogers,2001-02,2400000,PHO
Rodney White,2001-02,1693560,DET
Ron Mercer,2001-02,6750000,CHI
Roshown McLeod,2001-02,1509001,BOS
Ruben Boumtje-Boumtje,2001-02,332817,POR
Ruben Patterson,2001-02,4538000,POR
Ruben Wolkowyski,2001-02,465850,OKC
Ryan Bowen,2001-02,630850,DEN
Sam Cassell,2001-02,4350000,MIL
Sam Mack,2001-02,174598,MIA
Sam Mitchell,2001-02,1000000,MIN
Samaki Walker,2001-02,1400000,LAL
Samuel Dalembert,2001-02,771480,PHI
Scot Pollard,2001-02,4344187,SAC
Scott Padgett,2001-02,781680,UTA
Scott Williams,2001-02,4650000,DEN
Scottie Pippen,2001-02,18083564,POR
Sean Marks,2001-02,565850,MIA
Sean Rooks,2001-02,2400000,LAC
Shammond Williams,2001-02,1750000,OKC
Shandon Anderson,2001-02,5500000,NYK
Shane Battier,2001-02,2203080,MEM
Shaquille O\'Neal,2001-02,21428572,LAL
Shareef Abdur-Rahim,2001-02,11250000,ATL
Shawn Bradley,2001-02,4500000,DAL
Shawn Kemp,2001-02,12660000,POR
Shawn Marion,2001-02,1778160,PHO
Shawnelle Scott,2001-02,590850,DEN
Soumaila Samake,2001-02,465850,CHI
Speedy Claxton,2001-02,1006200,PHI
Stacey Augmon,2001-02,2400000,CHA
Stanislav Medvedenko,2001-02,465850,LAL
Stephen Jackson,2001-02,590850,SAS
Stephon Marbury,2001-02,11250000,PHO
Steve Francis,2001-02,3473520,HOU
Steve Goodrich,2001-02,465850,NJN
Steve Kerr,2001-02,2406250,POR
Steve Nash,2001-02,5750000,DAL
Steve Smith,2001-02,9000000,SAS
Steven Hunter,2001-02,1244880,ORL
Stromile Swift,2001-02,3401640,MEM
Tang Hamilton,2001-02,60881,MIA
Tariq Abdul-Wahad,2001-02,5062500,DEN
Terence Morris,2001-02,420000,HOU
Terrell Brandon,2001-02,9300000,MIN
Terry Porter,2001-02,2400000,SAS
Theo Ratliff,2001-02,9667969,ATL
Tierre Brown,2001-02,332817,HOU
Tim Duncan,2001-02,10865250,SAS
Tim Hardaway,2001-02,3360390,DAL
Tim James,2001-02,105532,PHI
Tim Thomas,2001-02,9675000,MIL
Todd MacCulloch,2001-02,4538000,NJN
Tom Gugliotta,2001-02,10114000,PHO
Tom Hammonds,2001-02,1800000,MIN
Toni Kukoc,2001-02,7906783,ATL
Tony Battie,2001-02,3600000,BOS
Tony Delk,2001-02,2475000,PHO
Tony Massenburg,2001-02,1650000,MEM
Tony Parker,2001-02,744480,SAS
Tracy McGrady,2001-02,10865250,ORL
Tracy Murray,2001-02,3400000,TOR
Trajan Langdon,2001-02,1604880,CLE
Travis Best,2001-02,3375000,IND
Travis Knight,2001-02,3600000,NYK
Trenton Hassell,2001-02,332817,CHI
Troy Hudson,2001-02,590850,ORL
Troy Murphy,2001-02,1310400,GSW
Tyrone Hill,2001-02,6600000,CLE
Tyrone Nesby,2001-02,3260000,WAS
Tyronn Lue,2001-02,1700000,WAS
Tyson Chandler,2001-02,3308160,CHI
Vernon Maxwell,2001-02,473000,NYK
Victor Alexander,2001-02,653350,DET
Vin Baker,2001-02,11250000,OKC
Vince Carter,2001-02,3073032,TOR
Vinny Del Negro,2001-02,2275000,LAC
Vitaly Potapenko,2001-02,4762500,BOS
Vlade Divac,2001-02,10444642,SAC
Vladimir Radmanovic,2001-02,1452000,OKC
Vladimir Stepania,2001-02,565850,MIA
Vonteego Cummings,2001-02,810000,PHI
Voshon Lenard,2001-02,4252435,DEN
Wally Szczerbiak,2001-02,2313240,MIN
Walt Williams,2001-02,5000000,HOU
Walter McCarty,2001-02,3125000,BOS
Wang Zhizhi,2001-02,465850,DAL
Wesley Person,2001-02,6300000,CLE
Will Perdue,2001-02,1320000,LAC
Will Solomon,2001-02,332817,MEM
William Avery,2001-02,1375920,MIN
Zach Randolph,2001-02,1019280,POR
Zeljko Rebraca,2001-02,3500000,DET
Zendon Hamilton,2001-02,465850,DEN
Zydrunas Ilgauskas,2001-02,11250000,CLE
A.J. Guyton,2002-03,18748,GSW
Aaron Williams,2002-03,2700000,NJN
Adam Harrington,2002-03,140636,DAL
Adonal Foyle,2002-03,4400000,GSW
Adrian Griffin,2002-03,637435,DAL
Al Harrington,2002-03,5060000,IND
Alan Henderson,2002-03,7091250,ATL
Allan Houston,2002-03,14343750,NYK
Alonzo Mourning,2002-03,20629800,MIA
Alton Ford,2002-03,512435,PHO
Alvin Williams,2002-03,5350000,TOR
Amal McCaskill,2002-03,699935,POR
Amar\'e Stoudemire,2002-03,1767120,PHO
Andre Miller,2002-03,2460709,LAC
Andrei Kirilenko,2002-03,893400,UTA
Andrew DeClercq,2002-03,3262500,ORL
Anfernee Hardaway,2002-03,12375000,PHO
Ansu Sesay,2002-03,612435,OKC
Antawn Jamison,2002-03,10067750,GSW
Anthony Carter,2002-03,3656250,MIA
Anthony Goldwire,2002-03,139925,SAS
Anthony Johnson,2002-03,699935,NJN
Anthony Mason,2002-03,4370819,MIL
Anthony Peeler,2002-03,3350812,MIN
Antoine Walker,2002-03,12375000,BOS
Antonio Daniels,2002-03,3375000,POR
Antonio Davis,2002-03,12000000,TOR
Antonio Harvey,2002-03,60361,ATL
Antonio McDyess,2002-03,12600000,NYK
Art Long,2002-03,35819,TOR
Arvydas Sabonis,2002-03,6850000,POR
Austin Croshere,2002-03,6960000,IND
Avery Johnson,2002-03,4991800,DAL
Baron Davis,2002-03,3942922,NOH
Ben Wallace,2002-03,5200000,DET
Bimbo Coles,2002-03,2400000,CLE
Bo Outlaw,2002-03,6585000,PHO
Bob Sura,2002-03,5639999,GSW
Bobby Jackson,2002-03,2700000,SAC
Bobby Simmons,2002-03,337457,WAS
Bonzi Wells,2002-03,6300000,POR
Brad Miller,2002-03,4800000,IND
Brandon Armstrong,2002-03,930720,NJN
Brendan Haywood,2002-03,1051920,WAS
Brent Barry,2002-03,5040000,OKC
Brent Price,2002-03,4048000,SAC
Brevin Knight,2002-03,5000000,MEM
Brian Cardinal,2002-03,587435,WAS
Brian Grant,2002-03,11027862,MIA
Brian Scalabrine,2002-03,512435,NJN
Brian Shaw,2002-03,1030000,LAL
Bruce Bowen,2002-03,3550000,SAS
Bruno Sundov,2002-03,637435,BOS
Bryant Reeves,2002-03,12999998,MEM
Bryant Stith,2002-03,2000000,LAC
Bryce Drew,2002-03,1300000,NOH
Bryon Russell,2002-03,1400000,WAS
Calbert Cheaney,2002-03,1000000,UTA
Calvin Booth,2002-03,4992900,OKC
Carlos Arroyo,2002-03,546000,UTA
Carlos Boozer,2002-03,349458,CLE
Caron Butler,2002-03,1678800,MIA
Casey Jacobsen,2002-03,941040,PHO
Cezary Trybanski,2002-03,1500000,MEM
Charles Oakley,2002-03,1030000,WAS
Charles Smith,2002-03,637435,POR
Charlie Ward,2002-03,5570000,NYK
Chauncey Billups,2002-03,4546000,DET
Cherokee Parks,2002-03,824935,LAC
Chris Andersen,2002-03,512435,DEN
Chris Childs,2002-03,1750000,NJN
Chris Crawford,2002-03,2750000,ATL
Chris Dudley,2002-03,1030000,POR
Chris Jefferies,2002-03,781800,TOR
Chris Mihm,2002-03,2212200,CLE
Chris Mills,2002-03,6000000,GSW
Chris Owens,2002-03,349458,MEM
Chris Webber,2002-03,14343750,SAC
Chris Whitney,2002-03,3000000,DEN
Chris Wilcox,2002-03,1922520,LAC
Christian Laettner,2002-03,5062500,WAS
Chucky Atkins,2002-03,3600000,DET
Clarence Weatherspoon,2002-03,4991800,NYK
Clifford Robinson,2002-03,8421875,DET
Corey Maggette,2002-03,2069764,LAC
Corie Blount,2002-03,1400000,CHI
Corliss Williamson,2002-03,4500000,DET
Cory Alexander,2002-03,2149259,DEN
Courtney Alexander,2002-03,1517280,NOH
Curtis Borchardt,2002-03,1113720,UTA
Dajuan Wagner,2002-03,2298840,CLE
Dale Davis,2002-03,8055000,POR
Dalibor Bagaric,2002-03,830947,CHI
Damon Jones,2002-03,637435,SAC
Damon Stoudamire,2002-03,12375000,POR
Dan Dickau,2002-03,776880,ATL
Dan Gadzuric,2002-03,349458,MIL
Dan Langhi,2002-03,587435,PHO
Danny Ferry,2002-03,4546000,SAS
Danny Fortson,2002-03,5039068,GSW
Danny Manning,2002-03,900000,DAL
Darius Miles,2002-03,3267960,CLE
Darrell Armstrong,2002-03,4010000,ORL
Darvin Ham,2002-03,699935,ATL
David Robinson,2002-03,10500000,SAS
David Wesley,2002-03,3600000,NOH
DeSagana Diop,2002-03,1980600,CLE
DeShawn Stevenson,2002-03,952320,UTA
Dean Oliver,2002-03,118735,GSW
DerMarr Johnson,2002-03,2423280,ATL
Derek Anderson,2002-03,7144500,POR
Derek Fisher,2002-03,3000000,LAL
Derek Strong,2002-03,4212000,LAC
Desmond Mason,2002-03,1235880,OKC
Devean George,2002-03,4546000,LAL
Devin Brown,2002-03,34946,SAS
Dikembe Mutombo,2002-03,16105264,NJN
Dion Glover,2002-03,1584312,ATL
Dirk Nowitzki,2002-03,10067750,DAL
Don Reid,2002-03,1100000,DET
Donnell Harvey,2002-03,992040,DEN
Donyell Marshall,2002-03,1000000,UTA
Doug Christie,2002-03,6250000,SAC
Drew Gooden,2002-03,2794920,MEM
Earl Boykins,2002-03,715000,LAC
Earl Watson,2002-03,1215000,MEM
Eddie House,2002-03,637435,MIA
Eddie Jones,2002-03,11212500,MIA
Eddie Robinson,2002-03,5687000,CHI
Eddy Curry,2002-03,2879280,CHI
Eduardo Najera,2002-03,3047620,DAL
Elden Campbell,2002-03,8050000,NOH
Elton Brand,2002-03,4895656,LAC
Emanual Davis,2002-03,824935,ATL
Eric Montross,2002-03,2720000,TOR
Eric Piatkowski,2002-03,3000000,LAC
Eric Williams,2002-03,5004000,BOS
Erick Barkley,2002-03,682500,CHI
Erick Dampier,2002-03,6858500,GSW
Erick Strickland,2002-03,762435,IND
Ervin Johnson,2002-03,3998679,MIL
Etan Thomas,2002-03,1597200,WAS
Evan Eschmeyer,2002-03,3103800,DAL
Felipe Lopez,2002-03,637435,MIN
Frank Williams,2002-03,832560,NYK
Fred Hoiberg,2002-03,1400000,CHI
Fred Jones,2002-03,1367400,IND
Gary Payton,2002-03,12636117,OKC
Gary Trent,2002-03,824935,MIN
George Lynch,2002-03,2600000,NOH
George McCloud,2002-03,2599900,WAS
Gerald Wallace,2002-03,857760,SAC
Gilbert Arenas,2002-03,512435,GSW
Glenn Robinson,2002-03,9860000,ATL
Gordan Giricek,2002-03,1400000,MEM
Grant Hill,2002-03,12072500,ORL
Greg Anthony,2002-03,1500000,CHI
Greg Foster,2002-03,401951,TOR
Greg Ostertag,2002-03,7799996,UTA
Guy Rucker,2002-03,34946,GSW
Hakeem Olajuwon,2002-03,5694231,TOR
Hedo Turkoglu,2002-03,1300920,SAC
Horace Grant,2002-03,2661538,ORL
Howard Eisley,2002-03,5312500,NYK
Hubert Davis,2002-03,2687500,DET
Igor Rakocevic,2002-03,349458,MIN
Ira Newble,2002-03,587435,ATL
J.R. Bremer,2002-03,349458,BOS
J.R. Reid,2002-03,800000,CLE
Jacque Vaughn,2002-03,699935,ORL
Jahidi White,2002-03,4903750,WAS
Jake Tsakalidis,2002-03,877680,PHO
Jake Voskuhl,2002-03,587435,PHO
Jalen Rose,2002-03,12072500,CHI
Jamaal Magloire,2002-03,1121280,NOH
Jamaal Tinsley,2002-03,805320,IND
Jamal Crawford,2002-03,2026680,CHI
Jamal Mashburn,2002-03,7750000,NOH
Jamal Sampson,2002-03,349458,MIL
Jamie Feick,2002-03,2600000,NJN
Jamison Brewer,2002-03,512435,IND
Jannero Pargo,2002-03,349458,LAL
Jared Jeffries,2002-03,1594920,WAS
Jarron Collins,2002-03,1150000,UTA
Jason Caffey,2002-03,5250000,MIL
Jason Collins,2002-03,1147440,NJN
Jason Kidd,2002-03,9265000,NJN
Jason Richardson,2002-03,2607360,GSW
Jason Terry,2002-03,2153934,ATL
Jason Williams,2002-03,5500000,MEM
Jay Williams,2002-03,3451920,CHI
Jeff Foster,2002-03,1571335,IND
Jeff McInnis,2002-03,3000000,POR
Jelani McCoy,2002-03,637435,TOR
Jermaine Jackson,2002-03,171932,TOR
Jermaine O\'Neal,2002-03,6900000,IND
Jerome James,2002-03,4546000,OKC
Jerome Moiso,2002-03,1681200,NOH
Jerome Williams,2002-03,5250000,TOR
Jerry Stackhouse,2002-03,6375000,WAS
Jeryl Sasser,2002-03,969480,ORL
Jim Jackson,2002-03,791341,SAC
Jim McIlvaine,2002-03,4400000,NJN
Jiri Welsch,2002-03,1234080,GSW
Joe Johnson,2002-03,1729560,PHO
Joe Smith,2002-03,4991800,MIN
Joel Przybilla,2002-03,1862880,MIL
John Amaechi,2002-03,2392500,UTA
John Crotty,2002-03,138171,DEN
John Stockton,2002-03,7875000,UTA
Jon Barry,2002-03,3175000,DET
Jonathan Bender,2002-03,3226745,IND
Joseph Forte,2002-03,1009920,OKC
Juan Dixon,2002-03,1172400,WAS
Jud Buechler,2002-03,3450000,ORL
Jumaine Jones,2002-03,1419026,CLE
Junior Harrington,2002-03,349458,DEN
Juwan Howard,2002-03,20625000,DEN
Kareem Rush,2002-03,1021080,LAL
Karl Malone,2002-03,19250000,UTA
Kedrick Brown,2002-03,1643040,BOS
Ken Johnson,2002-03,349458,MIA
Kendall Gill,2002-03,1030000,MIN
Kenny Anderson,2002-03,9185000,OKC
Kenyon Martin,2002-03,4067160,NJN
Keon Clark,2002-03,4546000,SAC
Kerry Kittles,2002-03,8966667,NJN
Kevin Garnett,2002-03,25200000,MIN
Kevin Ollie,2002-03,1000000,MIL
Kevin Willis,2002-03,1030000,SAS
Keyon Dooling,2002-03,1769760,LAC
Kirk Haston,2002-03,1271400,NOH
Kobe Bryant,2002-03,12375000,LAL
Kurt Thomas,2002-03,4903750,NYK
Kwame Brown,2002-03,3974760,WAS
LaPhonso Ellis,2002-03,3100000,MIA
Lamar Odom,2002-03,3557585,LAC
Lamond Murray,2002-03,4125000,TOR
Larry Hughes,2002-03,4546000,WAS
Larry Johnson,2002-03,9610714,NYK
Latrell Sprewell,2002-03,12375000,NYK
Lavor Postell,2002-03,587435,NYK
Lawrence Funderburke,2002-03,3300000,SAC
Lee Nailon,2002-03,587435,NYK
Lindsey Hunter,2002-03,3870912,TOR
Lonny Baxter,2002-03,349458,CHI
Loren Woods,2002-03,662435,MIN
Lorenzen Wright,2002-03,6050000,MEM
Lorenzo Williams,2002-03,2068000,WAS
Loy Vaught,2002-03,5364964,WAS
Luc Longley,2002-03,6900000,NYK
Lucious Harris,2002-03,2640000,NJN
Malik Allen,2002-03,512435,MIA
Malik Rose,2002-03,4370000,SAS
Mamadou N\'Diaye,2002-03,848520,TOR
Manu Ginobili,2002-03,1325000,SAS
Marc Jackson,2002-03,3575000,MIN
Marcus Camby,2002-03,6750000,DEN
Marcus Fizer,2002-03,2946240,CHI
Marcus Haislip,2002-03,1439400,MIL
Mark Blount,2002-03,762435,DEN
Mark Bryant,2002-03,1030000,DEN
Mark Jackson,2002-03,1030000,UTA
Mark Madsen,2002-03,813000,LAL
Mark Pope,2002-03,637435,NYK
Mark Strickland,2002-03,60361,DAL
Marko Jaric,2002-03,1750000,LAC
Mateen Cleaves,2002-03,1441440,SAC
Matt Bullard,2002-03,1430000,NOH
Matt Harpring,2002-03,4000000,UTA
Matt Maloney,2002-03,170716,ATL
Mehmet Okur,2002-03,1000000,DET
Melvin Ely,2002-03,1490120,LAC
Mengke Bateer,2002-03,512453,SAS
Metta World Peace,2002-03,1904860,IND
Michael Bradley,2002-03,1207800,TOR
Michael Curry,2002-03,2600000,DET
Michael Dickerson,2002-03,5500000,MEM
Michael Doleac,2002-03,1400000,NYK
Michael Finley,2002-03,11953125,DAL
Michael Jordan,2002-03,1030000,WAS
Michael Olowokandi,2002-03,6061213,LAC
Michael Redd,2002-03,3000000,MIL
Michael Stewart,2002-03,4160000,CLE
Mike Batiste,2002-03,349458,MEM
Mike Bibby,2002-03,8500000,SAC
Mike Dunleavy,2002-03,3100080,GSW
Mike James,2002-03,512435,MIA
Mike Miller,2002-03,2668080,ORL
Mike Wilks,2002-03,55402,ATL
Mikki Moore,2002-03,2412500,DET
Milt Palacio,2002-03,750000,CLE
Morris Peterson,2002-03,1033320,TOR
Muggsy Bogues,2002-03,1659120,DAL
Nate Huffman,2002-03,349458,TOR
Nazr Mohammed,2002-03,4750000,ATL
Nene,2002-03,1945520,DEN
Nick Anderson,2002-03,6101906,CLE
Nick Van Exel,2002-03,11061234,DAL
Nikoloz Tskitishvili,2002-03,2530920,DEN
Olumide Oyedeji,2002-03,587435,ORL
Oscar Torres,2002-03,168729,GSW
Othella Harrington,2002-03,2700000,NYK
P.J. Brown,2002-03,7044800,NOH
Pat Burke,2002-03,349458,ORL
Pat Garrity,2002-03,2350000,ORL
Patrick Ewing,2002-03,1850000,ORL
Pau Gasol,2002-03,3193680,MEM
Paul Pierce,2002-03,10067750,BOS
Paul Shirley,2002-03,29832,ATL
Peja Stojakovic,2002-03,5625000,SAC
Pepe Sanchez,2002-03,587435,DET
Popeye Jones,2002-03,1030000,DAL
Predrag Drobnjak,2002-03,526413,OKC
Predrag Savovic,2002-03,349458,DEN
Primoz Brezec,2002-03,805320,IND
Quentin Richardson,2002-03,1174080,LAC
Qyntel Woods,2002-03,980280,POR
Raef LaFrentz,2002-03,7270000,DAL
Rafer Alston,2002-03,37344,TOR
Raja Bell,2002-03,612435,DAL
Randy Brown,2002-03,2700000,PHO
Rashard Lewis,2002-03,6233766,OKC
Rasheed Wallace,2002-03,16200000,POR
Rasho Nesterovic,2002-03,2436813,MIN
Rasual Butler,2002-03,349458,MIA
Ratko Varda,2002-03,124984,WAS
Raul Lopez,2002-03,578160,UTA
Ray Allen,2002-03,12375000,MIL
Reggie Evans,2002-03,349458,OKC
Reggie Miller,2002-03,12046473,IND
Reggie Slater,2002-03,321926,MIN
Richard Hamilton,2002-03,2681783,DET
Richard Jefferson,2002-03,1482840,NJN
Rick Brunson,2002-03,699935,CHI
Rick Fox,2002-03,4340231,LAL
Ricky Davis,2002-03,4546000,CLE
Robert Archibald,2002-03,349458,MEM
Robert Horry,2002-03,5300000,LAL
Robert Traylor,2002-03,750000,NOH
Rod Strickland,2002-03,1030000,MIN
Rodney Rogers,2002-03,2796000,NJN
Rodney White,2002-03,1820520,DEN
Roger Mason,2002-03,349458,CHI
Ron Mercer,2002-03,6750000,IND
Ronald Murray,2002-03,349458,MIL
Ruben Boumtje-Boumtje,2002-03,512435,POR
Ruben Patterson,2002-03,4991800,POR
Ruben Wolkowyski,2002-03,587435,BOS
Ryan Bowen,2002-03,1111111,DEN
Ryan Humphrey,2002-03,1063680,ORL
Sam Cassell,2002-03,4850000,MIL
Samaki Walker,2002-03,1540000,LAL
Scot Pollard,2002-03,4826874,SAC
Scott Padgett,2002-03,612435,UTA
Scott Williams,2002-03,1030000,PHO
Scottie Pippen,2002-03,19727524,POR
Sean Lampley,2002-03,349458,MIA
Sean Marks,2002-03,612435,MIA
Sean Rooks,2002-03,2640000,LAC
Shammond Williams,2002-03,2000000,BOS
Shandon Anderson,2002-03,6100000,NYK
Shane Battier,2002-03,2368200,MEM
Shaquille O\'Neal,2002-03,23571429,LAL
Shareef Abdur-Rahim,2002-03,12375000,ATL
Shawn Bradley,2002-03,4000000,DAL
Shawn Kemp,2002-03,12621028,POR
Shawn Marion,2002-03,2265375,PHO
Smush Parker,2002-03,349458,CLE
Soumaila Samake,2002-03,124984,LAL
Speedy Claxton,2002-03,1076400,SAS
Stacey Augmon,2002-03,2400000,NOH
Stanislav Medvedenko,2002-03,1400000,LAL
Stephen Jackson,2002-03,699935,SAS
Stephon Marbury,2002-03,12375000,PHO
Steve Kerr,2002-03,2625000,SAS
Steve Nash,2002-03,5750000,DAL
Steve Smith,2002-03,9900000,SAS
Steven Hunter,2002-03,1338240,ORL
Stromile Swift,2002-03,3639000,MEM
Tamar Slay,2002-03,349458,NJN
Tariq Abdul-Wahad,2002-03,5625000,DAL
Tayshaun Prince,2002-03,903360,DET
Terrell Brandon,2002-03,10175000,MIN
Theo Ratliff,2002-03,9375000,ATL
Tim Duncan,2002-03,12072500,SAS
Tim Hardaway,2002-03,1000000,DEN
Tim Thomas,2002-03,10750000,MIL
Tom Gugliotta,2002-03,10892000,PHO
Toni Kukoc,2002-03,8050000,MIL
Tony Battie,2002-03,4000000,BOS
Tony Delk,2002-03,2700000,BOS
Tony Massenburg,2002-03,741098,UTA
Tony Parker,2002-03,800400,SAS
Tracy McGrady,2002-03,12072500,ORL
Tracy Murray,2002-03,3740000,LAL
Travis Best,2002-03,1400000,MIA
Travis Knight,2002-03,4000000,NYK
Tremaine Fowlkes,2002-03,512435,LAC
Trenton Hassell,2002-03,512435,CHI
Troy Hudson,2002-03,2000000,MIN
Troy Murphy,2002-03,1408680,GSW
Tyrone Hill,2002-03,6600000,CLE
Tyronn Lue,2002-03,1870000,WAS
Tyson Chandler,2002-03,3556200,CHI
Vin Baker,2002-03,12375000,BOS
Vince Carter,2002-03,10067750,TOR
Vincent Yarbrough,2002-03,349458,DEN
Vitaly Potapenko,2002-03,5238750,OKC
Vlade Divac,2002-03,11248076,SAC
Vladimir Radmanovic,2002-03,1560840,OKC
Vladimir Stepania,2002-03,1350000,MIA
Voshon Lenard,2002-03,824935,TOR
Wally Szczerbiak,2002-03,2933187,MIN
Walt Williams,2002-03,1030000,DAL
Walter McCarty,2002-03,762435,BOS
Wang Zhizhi,2002-03,1900000,LAC
Wesley Person,2002-03,7000000,MEM
Zach Randolph,2002-03,1095720,POR
Zeljko Rebraca,2002-03,3850000,DET
Zydrunas Ilgauskas,2002-03,12375000,CLE
Aaron Williams,2003-04,2925000,NJN
Adonal Foyle,2003-04,4400000,GSW
Adrian Griffin,2003-04,751179,HOU
Al Harrington,2003-04,5692500,IND
Alan Henderson,2003-04,7682188,ATL
Alex Garcia,2003-04,366931,SAS
Allan Houston,2003-04,15937500,NYK
Alonzo Mourning,2003-04,4917000,NJN
Alton Ford,2003-04,586082,HOU
Alvin Williams,2003-04,5500000,TOR
Amar\'e Stoudemire,2003-04,1899720,PHO
Andre Miller,2003-04,8000000,DEN
Andrei Kirilenko,2003-04,955800,UTA
Andrew DeClercq,2003-04,2500000,ORL
Anfernee Hardaway,2003-04,13500000,PHO
Ansu Sesay,2003-04,688679,OKC
Anthony Carter,2003-04,751179,SAS
Anthony Johnson,2003-04,813679,IND
Anthony Mason,2003-04,4348094,MIL
Anthony Peeler,2003-04,1070000,SAC
Antonio Daniels,2003-04,2200000,OKC
Antonio Davis,2003-04,12925000,CHI
Antonio McDyess,2003-04,13500000,NYK
Austin Croshere,2003-04,7610000,IND
Avery Johnson,2003-04,5445600,GSW
Baron Davis,2003-04,10960000,NOH
Ben Davis,2003-04,176369,HOU
Ben Handlogten,2003-04,366931,UTA
Ben Wallace,2003-04,5500000,DET
Bimbo Coles,2003-04,1070000,MIA
Bo Outlaw,2003-04,6585000,MEM
Bob Sura,2003-04,6266666,DET
Bobby Jackson,2003-04,2925000,SAC
Bonzi Wells,2003-04,7000000,MEM
Boris Diaw,2003-04,1021080,ATL
Bostjan Nachbar,2003-04,1396440,HOU
Brad Miller,2003-04,7000000,SAC
Brandon Armstrong,2003-04,995650,NJN
Brandon Hunter,2003-04,366931,BOS
Brendan Haywood,2003-04,1125360,WAS
Brent Barry,2003-04,5400000,OKC
Brevin Knight,2003-04,5000000,WAS
Brian Cardinal,2003-04,663679,GSW
Brian Cook,2003-04,903360,LAL
Brian Grant,2003-04,12130648,MIA
Brian Scalabrine,2003-04,800000,NJN
Brian Skinner,2003-04,1500000,MIL
Britton Johnsen,2003-04,44748,ORL
Bruce Bowen,2003-04,3650000,SAS
Bruno Sundov,2003-04,751159,CLE
Bryce Drew,2003-04,1300000,NOH
Bryon Russell,2003-04,1070000,LAL
Calbert Cheaney,2003-04,1070000,GSW
Calvin Booth,2003-04,5446800,OKC
Carlos Arroyo,2003-04,800000,UTA
Carlos Boozer,2003-04,563679,CLE
Carmelo Anthony,2003-04,3229200,DEN
Caron Butler,2003-04,1804680,MIA
Casey Jacobsen,2003-04,1011600,PHO
Cezary Trybanski,2003-04,1600000,PHO
Charlie Ward,2003-04,6030000,NYK
Chauncey Billups,2003-04,5000600,DET
Cherokee Parks,2003-04,228946,GSW
Chris Andersen,2003-04,638679,DEN
Chris Bosh,2003-04,2911320,TOR
Chris Childs,2003-04,1166667,NJN
Chris Crawford,2003-04,3000000,ATL
Chris Jefferies,2003-04,840360,CHI
Chris Mihm,2003-04,2809494,BOS
Chris Mills,2003-04,6600000,BOS
Chris Webber,2003-04,15937500,SAC
Chris Whitney,2003-04,1070000,WAS
Christian Laettner,2003-04,5625000,WAS
Chucky Atkins,2003-04,3900000,DET
Clarence Weatherspoon,2003-04,5445600,HOU
Clifford Robinson,2003-04,4700000,GSW
Corie Blount,2003-04,1680000,CHI
Corliss Williamson,2003-04,5000000,DET
Cory Alexander,2003-04,2302778,DEN
Courtney Alexander,2003-04,2168193,NOH
Curtis Borchardt,2003-04,1187240,UTA
Cuttino Mobley,2003-04,5394125,HOU
Dahntay Jones,2003-04,1063680,MEM
Dajuan Wagner,2003-04,2471280,CLE
Dale Davis,2003-04,9061875,POR
Dalibor Bagaric,2003-04,1599076,CHI
Damon Jones,2003-04,751179,MIL
Damon Stoudamire,2003-04,12375000,POR
Damone Brown,2003-04,202508,NJN
Dan Dickau,2003-04,835200,ATL
Dan Gadzuric,2003-04,563679,MIL
Dan Langhi,2003-04,530943,MIL
Daniel Santiago,2003-04,1200000,MIL
Darius Miles,2003-04,4130701,CLE
Darius Songaila,2003-04,366931,SAC
Darko Milicic,2003-04,3595800,DET
Darrell Armstrong,2003-04,2475000,NOH
Darvin Ham,2003-04,813679,DET
David Wesley,2003-04,3960000,NOH
David West,2003-04,1160160,NOH
DeSagana Diop,2003-04,2118840,CLE
DeShawn Stevenson,2003-04,1616087,UTA
Derek Anderson,2003-04,7794000,POR
Derek Fisher,2003-04,3000000,LAL
Derrick Dial,2003-04,32375,ORL
Desmond Mason,2003-04,1898312,MIL
Devean George,2003-04,4546000,LAL
Devin Brown,2003-04,563679,SAS
Dikembe Mutombo,2003-04,4087667,NYK
Dion Glover,2003-04,1000000,ATL
Donnell Harvey,2003-04,663679,PHO
Donyell Marshall,2003-04,4605196,TOR
Doug Christie,2003-04,6900000,SAC
Doug Overton,2003-04,104390,NJN
Drew Gooden,2003-04,3004560,ORL
Dwyane Wade,2003-04,2636400,MIA
Earl Boykins,2003-04,2500000,DEN
Earl Watson,2003-04,1336500,MEM
Eddie Griffin,2003-04,2312760,HOU
Eddie Jones,2003-04,12333750,MIA
Eddie Robinson,2003-04,6204000,CHI
Eddy Curry,2003-04,3080160,CHI
Elden Campbell,2003-04,4000000,DET
Eric Montross,2003-04,2960000,TOR
Eric Piatkowski,2003-04,2500000,HOU
Eric Williams,2003-04,5540000,CLE
Erick Dampier,2003-04,7842000,GSW
Erick Strickland,2003-04,1500000,MIL
Ervin Johnson,2003-04,4418156,MIN
Etan Thomas,2003-04,2200942,WAS
Evan Eschmeyer,2003-04,3017266,GSW
Francisco Elson,2003-04,366931,DEN
Frank Williams,2003-04,894960,NYK
Fred Hoiberg,2003-04,938679,MIN
Fred Jones,2003-04,1506000,IND
Gary Payton,2003-04,4917000,LAL
Gary Trent,2003-04,938679,MIN
George Lynch,2003-04,2800000,NOH
Gerald Wallace,2003-04,917520,SAC
Gilbert Arenas,2003-04,8536000,WAS
Glen Rice,2003-04,6815000,UTA
Gordan Giricek,2003-04,1540000,ORL
Grant Hill,2003-04,13279750,ORL
Greg Ostertag,2003-04,8666666,UTA
Hakeem Olajuwon,2003-04,6326923,TOR
Hedo Turkoglu,2003-04,1995611,SAS
Horace Grant,2003-04,1070000,LAL
Howard Eisley,2003-04,5843750,NYK
Hubert Davis,2003-04,2956250,DET
Ira Newble,2003-04,2458500,CLE
J.R. Bremer,2003-04,563679,CLE
Jabari Smith,2003-04,638679,SAC
Jacque Vaughn,2003-04,813679,ATL
Jahidi White,2003-04,5676091,PHO
Jake Tsakalidis,2003-04,1580702,MEM
Jake Voskuhl,2003-04,1500000,PHO
Jalen Rose,2003-04,13279750,TOR
Jamaal Magloire,2003-04,1726771,NOH
Jamaal Tinsley,2003-04,861600,IND
Jamal Crawford,2003-04,2577937,CHI
Jamal Mashburn,2003-04,8525000,NOH
Jamal Sampson,2003-04,563679,LAL
James Jones,2003-04,366931,IND
James Posey,2003-04,4917000,MEM
Jamison Brewer,2003-04,638679,IND
Jannero Pargo,2003-04,563679,LAL
Jared Jeffries,2003-04,1714440,WAS
Jarron Collins,2003-04,1250000,UTA
Jarvis Hayes,2003-04,1748760,WAS
Jason Caffey,2003-04,5687500,MIL
Jason Collins,2003-04,1227480,NJN
Jason Hart,2003-04,638679,SAS
Jason Kapono,2003-04,366931,CLE
Jason Kidd,2003-04,13152000,NJN
Jason Richardson,2003-04,2789280,GSW
Jason Terry,2003-04,8333333,ATL
Jason Williams,2003-04,6187500,MEM
Jay Williams,2003-04,3710880,CHI
Jeff Foster,2003-04,4000000,IND
Jeff McInnis,2003-04,3300000,POR
Jeff Trepagnier,2003-04,638679,DEN
Jelani McCoy,2003-04,36643,CLE
Jermaine O\'Neal,2003-04,13152000,IND
Jerome Beasley,2003-04,366931,MIA
Jerome James,2003-04,5000600,OKC
Jerome Moiso,2003-04,1600000,TOR
Jerome Williams,2003-04,5987500,CHI
Jerry Stackhouse,2003-04,6906250,WAS
Jeryl Sasser,2003-04,1125729,ORL
Jim Jackson,2003-04,2200000,HOU
Jiri Welsch,2003-04,1326600,BOS
Joe Johnson,2003-04,1850160,PHO
Joe Smith,2003-04,5445600,MIL
Joel Przybilla,2003-04,2373309,MIL
John Amaechi,2003-04,2610000,NYK
John Wallace,2003-04,813679,MIA
Jon Barry,2003-04,3000000,DEN
Jonathan Bender,2003-04,5800000,IND
Joseph Forte,2003-04,1080360,OKC
Juan Dixon,2003-04,1260360,WAS
Jumaine Jones,2003-04,1500000,BOS
Juwan Howard,2003-04,4917000,ORL
Kaniel Dickens,2003-04,264011,POR
Kareem Rush,2003-04,1097640,LAL
Karl Malone,2003-04,1500000,LAL
Kedrick Brown,2003-04,1757640,CLE
Keith Bogans,2003-04,366931,ORL
Keith McLeod,2003-04,366931,MIN
Keith Van Horn,2003-04,13279750,NYK
Kelvin Cato,2003-04,7344000,HOU
Kendall Gill,2003-04,1070000,CHI
Kendrick Perkins,2003-04,814320,BOS
Kenny Anderson,2003-04,1070000,IND
Kenyon Martin,2003-04,5128689,NJN
Keon Clark,2003-04,5000600,UTA
Kerry Kittles,2003-04,9266666,NJN
Kevin Garnett,2003-04,28000000,MIN
Kevin Ollie,2003-04,2458500,CLE
Kevin Willis,2003-04,1070000,SAS
Kirk Haston,2003-04,1360080,NOH
Kirk Hinrich,2003-04,2185920,CHI
Kirk Penney,2003-04,8950,MIA
Kobe Bryant,2003-04,13500000,LAL
Kurt Thomas,2003-04,5394125,NYK
Kwame Brown,2003-04,4252080,WAS
Lamar Odom,2003-04,9963596,MIA
Lamond Murray,2003-04,4500000,TOR
Larry Hughes,2003-04,5000600,WAS
Latrell Sprewell,2003-04,13500000,MIN
Lawrence Funderburke,2003-04,3600000,SAC
LeBron James,2003-04,4018920,CLE
Leandro Barbosa,2003-04,809280,PHO
Lindsey Hunter,2003-04,3000000,DET
Linton Johnson,2003-04,366931,CHI
Lonny Baxter,2003-04,636679,TOR
Loren Woods,2003-04,638679,MIA
Lorenzen Wright,2003-04,6600000,MEM
Lucious Harris,2003-04,2500000,NJN
Luke Ridnour,2003-04,1424400,OKC
Luke Walton,2003-04,366931,LAL
Maciej Lampe,2003-04,829000,NYK
Malik Allen,2003-04,1510000,MIA
Malik Rose,2003-04,4916250,SAS
Manu Ginobili,2003-04,1457500,SAS
Marcus Banks,2003-04,1499400,BOS
Marcus Camby,2003-04,7250000,DEN
Marcus Fizer,2003-04,3726994,CHI
Marcus Haislip,2003-04,1547280,MIL
Mark Blount,2003-04,944922,BOS
Mark Jackson,2003-04,1500000,DEN
Mark Madsen,2003-04,663679,MIN
Mark Pope,2003-04,751179,DEN
Matt Carroll,2003-04,349032,POR
Matt Harpring,2003-04,4290000,UTA
Matt Maloney,2003-04,3006260,HOU
Maurice Taylor,2003-04,7800000,HOU
Mehmet Okur,2003-04,1100000,DET
Mengke Bateer,2003-04,636679,TOR
Metta World Peace,2003-04,5473684,IND
Michael Bradley,2003-04,1292040,TOR
Michael Curry,2003-04,2800000,TOR
Michael Dickerson,2003-04,6187500,MEM
Michael Doleac,2003-04,1540000,NYK
Michael Olowokandi,2003-04,4917000,MIN
Michael Redd,2003-04,3000000,MIL
Michael Ruffin,2003-04,663679,UTA
Michael Stewart,2003-04,4480000,BOS
Mickael Pietrus,2003-04,1527946,GSW
Mike Bibby,2003-04,9500000,SAC
Mike Dunleavy,2003-04,3332520,GSW
Mike James,2003-04,638679,BOS
Mike Miller,2003-04,3380457,MEM
Mike Sweetney,2003-04,1840800,NYK
Mike Wilks,2003-04,638679,HOU
Mikki Moore,2003-04,513000,NJN
Milt Palacio,2003-04,688679,TOR
Mitchell Butler,2003-04,876179,WAS
Mo Williams,2003-04,366931,UTA
Monty Williams,2003-04,1000000,ORL
Moochie Norris,2003-04,3500000,NYK
Morris Peterson,2003-04,1646079,TOR
Nate Huffman,2003-04,1760000,TOR
Nazr Mohammed,2003-04,5000000,ATL
Ndudi Ebi,2003-04,838560,MIN
Nene,2003-04,2102840,DEN
Nick Collison,2003-04,1578240,OKC
Nick Van Exel,2003-04,11956625,GSW
Nikoloz Tskitishvili,2003-04,2720760,DEN
Obinna Ekezie,2003-04,688679,ATL
Oliver Miller,2003-04,686838,MIN
Othella Harrington,2003-04,2925000,NYK
P.J. Brown,2003-04,8000000,NOH
Pat Garrity,2003-04,2643750,ORL
Pau Gasol,2003-04,3417000,MEM
Paul Grant,2003-04,350581,UTA
Paul Pierce,2003-04,11326219,BOS
Peja Stojakovic,2003-04,6250000,SAC
Pepe Sanchez,2003-04,663679,GSW
Popeye Jones,2003-04,1070000,GSW
Primoz Brezec,2003-04,861600,IND
Quincy Lewis,2003-04,202341,MIN
Qyntel Woods,2003-04,1053720,POR
Raef LaFrentz,2003-04,8178750,BOS
Rafer Alston,2003-04,688679,MIA
Raja Bell,2003-04,688679,UTA
Rashard Lewis,2003-04,7012987,OKC
Rasheed Wallace,2003-04,17000000,POR
Rasho Nesterovic,2003-04,5600000,SAS
Rasual Butler,2003-04,563679,MIA
Raul Lopez,2003-04,621520,UTA
Ray Allen,2003-04,13500000,OKC
Reece Gaines,2003-04,1353120,ORL
Reggie Evans,2003-04,700000,OKC
Reggie Miller,2003-04,5000000,IND
Richard Hamilton,2003-04,6500000,DET
Richard Jefferson,2003-04,1586280,NJN
Richie Frahm,2003-04,366931,OKC
Rick Brunson,2003-04,813679,CHI
Rick Fox,2003-04,4734797,LAL
Ricky Davis,2003-04,5000600,BOS
Robert Archibald,2003-04,563679,ORL
Robert Horry,2003-04,4500000,SAS
Robert Pack,2003-04,965610,NJN
Robert Traylor,2003-04,825000,NOH
Rod Strickland,2003-04,887317,ORL
Rodney Buford,2003-04,145686,SAC
Rodney Rogers,2003-04,3075600,NJN
Rodney White,2003-04,1947600,DEN
Roger Mason,2003-04,563679,TOR
Ron Mercer,2003-04,6750000,SAS
Ronald Murray,2003-04,563679,OKC
Ruben Boumtje-Boumtje,2003-04,663679,POR
Ruben Patterson,2003-04,5445600,POR
Ryan Bowen,2003-04,1250000,DEN
Ryan Humphrey,2003-04,1143360,MEM
Sam Cassell,2003-04,5062500,MIN
Samaki Walker,2003-04,1700000,MIA
Sasha Pavlovic,2003-04,1107960,UTA
Scot Pollard,2003-04,5309563,IND
Scott Padgett,2003-04,688679,HOU
Scott Williams,2003-04,1070000,PHO
Scottie Pippen,2003-04,4917000,CHI
Sean Lampley,2003-04,89364,GSW
Sean Marks,2003-04,596295,SAS
Sean Rooks,2003-04,1070000,NOH
Shammond Williams,2003-04,751179,ORL
Shandon Anderson,2003-04,6700000,NYK
Shane Battier,2003-04,2533440,MEM
Shane Heal,2003-04,75615,SAS
Shaquille O\'Neal,2003-04,24749999,LAL
Shareef Abdur-Rahim,2003-04,13500000,ATL
Shawn Kemp,2003-04,14941935,POR
Shawn Marion,2003-04,10960000,PHO
Slavko Vranes,2003-04,129768,NYK
Speedy Claxton,2003-04,3000000,GSW
Stacey Augmon,2003-04,2400000,NOH
Stanislav Medvedenko,2003-04,1540000,LAL
Stephen Jackson,2003-04,1000000,ATL
Stephon Marbury,2003-04,13500000,PHO
Steve Blake,2003-04,366931,WAS
Steve Francis,2003-04,10960000,HOU
Steve Smith,2003-04,1070000,NOH
Steven Hunter,2003-04,1431600,ORL
Stromile Swift,2003-04,4592418,MEM
T.J. Ford,2003-04,2002680,MIL
Tamar Slay,2003-04,563679,NJN
Tayshaun Prince,2003-04,971160,DET
Terrell Brandon,2003-04,11100000,ATL
Theo Ratliff,2003-04,10156250,ATL
Theron Smith,2003-04,366931,MEM
Tim Duncan,2003-04,12676125,SAS
Tim Thomas,2003-04,11825000,MIL
Tom Gugliotta,2003-04,11670000,PHO
Toni Kukoc,2003-04,9056250,MIL
Tony Battie,2003-04,4400000,CLE
Tony Massenburg,2003-04,1070000,SAC
Tony Parker,2003-04,856200,SAS
Torraye Braggs,2003-04,53697,HOU
Tracy McGrady,2003-04,13279750,ORL
Tracy Murray,2003-04,143537,POR
Travis Hansen,2003-04,366931,ATL
Travis Knight,2003-04,4402500,NYK
Travis Outlaw,2003-04,941040,POR
Tremaine Fowlkes,2003-04,638679,DET
Trenton Hassell,2003-04,638679,MIN
Troy Bell,2003-04,1285440,MEM
Troy Hudson,2003-04,2100000,MIN
Troy Murphy,2003-04,1506960,GSW
Tyrone Hill,2003-04,221829,MIA
Tyronn Lue,2003-04,1500000,ORL
Tyson Chandler,2003-04,3804360,CHI
Udonis Haslem,2003-04,366931,MIA
Vin Baker,2003-04,13500000,BOS
Vince Carter,2003-04,11326219,TOR
Vitaly Potapenko,2003-04,5715000,OKC
Vlade Divac,2003-04,12051510,SAC
Vladimir Radmanovic,2003-04,1669800,OKC
Vladimir Stepania,2003-04,751179,POR
Voshon Lenard,2003-04,1200000,DEN
Wally Szczerbiak,2003-04,8000000,MIN
Walter McCarty,2003-04,1200000,BOS
Wang Zhizhi,2003-04,530943,MIA
Wesley Person,2003-04,7700000,POR
Yao Ming,2003-04,4147560,HOU
Zach Randolph,2003-04,1172160,POR
Zarko Cabarkapa,2003-04,1221240,PHO
Zaza Pachulia,2003-04,366931,ORL
Zeljko Rebraca,2003-04,4200000,DET
Zoran Planinic,2003-04,980280,NJN
Zydrunas Ilgauskas,2003-04,13500000,CLE
Aaron McKie,2004-05,5500000,PHI
Aaron Williams,2004-05,3790257,TOR
Adonal Foyle,2004-05,6500000,GSW
Al Harrington,2004-05,6325000,ATL
Al Jefferson,2004-05,1407240,BOS
Alan Henderson,2004-05,8273125,DAL
Aleksandar Radojevic,2004-05,720046,UTA
Alex Garcia,2004-05,620046,NOH
Allan Houston,2004-05,17531250,NYK
Allen Iverson,2004-05,14625000,PHI
Alonzo Mourning,2004-05,5408700,TOR
Alvin Williams,2004-05,5850000,TOR
Amal McCaskill,2004-05,932546,DET
Amar\'e Stoudemire,2004-05,2032200,PHO
Anderson Varejao,2004-05,788000,CLE
Andre Barrett,2004-05,385277,HOU
Andre Emmett,2004-05,385277,MEM
Andre Iguodala,2004-05,1914480,PHI
Andrei Kirilenko,2004-05,1671694,UTA
Andrew DeClercq,2004-05,2500000,ORL
Andris Biedrins,2004-05,1727760,GSW
Anfernee Hardaway,2004-05,14625000,NYK
Ansu Sesay,2004-05,745046,GSW
Antawn Jamison,2004-05,12584688,WAS
Anthony Carter,2004-05,807546,MIN
Anthony Goldwire,2004-05,116713,MIL
Anthony Johnson,2004-05,2200000,IND
Anthony Mason,2004-05,4710435,MIL
Anthony Miller,2004-05,34118,ATL
Anthony Peeler,2004-05,1600000,WAS
Antoine Walker,2004-05,14625000,ATL
Antonio Burks,2004-05,385277,MEM
Antonio Daniels,2004-05,2200000,OKC
Antonio McDyess,2004-05,4903000,DET
Arvydas Sabonis,2004-05,3000000,POR
Austin Croshere,2004-05,8260000,IND
Avery Johnson,2004-05,1100000,DAL
Awvee Storey,2004-05,84573,NJN
Baron Davis,2004-05,12330000,NOH
Ben Wallace,2004-05,7000000,DET
Bo Outlaw,2004-05,1059756,PHO
Bob Sura,2004-05,3200000,HOU
Bobby Jackson,2004-05,3150000,SAC
Bobby Simmons,2004-05,825000,LAC
Bonzi Wells,2004-05,7700000,MEM
Boris Diaw,2004-05,1097640,ATL
Bostjan Nachbar,2004-05,1493880,HOU
Brad Miller,2004-05,7875000,SAC
Brandon Hunter,2004-05,620046,ORL
Brendan Haywood,2004-05,1735305,WAS
Brian Cardinal,2004-05,4903000,MEM
Brian Cook,2004-05,971160,LAL
Brian Grant,2004-05,13233434,LAL
Brian Scalabrine,2004-05,900000,NJN
Brian Skinner,2004-05,4500000,PHI
Britton Johnsen,2004-05,45369,IND
Bruno Sundov,2004-05,870046,NYK
Calbert Cheaney,2004-05,1600000,GSW
Calvin Booth,2004-05,5900700,DAL
Carlos Arroyo,2004-05,4000000,UTA
Carlos Boozer,2004-05,10967500,UTA
Carlos Delfino,2004-05,901920,DET
Caron Butler,2004-05,1930680,LAL
Casey Jacobsen,2004-05,1082160,PHO
Charlie Ward,2004-05,1700000,HOU
Chauncey Billups,2004-05,5455200,DET
Chris Andersen,2004-05,1600000,NOH
Chris Bosh,2004-05,3129720,TOR
Chris Crawford,2004-05,3250000,ATL
Chris Kaman,2004-05,2574240,LAC
Chris Mihm,2004-05,3371393,LAL
Chris Webber,2004-05,17531250,SAC
Chris Wilcox,2004-05,2210880,LAC
Christian Laettner,2004-05,1100000,MIA
Chucky Atkins,2004-05,4200000,LAL
Clarence Weatherspoon,2004-05,5899400,HOU
Clifford Robinson,2004-05,5287500,GSW
Corey Maggette,2004-05,7000000,LAC
Corliss Williamson,2004-05,5500000,PHI
Corsley Edwards,2004-05,319498,NOH
Courtney Alexander,2004-05,79029,SAC
Curtis Borchardt,2004-05,1280880,UTA
Cuttino Mobley,2004-05,5884500,ORL
Dahntay Jones,2004-05,1143360,MEM
Dajuan Wagner,2004-05,2643600,CLE
Dale Davis,2004-05,10068750,GSW
Damien Wilkins,2004-05,385277,OKC
Damon Jones,2004-05,2503000,MIA
Damon Stoudamire,2004-05,12500000,POR
Dan Dickau,2004-05,893400,NOH
Dan Gadzuric,2004-05,695046,MIL
Daniel Santiago,2004-05,1320000,MIL
Danny Fortson,2004-05,5818136,OKC
Darius Miles,2004-05,6750000,POR
Darius Songaila,2004-05,1600000,SAC
Darko Milicic,2004-05,3865440,DET
Darrell Armstrong,2004-05,2275000,DAL
Darvin Ham,2004-05,932546,DET
David Harrison,2004-05,835560,IND
David Wesley,2004-05,4455000,NOH
David West,2004-05,1247160,NOH
DeSagana Diop,2004-05,2695164,CLE
DeShawn Stevenson,2004-05,2500000,ORL
Delonte West,2004-05,939480,BOS
Derek Anderson,2004-05,8443500,POR
Derek Fisher,2004-05,4903000,GSW
Derrick Coleman,2004-05,4500000,DET
Desmond Mason,2004-05,6529630,MIL
Devean George,2004-05,4546000,LAL
Devin Harris,2004-05,2741880,DAL
Didier Ilunga-Mbenga,2004-05,800000,DAL
Dikembe Mutombo,2004-05,14989285,NJN
Dirk Nowitzki,2004-05,12584688,DAL
Donta Smith,2004-05,425000,ATL
Donyell Marshall,2004-05,5023850,TOR
Dorell Wright,2004-05,1152240,MIA
Doug Christie,2004-05,7550000,SAC
Drew Gooden,2004-05,3214080,CLE
Dwight Howard,2004-05,4179720,ORL
Dwyane Wade,2004-05,2834160,MIA
Earl Watson,2004-05,1458000,MEM
Eddie Gill,2004-05,720046,IND
Eddie Griffin,2004-05,695046,MIN
Eddie House,2004-05,563327,MIL
Eddie Jones,2004-05,13455000,MIA
Eduardo Najera,2004-05,3809524,GSW
Efthimi Rentzias,2004-05,516865,PHI
Elden Campbell,2004-05,4400000,DET
Elton Brand,2004-05,12056000,LAC
Eric Snow,2004-05,4875000,CLE
Eric Williams,2004-05,3580000,TOR
Erick Dampier,2004-05,7700000,DAL
Erick Strickland,2004-05,1650000,MIL
Erik Daniels,2004-05,385277,SAC
Ervin Johnson,2004-05,4837633,MIN
Etan Thomas,2004-05,4903000,WAS
Evan Eschmeyer,2004-05,3407655,DAL
Fred Hoiberg,2004-05,1600000,MIN
Fred Jones,2004-05,1572480,IND
Gary Payton,2004-05,5408700,BOS
Geno Carlisle,2004-05,65779,POR
George Lynch,2004-05,3000000,NOH
Gilbert Arenas,2004-05,9389600,WAS
Glenn Robinson,2004-05,12071250,PHI
Gordan Giricek,2004-05,4000000,UTA
Grant Hill,2004-05,14487000,ORL
Greg Buckner,2004-05,1777778,PHI
Greg Ostertag,2004-05,4000000,SAC
Hedo Turkoglu,2004-05,4903000,ORL
Horace Jenkins,2004-05,385277,DET
Howard Eisley,2004-05,1100000,UTA
Ibo Kutluay,2004-05,1600000,OKC
Ira Newble,2004-05,2704350,CLE
J.R. Smith,2004-05,1206600,NOH
Jabari Smith,2004-05,720046,NJN
Jackson Vroman,2004-05,385277,PHO
Jacque Vaughn,2004-05,932546,NJN
Jake Tsakalidis,2004-05,2900000,MEM
Jake Voskuhl,2004-05,1687500,PHO
Jalen Rose,2004-05,14487000,TOR
Jamaal Magloire,2004-05,8533333,NOH
Jamaal Tinsley,2004-05,1554326,IND
Jamal Crawford,2004-05,5760000,NYK
Jamal Mashburn,2004-05,9300000,NOH
Jameer Nelson,2004-05,1106160,ORL
James Jones,2004-05,620046,IND
James Posey,2004-05,5408700,MEM
Jamison Brewer,2004-05,720046,NYK
Jared Jeffries,2004-05,1834080,WAS
Jarron Collins,2004-05,1700000,UTA
Jarvis Hayes,2004-05,1879920,WAS
Jason Caffey,2004-05,4148148,MIL
Jason Collier,2004-05,1500000,ATL
Jason Collins,2004-05,1887864,NJN
Jason Kidd,2004-05,14796000,NJN
Jason Richardson,2004-05,3534018,GSW
Jason Terry,2004-05,7500000,DAL
Jason Williams,2004-05,6875000,MEM
Jeff Foster,2004-05,4500000,IND
Jeff McInnis,2004-05,3600000,CLE
Jelani McCoy,2004-05,167418,ATL
Jermaine O\'Neal,2004-05,14796000,IND
Jerome Beasley,2004-05,620046,MIA
Jerome James,2004-05,5455200,OKC
Jerome Moiso,2004-05,1760000,TOR
Jerome Williams,2004-05,6187500,NYK
Jerry Stackhouse,2004-05,7437500,DAL
Jim Jackson,2004-05,2420000,HOU
Jiri Welsch,2004-05,1419240,BOS
Joe Johnson,2004-05,2358954,PHO
Joe Smith,2004-05,5899400,MIL
Joel Przybilla,2004-05,1500000,POR
John Amaechi,2004-05,1200000,NYK
John Edwards,2004-05,385277,IND
John Salmons,2004-05,925680,PHI
Jon Barry,2004-05,1800000,ATL
Jonathan Bender,2004-05,6525000,IND
Josh Childress,2004-05,2490360,ATL
Josh Davis,2004-05,620046,PHI
Josh Howard,2004-05,863640,DAL
Josh Smith,2004-05,1270080,ATL
Juan Dixon,2004-05,1348200,WAS
Jumaine Jones,2004-05,1687500,LAL
Junior Harrington,2004-05,695046,NOH
Justin Reed,2004-05,385277,BOS
Juwan Howard,2004-05,5408700,HOU
Kaniel Dickens,2004-05,483938,NJN
Kedrick Brown,2004-05,2332388,PHI
Keith McLeod,2004-05,750000,UTA
Keith Van Horn,2004-05,14487000,MIL
Kelvin Cato,2004-05,7992000,ORL
Kendall Gill,2004-05,912195,MIL
Kendrick Perkins,2004-05,875400,BOS
Kenny Anderson,2004-05,1100000,ATL
Kenny Thomas,2004-05,6000000,PHI
Kerry Kittles,2004-05,9566667,LAC
Kevin Garnett,2004-05,16000000,MIN
Kevin Martin,2004-05,872040,SAC
Kevin Ollie,2004-05,2704350,PHI
Kevin Willis,2004-05,1300000,ATL
Keyon Dooling,2004-05,745046,MIA
Kirk Snyder,2004-05,1336920,UTA
Kobe Bryant,2004-05,14175000,LAL
Kris Humphries,2004-05,1481400,UTA
Kurt Thomas,2004-05,5884500,NYK
Kwame Brown,2004-05,5361873,WAS
Kyle Korver,2004-05,620046,PHI
Lamar Odom,2004-05,10548596,LAL
Lamond Murray,2004-05,4875000,TOR
Laron Profit,2004-05,745046,WAS
Larry Hughes,2004-05,5455200,WAS
Latrell Sprewell,2004-05,14625000,MIN
LeBron James,2004-05,4320360,CLE
Leandro Barbosa,2004-05,870000,PHO
Lee Nailon,2004-05,745046,NOH
Lindsey Hunter,2004-05,1600000,DET
Lionel Chalmers,2004-05,450000,LAC
Lonny Baxter,2004-05,542475,NOH
Loren Woods,2004-05,755000,TOR
Lorenzen Wright,2004-05,7150000,MEM
Lucious Harris,2004-05,2500000,CLE
Luis Flores,2004-05,385277,GSW
Luke Jackson,2004-05,1818720,CLE
Luke Ridnour,2004-05,1531200,OKC
Luke Walton,2004-05,620046,LAL
Maciej Lampe,2004-05,900000,PHO
Malik Allen,2004-05,1950625,MIA
Mamadou N\'Diaye,2004-05,750000,LAC
Marc Jackson,2004-05,4225000,PHI
Marcus Banks,2004-05,1611840,BOS
Marcus Fizer,2004-05,735960,MIL
Marcus Haislip,2004-05,1400000,MIL
Mario Kasun,2004-05,385277,ORL
Mark Blount,2004-05,4903000,BOS
Mark Madsen,2004-05,745046,MIN
Marko Jaric,2004-05,2100000,LAC
Marquis Daniels,2004-05,4903000,DAL
Mateen Cleaves,2004-05,735960,OKC
Matt Barnes,2004-05,695046,SAC
Matt Bonner,2004-05,385277,TOR
Matt Freije,2004-05,352388,NOH
Matt Harpring,2004-05,4690000,UTA
Matt Maloney,2004-05,3237500,HOU
Maurice Evans,2004-05,695046,SAC
Maurice Taylor,2004-05,8450000,HOU
Mehmet Okur,2004-05,7500000,UTA
Metta World Peace,2004-05,6157895,IND
Michael Bradley,2004-05,720046,ORL
Michael Curry,2004-05,845122,IND
Michael Doleac,2004-05,2400000,MIA
Michael Finley,2004-05,14609375,DAL
Michael Olowokandi,2004-05,5408700,MIN
Michael Redd,2004-05,3000000,MIL
Michael Ruffin,2004-05,745046,WAS
Michael Stewart,2004-05,4800000,BOS
Mickael Pietrus,2004-05,1785960,GSW
Mike Bibby,2004-05,10500000,SAC
Mike Dunleavy,2004-05,3565080,GSW
Mike James,2004-05,3100000,MIL
Mike Miller,2004-05,6000000,MEM
Mike Sweetney,2004-05,1978920,NYK
Mikki Moore,2004-05,870046,LAC
Milt Palacio,2004-05,807546,TOR
Mo Williams,2004-05,1600000,MIL
Moochie Norris,2004-05,3850000,NYK
Morris Peterson,2004-05,4400000,TOR
Nate Huffman,2004-05,1280000,TOR
Nazr Mohammed,2004-05,5250000,NYK
Ndudi Ebi,2004-05,901440,MIN
Nenad Krstic,2004-05,939480,NJN
Nick Collison,2004-05,1969680,OKC
Nick Van Exel,2004-05,11933252,POR
P.J. Brown,2004-05,8000000,NOH
Pape Sow,2004-05,385277,TOR
Pat Garrity,2004-05,2937500,ORL
Pau Gasol,2004-05,4318481,MEM
Paul Pierce,2004-05,12584688,BOS
Pavel Podkolzin,2004-05,1061880,DAL
Peja Stojakovic,2004-05,6875000,SAC
Peter John Ramos,2004-05,600000,WAS
Predrag Drobnjak,2004-05,2550000,ATL
Quentin Richardson,2004-05,5800000,PHO
Quinton Ross,2004-05,620046,LAC
Qyntel Woods,2004-05,1127280,POR
Raef LaFrentz,2004-05,9714538,BOS
Rafael Araujo,2004-05,2082720,TOR
Rafer Alston,2004-05,3500000,TOR
Raja Bell,2004-05,1320000,UTA
Rashard Lewis,2004-05,7792208,OKC
Rasheed Wallace,2004-05,9720000,DET
Rasual Butler,2004-05,1200000,MIA
Raul Lopez,2004-05,997320,UTA
Ray Allen,2004-05,14625000,OKC
Reece Gaines,2004-05,1454640,HOU
Reggie Evans,2004-05,880000,OKC
Reggie Miller,2004-05,5500000,IND
Richard Hamilton,2004-05,7812500,DET
Richard Jefferson,2004-05,2266794,NJN
Richie Frahm,2004-05,695046,POR
Rick Brunson,2004-05,932546,LAC
Rick Fox,2004-05,4800000,BOS
Ricky Davis,2004-05,5455200,BOS
Robert Swift,2004-05,1641360,OKC
Robert Traylor,2004-05,1600000,CLE
Rodney Buford,2004-05,745046,NJN
Rodney Rogers,2004-05,2700000,NOH
Roger Mason,2004-05,203428,TOR
Ron Mercer,2004-05,1600000,NJN
Ronald Dupree,2004-05,620046,DET
Ronald Murray,2004-05,695046,OKC
Royal Ivey,2004-05,425000,ATL
Ruben Patterson,2004-05,5899400,POR
Ryan Bowen,2004-05,807046,HOU
Ryan Humphrey,2004-05,1223160,MEM
Sam Cassell,2004-05,6250000,MIN
Samaki Walker,2004-05,995046,WAS
Samuel Dalembert,2004-05,1599549,PHI
Sasha Pavlovic,2004-05,1191000,CLE
Sasha Vujacic,2004-05,846840,LAL
Scot Pollard,2004-05,5792250,IND
Scott Padgett,2004-05,807546,HOU
Scott Williams,2004-05,1600000,CLE
Sebastian Telfair,2004-05,1559280,POR
Shandon Anderson,2004-05,7300000,NYK
Shane Battier,2004-05,3212402,MEM
Shaquille O\'Neal,2004-05,27696430,MIA
Shareef Abdur-Rahim,2004-05,14625000,POR
Shaun Livingston,2004-05,3027840,LAC
Shawn Bradley,2004-05,4000000,DAL
Shawn Marion,2004-05,12330000,PHO
Smush Parker,2004-05,695046,DET
Speedy Claxton,2004-05,3300000,GSW
Stacey Augmon,2004-05,1100000,ORL
Stanislav Medvedenko,2004-05,3000000,LAL
Stephen Jackson,2004-05,5100000,IND
Stephon Marbury,2004-05,14625000,NYK
Steve Blake,2004-05,620046,WAS
Steve Francis,2004-05,12330000,ORL
Steve Nash,2004-05,8750000,PHO
Steven Hunter,2004-05,720046,PHO
Stromile Swift,2004-05,5993105,MEM
T.J. Ford,2004-05,2152800,MIL
Tariq Abdul-Wahad,2004-05,6750000,DAL
Tayshaun Prince,2004-05,1038960,DET
Theo Ratliff,2004-05,10937500,POR
Tierre Brown,2004-05,720046,LAL
Tim Pickett,2004-05,32890,NOH
Tim Thomas,2004-05,12900000,NYK
Todd MacCulloch,2004-05,5899400,PHI
Tom Gugliotta,2004-05,2700000,BOS
Toni Kukoc,2004-05,3000000,MIL
Tony Allen,2004-05,901920,BOS
Tony Battie,2004-05,4800000,ORL
Tony Bobbitt,2004-05,305403,LAL
Tony Delk,2004-05,2700000,ATL
Tracy McGrady,2004-05,14487000,HOU
Travis Best,2004-05,1000000,NJN
Travis Outlaw,2004-05,1011600,POR
Tremaine Fowlkes,2004-05,79029,IND
Trenton Hassell,2004-05,4350000,MIN
Trevor Ariza,2004-05,385277,NYK
Troy Bell,2004-05,1381920,MEM
Troy Hudson,2004-05,4903000,MIN
Troy Murphy,2004-05,2231808,GSW
Tyronn Lue,2004-05,1600000,HOU
Udonis Haslem,2004-05,620046,MIA
Viktor Khryapa,2004-05,1019400,POR
Vin Baker,2004-05,3500000,NYK
Vince Carter,2004-05,12584688,NJN
Vitaly Potapenko,2004-05,6191250,OKC
Vlade Divac,2004-05,4903000,LAL
Vladimir Radmanovic,2004-05,2300984,OKC
Vladimir Stepania,2004-05,1100000,POR
Wally Szczerbiak,2004-05,9000000,MIN
Walter McCarty,2004-05,1337500,BOS
Wang Zhizhi,2004-05,745046,MIA
Wesley Person,2004-05,1600000,MIA
Willie Green,2004-05,620046,PHI
Yao Ming,2004-05,4436880,HOU
Yuta Tabuse,2004-05,108066,PHO
Zach Randolph,2004-05,1504272,POR
Zarko Cabarkapa,2004-05,1312800,PHO
Zaza Pachulia,2004-05,620046,MIL
Zeljko Rebraca,2004-05,2500000,LAC
Zendon Hamilton,2004-05,807546,MIL
Zoran Planinic,2004-05,1053720,NJN
Zydrunas Ilgauskas,2004-05,14625000,CLE
Aaron McKie,2005-06,6000000,PHI
Aaron Miles,2005-06,155614,GSW
Aaron Williams,2005-06,3375000,TOR
Adonal Foyle,2005-06,7312500,GSW
Adrian Griffin,2005-06,768718,DAL
Al Harrington,2005-06,6957500,ATL
Al Jefferson,2005-06,1512840,BOS
Alan Henderson,2005-06,1138500,CLE
Alex Acker,2005-06,398762,DET
Allan Houston,2005-06,19125000,NYK
Allen Iverson,2005-06,16453125,PHI
Alonzo Mourning,2005-06,4000000,TOR
Alvin Williams,2005-06,6300000,TOR
Amir Johnson,2005-06,398762,DET
Anderson Varejao,2005-06,866800,CLE
Andray Blatche,2005-06,398762,WAS
Andre Emmett,2005-06,641748,MIA
Andre Iguodala,2005-06,2058000,PHI
Andre Miller,2005-06,8100000,DEN
Andre Owens,2005-06,398762,UTA
Andrei Kirilenko,2005-06,10983000,UTA
Andres Nocioni,2005-06,2775000,CHI
Andrew Bogut,2005-06,4340520,MIL
Andrew Bynum,2005-06,1888680,LAL
Andris Biedrins,2005-06,1857360,GSW
Anfernee Hardaway,2005-06,15750000,NYK
Antawn Jamison,2005-06,13843156,WAS
Anthony Carter,2005-06,900498,MIN
Anthony Goldwire,2005-06,74652,LAC
Anthony Johnson,2005-06,2420000,IND
Anthony Roberson,2005-06,398762,MEM
Antoine Walker,2005-06,6880000,MIA
Antoine Wright,2005-06,1461360,NJN
Antonio Burks,2005-06,641748,MEM
Antonio Daniels,2005-06,5000000,WAS
Antonio Davis,2005-06,13925000,NYK
Antonio McDyess,2005-06,5393300,DET
Arvydas Macijauskas,2005-06,2500000,NOH
Austin Croshere,2005-06,7900000,IND
Awvee Storey,2005-06,641748,WAS
Baron Davis,2005-06,13700000,GSW
Ben Gordon,2005-06,3610200,CHI
Ben Handlogten,2005-06,35091,NJN
Ben Wallace,2005-06,7500000,DET
Bo Outlaw,2005-06,1138500,ORL
Bob Sura,2005-06,3520000,HOU
Bobby Jackson,2005-06,3375000,MEM
Bobby Simmons,2005-06,8000000,MIL
Boniface N\'Dong,2005-06,398762,LAC
Bonzi Wells,2005-06,8000000,SAC
Bostjan Nachbar,2005-06,2500000,NOH
Bracey Wright,2005-06,398762,MIN
Brad Miller,2005-06,8750000,SAC
Brandon Bass,2005-06,398762,NOH
Brendan Haywood,2005-06,4000000,WAS
Brian Cardinal,2005-06,5393300,MEM
Brian Cook,2005-06,1038960,LAL
Brian Grant,2005-06,14336220,LAL
Brian Scalabrine,2005-06,2586207,BOS
Brian Skinner,2005-06,4950000,SAC
Bryon Russell,2005-06,1138500,DEN
C.J. Miles,2005-06,398762,UTA
Calbert Cheaney,2005-06,1760000,GSW
Calvin Booth,2005-06,900498,WAS
Carlos Arroyo,2005-06,4000000,DET
Carlos Boozer,2005-06,11593816,UTA
Carlos Delfino,2005-06,969696,DET
Carmelo Anthony,2005-06,3713640,DEN
Caron Butler,2005-06,2461617,WAS
Channing Frye,2005-06,2162880,NYK
Charles Smith,2005-06,771123,POR
Charlie Bell,2005-06,641748,MIL
Charlie Villanueva,2005-06,2360880,TOR
Charlie Ward,2005-06,1870000,HOU
Chauncey Billups,2005-06,5909800,DET
Chris Andersen,2005-06,3500000,NOH
Chris Bosh,2005-06,3348000,TOR
Chris Duhon,2005-06,2800000,CHI
Chris Kaman,2005-06,2753760,LAC
Chris Mihm,2005-06,3792817,LAL
Chris Paul,2005-06,3144240,NOH
Chris Taft,2005-06,423762,GSW
Chris Webber,2005-06,19125000,PHI
Chris Wilcox,2005-06,2812239,LAC
Chucky Atkins,2005-06,4500000,WAS
Clarence Weatherspoon,2005-06,6353200,HOU
Clifford Robinson,2005-06,2500000,NJN
Corey Maggette,2005-06,7000000,LAC
Corliss Williamson,2005-06,6000000,SAC
Curtis Borchardt,2005-06,1969993,BOS
Cuttino Mobley,2005-06,7200000,LAC
Dahntay Jones,2005-06,1223160,MEM
Dale Davis,2005-06,3500000,DET
Damien Wilkins,2005-06,2500000,OKC
Damon Jones,2005-06,3590000,CLE
Damon Stoudamire,2005-06,3750000,MEM
Dan Dickau,2005-06,2250000,BOS
Dan Gadzuric,2005-06,4750000,MIL
Daniel Ewing,2005-06,450000,LAC
Danny Fortson,2005-06,6207670,OKC
Danny Granger,2005-06,1318920,IND
Darius Miles,2005-06,7250000,POR
Darius Songaila,2005-06,2200000,CHI
Darko Milicic,2005-06,4135200,DET
Darrell Armstrong,2005-06,1138500,DAL
Darrick Martin,2005-06,946646,TOR
David Harrison,2005-06,898200,IND
David Lee,2005-06,861360,NYK
David Wesley,2005-06,5070000,HOU
David West,2005-06,1334160,NOH
DeSagana Diop,2005-06,1850000,DAL
DeShawn Stevenson,2005-06,2750000,ORL
Delonte West,2005-06,1010040,BOS
Deng Gai,2005-06,92396,PHI
DerMarr Johnson,2005-06,835810,DEN
Derek Anderson,2005-06,9093000,POR
Derek Fisher,2005-06,5393300,GSW
Deron Williams,2005-06,3487400,UTA
Derrick Coleman,2005-06,2000000,DET
Desmond Mason,2005-06,7333333,NOH
Devean George,2005-06,5000600,LAL
Devin Brown,2005-06,2500000,UTA
Devin Green,2005-06,398762,LAL
Devin Harris,2005-06,2947440,DAL
Didier Ilunga-Mbenga,2005-06,880000,DAL
Dikembe Mutombo,2005-06,2000000,HOU
Dion Glover,2005-06,163085,HOU
Dirk Nowitzki,2005-06,13843156,DAL
Donell Taylor,2005-06,398762,WAS
Donta Smith,2005-06,641748,ATL
Donyell Marshall,2005-06,4799108,CLE
Dorell Wright,2005-06,1238640,MIA
Doug Christie,2005-06,8200000,ORL
Drew Gooden,2005-06,4065811,CLE
Dwayne Jones,2005-06,398762,MIN
Dwight Howard,2005-06,4493160,ORL
Dwyane Wade,2005-06,3031920,MIA
Earl Barron,2005-06,398762,MIA
Earl Boykins,2005-06,2750000,DEN
Earl Watson,2005-06,5000000,DEN
Eddie Basden,2005-06,398762,CHI
Eddie Gill,2005-06,819551,IND
Eddie Griffin,2005-06,2500000,MIN
Eddie Jones,2005-06,14576250,MEM
Eddie Robinson,2005-06,5444444,CHI
Eddy Curry,2005-06,7390000,NYK
Eduardo Najera,2005-06,4190476,DEN
Elton Brand,2005-06,13152000,LAC
Eric Piatkowski,2005-06,3000000,CHI
Eric Snow,2005-06,5484375,CLE
Eric Williams,2005-06,3938000,TOR
Erick Dampier,2005-06,8662500,DAL
Ersan Ilyasova,2005-06,398762,MIL
Ervin Johnson,2005-06,1138500,MIL
Esteban Batista,2005-06,398762,ATL
Etan Thomas,2005-06,5393300,WAS
Evan Eschmeyer,2005-06,3711400,DAL
Francisco Elson,2005-06,719373,DEN
Francisco Garcia,2005-06,1016400,SAC
Fred Hoiberg,2005-06,1760000,MIN
Fred Jones,2005-06,2328843,IND
Gary Payton,2005-06,1138500,MIA
George Lynch,2005-06,3200000,NOH
Gerald Fitch,2005-06,359858,MIA
Gerald Green,2005-06,1253040,BOS
Gilbert Arenas,2005-06,10243200,WAS
Gordan Giricek,2005-06,4000000,UTA
Grant Hill,2005-06,15694250,ORL
Greg Buckner,2005-06,1925926,PHI
Greg Ostertag,2005-06,4400000,UTA
Ha Seung-Jin,2005-06,641748,POR
Hakim Warrick,2005-06,1196520,MEM
Hedo Turkoglu,2005-06,5393300,ORL
Howard Eisley,2005-06,291567,LAC
Ibo Kutluay,2005-06,1760000,OKC
Ike Diogu,2005-06,1988160,GSW
Ira Newble,2005-06,2950200,CLE
J.R. Smith,2005-06,1297080,NOH
Jackie Butler,2005-06,398762,NYK
Jackson Vroman,2005-06,682051,NOH
Jacque Vaughn,2005-06,1094550,NJN
Jake Tsakalidis,2005-06,2900000,MEM
Jalen Rose,2005-06,15694250,TOR
Jamaal Magloire,2005-06,8533333,MIL
Jamaal Tinsley,2005-06,5400000,IND
Jamal Crawford,2005-06,6480000,NYK
Jamal Mashburn,2005-06,10075000,PHI
Jamal Sampson,2005-06,719373,SAC
Jameer Nelson,2005-06,1189200,ORL
James Posey,2005-06,5900400,MIA
James Singleton,2005-06,625000,LAC
James Thomas,2005-06,148698,PHI
Jannero Pargo,2005-06,895248,CHI
Jared Jeffries,2005-06,2433824,WAS
Jarrett Jack,2005-06,1058640,POR
Jarron Collins,2005-06,1700000,UTA
Jarvis Hayes,2005-06,2011080,WAS
Jason Collier,2005-06,1650000,ATL
Jason Collins,2005-06,5500000,NJN
Jason Hart,2005-06,1540000,SAC
Jason Kapono,2005-06,1100000,MIA
Jason Kidd,2005-06,16440000,NJN
Jason Maxiell,2005-06,905640,DET
Jason Richardson,2005-06,8888888,GSW
Jason Terry,2005-06,6666667,DAL
Jason Williams,2005-06,7562500,MIA
Jeff Foster,2005-06,5000000,IND
Jeff McInnis,2005-06,3400000,NJN
Jermaine Jackson,2005-06,583944,MIL
Jermaine O\'Neal,2005-06,16440000,IND
Jerome James,2005-06,5000000,NYK
Jerome Williams,2005-06,6620063,NYK
Jerry Stackhouse,2005-06,8367187,DAL
Jiri Welsch,2005-06,2177114,MIL
Joe Johnson,2005-06,12000000,ATL
Joe Smith,2005-06,6353200,MIL
Joel Przybilla,2005-06,1560000,POR
Joey Graham,2005-06,1388400,TOR
Johan Petro,2005-06,936600,OKC
John Edwards,2005-06,1000000,ATL
John Lucas,2005-06,34041,HOU
John Salmons,2005-06,1669001,PHI
John Thomas,2005-06,103443,MEM
Jon Barry,2005-06,1800000,HOU
Jonathan Bender,2005-06,7175000,IND
Jose Calderon,2005-06,2190000,TOR
Josh Childress,2005-06,2677200,ATL
Josh Davis,2005-06,131593,MIL
Josh Howard,2005-06,923880,DAL
Josh Powell,2005-06,398762,DAL
Josh Smith,2005-06,1365360,ATL
Juan Dixon,2005-06,2500000,POR
Julius Hodge,2005-06,1148760,DEN
Justin Reed,2005-06,641748,BOS
Juwan Howard,2005-06,5900400,HOU
Kaniel Dickens,2005-06,31305,LAC
Keith McLeod,2005-06,1250000,UTA
Keith Van Horn,2005-06,15694250,DAL
Kelvin Cato,2005-06,8640000,ORL
Kendrick Perkins,2005-06,936480,BOS
Kenny Thomas,2005-06,6500000,SAC
Kenyon Martin,2005-06,10636364,DEN
Kevin Garnett,2005-06,18000000,MIN
Kevin Martin,2005-06,937440,SAC
Kevin Ollie,2005-06,2950200,PHI
Keyon Dooling,2005-06,3100000,ORL
Kirk Hinrich,2005-06,2513880,CHI
Kirk Snyder,2005-06,1437240,NOH
Kobe Bryant,2005-06,15946875,LAL
Kris Humphries,2005-06,1592400,UTA
Kwame Brown,2005-06,7500000,LAL
Kyle Korver,2005-06,3630363,PHI
Lamar Odom,2005-06,11465333,LAL
Lamond Murray,2005-06,5250000,TOR
Laron Profit,2005-06,745248,LAL
Larry Hughes,2005-06,10344900,CLE
Lawrence Roberts,2005-06,398762,MEM
LeBron James,2005-06,4621800,CLE
Lee Nailon,2005-06,835810,PHI
Linas Kleiza,2005-06,879360,DEN
Lindsey Hunter,2005-06,1760000,DET
Linton Johnson,2005-06,719373,NJN
Lionel Chalmers,2005-06,682050,MIN
Lonny Baxter,2005-06,745248,HOU
Loren Woods,2005-06,780000,TOR
Lorenzen Wright,2005-06,7700000,MEM
Louis Williams,2005-06,450000,PHI
Luke Jackson,2005-06,1955160,CLE
Luke Ridnour,2005-06,1638000,OKC
Luke Walton,2005-06,1250000,LAL
Luol Deng,2005-06,2443920,CHI
Luther Head,2005-06,975600,HOU
Maciej Lampe,2005-06,900000,NOH
Malik Allen,2005-06,1670000,CHI
Malik Rose,2005-06,6008750,NYK
Marc Jackson,2005-06,4550000,NJN
Marcus Banks,2005-06,1724280,BOS
Marcus Camby,2005-06,9150000,DEN
Mario Kasun,2005-06,682050,ORL
Mark Blount,2005-06,5515875,BOS
Mark Madsen,2005-06,2000000,MIN
Marko Jaric,2005-06,5000000,MIN
Marquis Daniels,2005-06,5393300,DAL
Martell Webster,2005-06,2586120,POR
Martynas Andriuskevicius,2005-06,398762,CLE
Marvin Williams,2005-06,3883560,ATL
Mateen Cleaves,2005-06,305784,OKC
Matt Barnes,2005-06,552269,PHI
Matt Bonner,2005-06,2000000,TOR
Matt Harpring,2005-06,5020000,UTA
Matt Walsh,2005-06,38904,MIA
Maurice Evans,2005-06,1500000,DET
Maurice Taylor,2005-06,9100000,NYK
Mehmet Okur,2005-06,8250000,UTA
Metta World Peace,2005-06,6842105,IND
Michael Bradley,2005-06,819550,PHI
Michael Doleac,2005-06,2640000,MIA
Michael Finley,2005-06,15937500,DAL
Michael Olowokandi,2005-06,5900400,MIN
Michael Redd,2005-06,12000000,MIL
Michael Ruffin,2005-06,1670000,WAS
Mickael Pietrus,2005-06,1910520,GSW
Mike Bibby,2005-06,11500000,SAC
Mike Dunleavy,2005-06,4506261,GSW
Mike James,2005-06,3410000,TOR
Mike Miller,2005-06,6750000,MEM
Mike Sweetney,2005-06,2116920,CHI
Mike Wilks,2005-06,745248,CLE
Mikki Moore,2005-06,1020000,OKC
Milt Palacio,2005-06,1400000,UTA
Mo Williams,2005-06,1760000,MIL
Monta Ellis,2005-06,448762,GSW
Moochie Norris,2005-06,4200000,HOU
Morris Peterson,2005-06,4550000,TOR
Nate Robinson,2005-06,1102680,NYK
Ndudi Ebi,2005-06,964320,MIN
Nenad Krstic,2005-06,1010040,NJN
Nene,2005-06,3039889,DEN
Nick Collison,2005-06,1815000,OKC
Nikoloz Tskitishvili,2005-06,745248,MIN
Orien Greene,2005-06,398762,BOS
Othella Harrington,2005-06,3500000,CHI
P.J. Brown,2005-06,8000000,NOH
Pape Sow,2005-06,641748,TOR
Pat Garrity,2005-06,3231250,ORL
Pau Gasol,2005-06,10993000,MEM
Paul Pierce,2005-06,13843156,BOS
Pavel Podkolzin,2005-06,1141560,DAL
Peja Stojakovic,2005-06,7500000,SAC
Peter John Ramos,2005-06,660000,WAS
Quentin Richardson,2005-06,6940000,NYK
Quinton Ross,2005-06,700000,LAC
Qyntel Woods,2005-06,599834,NYK
Raef LaFrentz,2005-06,10623288,BOS
Rafael Araujo,2005-06,2238960,TOR
Rafer Alston,2005-06,3850000,HOU
Randy Holcomb,2005-06,52033,CHI
Rashad McCants,2005-06,1538400,MIN
Rashard Lewis,2005-06,8571429,OKC
Rasheed Wallace,2005-06,10860000,DET
Rasual Butler,2005-06,1300000,NOH
Raul Lopez,2005-06,1744313,MEM
Rawle Marshall,2005-06,398762,DAL
Ray Allen,2005-06,13223140,OKC
Reece Gaines,2005-06,1556160,MIL
Reggie Evans,2005-06,1100000,OKC
Reggie Miller,2005-06,6000000,IND
Richard Hamilton,2005-06,8625000,DET
Richard Jefferson,2005-06,10200000,NJN
Richie Frahm,2005-06,719373,MIN
Rick Brunson,2005-06,1029873,OKC
Ricky Davis,2005-06,5909800,BOS
Robert Swift,2005-06,1764480,OKC
Robert Whaley,2005-06,398762,UTA
Ron Mercer,2005-06,1760000,NJN
Ronald Dupree,2005-06,719373,MIN
Ronald Murray,2005-06,895248,OKC
Ronnie Price,2005-06,398762,SAC
Royal Ivey,2005-06,641748,ATL
Ruben Patterson,2005-06,6353200,POR
Ryan Bowen,2005-06,900498,HOU
Ryan Gomes,2005-06,428762,BOS
Salim Stoudamire,2005-06,675000,ATL
Sam Cassell,2005-06,6875000,LAC
Samaki Walker,2005-06,364223,IND
Samuel Dalembert,2005-06,8470000,PHI
Sarunas Jasikevicius,2005-06,4000000,IND
Sasha Pavlovic,2005-06,1274160,CLE
Sasha Vujacic,2005-06,910440,LAL
Scot Pollard,2005-06,6274937,IND
Scott Padgett,2005-06,1670000,NJN
Sean Banks,2005-06,150751,NOH
Sebastian Telfair,2005-06,1676280,POR
Sergei Monia,2005-06,1016400,POR
Shandon Anderson,2005-06,7900000,NYK
Shane Battier,2005-06,4903000,MEM
Shaquille O\'Neal,2005-06,20000000,MIA
Shareef Abdur-Rahim,2005-06,5000000,SAC
Shaun Livingston,2005-06,3254880,LAC
Shavlik Randolph,2005-06,398762,PHI
Shawn Bradley,2005-06,4500000,DAL
Smush Parker,2005-06,745248,LAL
Speedy Claxton,2005-06,3600000,NOH
Stacey Augmon,2005-06,1138500,ORL
Stanislav Medvedenko,2005-06,3000000,LAL
Stephen Graham,2005-06,48630,HOU
Stephen Jackson,2005-06,5610000,IND
Stephon Marbury,2005-06,16453125,NYK
Steve Blake,2005-06,1000000,POR
Steve Francis,2005-06,13700000,ORL
Steven Hunter,2005-06,2800000,PHI
Stromile Swift,2005-06,5000000,HOU
T.J. Ford,2005-06,2303040,MIL
Tariq Abdul-Wahad,2005-06,3656250,DAL
Tayshaun Prince,2005-06,1763115,DET
Terence Morris,2005-06,835810,ORL
Theo Ratliff,2005-06,11666666,POR
Tim Thomas,2005-06,13975000,CHI
Todd MacCulloch,2005-06,6353200,PHI
Toni Kukoc,2005-06,2000000,MIL
Tony Allen,2005-06,969696,BOS
Tony Battie,2005-06,5200000,ORL
Tony Delk,2005-06,3375000,ATL
Tracy McGrady,2005-06,15694250,HOU
Travis Diener,2005-06,398762,ORL
Travis Outlaw,2005-06,1082160,POR
Trenton Hassell,2005-06,4350000,MIN
Trevor Ariza,2005-06,682051,NYK
Troy Bell,2005-06,1478280,MEM
Troy Hudson,2005-06,5253000,MIN
Troy Murphy,2005-06,7365079,GSW
Tyronn Lue,2005-06,3500000,ATL
Tyson Chandler,2005-06,9000000,CHI
Udonis Haslem,2005-06,5000000,MIA
Viktor Khryapa,2005-06,1095960,POR
Vin Baker,2005-06,3850000,HOU
Vince Carter,2005-06,13843156,NJN
Vitaly Potapenko,2005-06,3320000,OKC
Vlade Divac,2005-06,2000000,LAL
Vladimir Radmanovic,2005-06,3166155,OKC
Von Wafer,2005-06,398762,LAL
Voshon Lenard,2005-06,3520000,DEN
Wally Szczerbiak,2005-06,10000000,MIN
Walter McCarty,2005-06,1035000,LAC
Wayne Simien,2005-06,867720,MIA
Wesley Person,2005-06,1760000,MIA
Yao Ming,2005-06,5594906,HOU
Yaroslav Korolev,2005-06,1704480,LAC
Zach Randolph,2005-06,10666667,POR
Zarko Cabarkapa,2005-06,1404360,GSW
Zaza Pachulia,2005-06,4000000,ATL
Zeljko Rebraca,2005-06,3000000,LAC
Zendon Hamilton,2005-06,329138,CLE
Zoran Planinic,2005-06,1127280,NJN
Zydrunas Ilgauskas,2005-06,8740000,CLE
Aaron McKie,2006-07,5570874,PHI
Aaron Williams,2006-07,1750000,LAC
Adonal Foyle,2006-07,8125000,GSW
Adrian Griffin,2006-07,1475000,CHI
Al Harrington,2006-07,7625000,GSW
Alex Acker,2006-07,839209,DET
Alexander Johnson,2006-07,412718,MEM
Alonzo Mourning,2006-07,4225433,TOR
Alvin Williams,2006-07,4483516,TOR
Amar\'e Stoudemire,2006-07,12455000,PHO
Amir Johnson,2006-07,664209,DET
Anderson Varejao,2006-07,945600,CLE
Andray Blatche,2006-07,664209,WAS
Andre Barrett,2006-07,744551,CHI
Andre Brown,2006-07,241591,OKC
Andre Iguodala,2006-07,2201640,PHI
Andre Miller,2006-07,8733333,PHI
Andre Owens,2006-07,676800,GSW
Andrea Bargnani,2006-07,4501200,TOR
Andreas Glyniadakis,2006-07,161061,OKC
Andres Nocioni,2006-07,3950000,CHI
Andrew Bogut,2006-07,4665960,MIL
Andrew Bynum,2006-07,2030280,LAL
Andris Biedrins,2006-07,1986960,GSW
Antawn Jamison,2006-07,15101625,WAS
Anthony Johnson,2006-07,2640000,ATL
Anthony Parker,2006-07,4150000,TOR
Anthony Roberson,2006-07,267111,GSW
Antoine Wright,2006-07,1570920,NJN
Antonio Daniels,2006-07,5400000,WAS
Antonio McDyess,2006-07,5883600,DET
Arvydas Macijauskas,2006-07,500000,NOH
Baron Davis,2006-07,15070000,GSW
Ben Gordon,2006-07,3862080,CHI
Ben Wallace,2006-07,16000000,CHI
Beno Udrih,2006-07,967920,SAS
Bernard Robinson,2006-07,1000000,NJN
Bo Outlaw,2006-07,1178348,ORL
Bob Sura,2006-07,3840000,HOU
Bobby Jackson,2006-07,5259000,NOH
Bobby Jones,2006-07,412718,PHI
Bobby Simmons,2006-07,8640000,MIL
Boniface N\'Dong,2006-07,839209,LAC
Bonzi Wells,2006-07,2115000,HOU
Boris Diaw,2006-07,1870501,PHO
Bostjan Nachbar,2006-07,2500000,NJN
Bracey Wright,2006-07,664209,MIN
Brad Miller,2006-07,9625000,SAC
Brandon Bass,2006-07,664209,NOH
Brandon Roy,2006-07,2681880,POR
Brendan Haywood,2006-07,4500000,WAS
Brent Barry,2006-07,5117880,SAS
Brian Cardinal,2006-07,5400000,MEM
Brian Cook,2006-07,1817141,LAL
Brian Grant,2006-07,14848080,LAL
Brian Skinner,2006-07,5400000,MIL
Bruce Bowen,2006-07,3750000,SAS
Calvin Booth,2006-07,998967,WAS
Carlos Arroyo,2006-07,4100000,ORL
Carlos Delfino,2006-07,1037280,DET
Caron Butler,2006-07,7438000,WAS
Casey Jacobsen,2006-07,31250,HOU
Cedric Bozeman,2006-07,412718,ATL
Cedric Simmons,2006-07,1515480,NOH
Charlie Bell,2006-07,744551,MIL
Charlie Villanueva,2006-07,2537880,MIL
Chauncey Billups,2006-07,6364400,DET
Chris Bosh,2006-07,4235220,TOR
Chris Duhon,2006-07,3024000,CHI
Chris Kaman,2006-07,3491768,LAC
Chris McCray,2006-07,161061,MIL
Chris Mihm,2006-07,4214241,LAL
Chris Paul,2006-07,3380160,NOH
Chris Taft,2006-07,664209,GSW
Chris Webber,2006-07,17600000,PHI
Chris Wilcox,2006-07,6250000,OKC
Chuck Hayes,2006-07,664209,HOU
Chucky Atkins,2006-07,3000000,MEM
Clifford Robinson,2006-07,1600000,NJN
Corey Maggette,2006-07,7000000,LAC
Corliss Williamson,2006-07,6500000,SAC
Craig Smith,2006-07,412718,MIN
Cuttino Mobley,2006-07,8125000,LAC
Dahntay Jones,2006-07,1886113,MEM
Dajuan Wagner,2006-07,771331,GSW
Dale Davis,2006-07,3500000,DET
Damien Wilkins,2006-07,2700000,OKC
Damir Markota,2006-07,412718,MIL
Damon Jones,2006-07,3884678,CLE
Damon Stoudamire,2006-07,4050000,MEM
Dan Dickau,2006-07,2753218,POR
Dan Gadzuric,2006-07,5252065,MIL
Daniel Ewing,2006-07,664209,LAC
Daniel Gibson,2006-07,412718,CLE
Danny Fortson,2006-07,6596990,OKC
Darius Miles,2006-07,7750000,POR
Darius Songaila,2006-07,3650000,WAS
Darko Milicic,2006-07,5218622,ORL
Darrick Martin,2006-07,1178348,TOR
David Noel,2006-07,412718,MIL
David Wesley,2006-07,1750000,CLE
David West,2006-07,2051938,NOH
DeShawn Stevenson,2006-07,932015,WAS
Derek Anderson,2006-07,9742500,POR
Desmon Farmer,2006-07,275404,OKC
Desmond Mason,2006-07,8037037,NOH
Devin Brown,2006-07,564518,NOH
Dijon Thompson,2006-07,89101,ATL
Dikembe Mutombo,2006-07,2210000,HOU
Donell Taylor,2006-07,664209,WAS
Donyell Marshall,2006-07,5633037,CLE
Doug Christie,2006-07,158071,LAC
Drew Gooden,2006-07,6645402,CLE
Dwayne Jones,2006-07,664209,CLE
Dwight Howard,2006-07,4806720,ORL
Earl Boykins,2006-07,2950000,MIL
Earl Watson,2006-07,5400000,OKC
Eddie Griffin,2006-07,2700000,MIN
Eddie House,2006-07,1400000,NJN
Eddie Jones,2006-07,14863778,MEM
Elton Brand,2006-07,14248000,LAC
Eric Piatkowski,2006-07,1178348,PHO
Eric Snow,2006-07,6093750,CLE
Ersan Ilyasova,2006-07,664209,MIL
Esteban Batista,2006-07,664209,ATL
Etan Thomas,2006-07,5883600,WAS
Fabricio Oberto,2006-07,2500000,SAS
Francisco Elson,2006-07,3000000,SAS
Francisco Garcia,2006-07,1092600,SAC
Fred Jones,2006-07,3100000,POR
Gilbert Arenas,2006-07,11096800,WAS
Grant Hill,2006-07,16901500,ORL
Greg Buckner,2006-07,1941333,PHI
Ha Seung-Jin,2006-07,744551,MIL
Hakim Warrick,2006-07,1286280,MEM
Hassan Adams,2006-07,412718,NJN
Hedo Turkoglu,2006-07,5883600,ORL
Hilton Armstrong,2006-07,1767600,NOH
Howard Eisley,2006-07,162660,PHO
Ime Udoka,2006-07,744551,POR
Ira Newble,2006-07,3196050,CLE
J.J. Redick,2006-07,1860720,ORL
Jackie Butler,2006-07,2200000,SAS
Jacque Vaughn,2006-07,1071225,SAS
Jake Tsakalidis,2006-07,2900000,HOU
Jalen Rose,2006-07,1540000,PHO
Jamaal Magloire,2006-07,8433334,POR
Jameer Nelson,2006-07,1272120,ORL
James Augustine,2006-07,412718,ORL
James Jones,2006-07,2650000,PHO
James Lang,2006-07,771331,WAS
James Singleton,2006-07,675000,LAC
James White,2006-07,405435,SAS
Jannero Pargo,2006-07,1000000,NOH
Jared Reiner,2006-07,396905,MIL
Jarrett Jack,2006-07,1137960,POR
Jarvis Hayes,2006-07,2564127,WAS
Jason Collins,2006-07,5800000,NJN
Jason Hart,2006-07,1680000,SAC
Jason Kidd,2006-07,18084000,NJN
Jason Maxiell,2006-07,973440,DET
Jason Richardson,2006-07,9999999,GSW
Jeremy Richardson,2006-07,120796,POR
Joe Johnson,2006-07,12744189,ATL
Joe Smith,2006-07,6807000,PHI
Joel Przybilla,2006-07,5215000,POR
Joey Graham,2006-07,1492440,TOR
Johan Petro,2006-07,1006800,OKC
John Lucas,2006-07,700000,HOU
John Salmons,2006-07,4400000,SAC
Jordan Farmar,2006-07,939120,LAL
Jorge Garbajosa,2006-07,3750000,TOR
Jose Calderon,2006-07,2333334,TOR
Josh Boone,2006-07,1053960,NJN
Josh Childress,2006-07,2863920,ATL
Josh Powell,2006-07,744551,GSW
Josh Smith,2006-07,1460640,ATL
Juan Dixon,2006-07,2550000,TOR
Julius Hodge,2006-07,1234800,MIL
Jumaine Jones,2006-07,998967,PHO
Junior Harrington,2006-07,390556,MEM
Justin Reed,2006-07,1300000,MIN
Justin Williams,2006-07,261724,SAC
Juwan Howard,2006-07,6392100,HOU
Kareem Rush,2006-07,19466,OKC
Keith Bogans,2006-07,2510000,ORL
Kelenna Azubuike,2006-07,50000,HOU
Kenny Thomas,2006-07,7187500,SAC
Kevin Garnett,2006-07,21000000,MIN
Kevin Martin,2006-07,1002840,SAC
Kevin Ollie,2006-07,3196050,PHI
Keyon Dooling,2006-07,3348000,ORL
Kirk Hinrich,2006-07,3192628,CHI
Kirk Snyder,2006-07,1537440,HOU
Kobe Bryant,2006-07,17718750,LAL
Kris Humphries,2006-07,1703520,TOR
Kurt Thomas,2006-07,7821482,PHO
Kwame Brown,2006-07,8287500,LAL
Kyle Korver,2006-07,4018182,PHI
Kyle Lowry,2006-07,1011720,MEM
LaMarcus Aldridge,2006-07,4027320,POR
Lamar Odom,2006-07,12348596,LAL
Larry Hughes,2006-07,13363012,CLE
Lawrence Roberts,2006-07,664209,MEM
LeBron James,2006-07,5828090,CLE
Leandro Barbosa,2006-07,1679733,PHO
Lindsey Hunter,2006-07,2250000,DET
Linton Johnson,2006-07,771331,NOH
Loren Woods,2006-07,300000,SAC
Lorenzen Wright,2006-07,3250000,ATL
Louis Amundson,2006-07,75000,SAC
Louis Williams,2006-07,664209,PHI
Luke Jackson,2006-07,40501,LAC
Luke Ridnour,2006-07,2425878,OKC
Luke Schenscher,2006-07,55000,CHI
Luke Walton,2006-07,1375000,LAL
Luol Deng,2006-07,2614440,CHI
Luther Head,2006-07,1048800,HOU
Lynn Greer,2006-07,664209,MIL
Malik Allen,2006-07,1803600,CHI
Manu Ginobili,2006-07,8254375,SAS
Marc Jackson,2006-07,4875000,NOH
Marcus Banks,2006-07,3672414,PHO
Marcus Vinicius,2006-07,412718,NOH
Marcus Williams,2006-07,1097880,NJN
Mario Kasun,2006-07,919551,ORL
Mark Blount,2006-07,7288165,MIN
Mark Madsen,2006-07,2210000,MIN
Marko Jaric,2006-07,5525000,MIN
Martell Webster,2006-07,2780160,POR
Martynas Andriuskevicius,2006-07,664209,CHI
Marvin Williams,2006-07,4174800,ATL
Matt Barnes,2006-07,771331,GSW
Matt Bonner,2006-07,2000000,SAS
Matt Freije,2006-07,145961,ATL
Maurice Evans,2006-07,1620000,LAL
Maurice Taylor,2006-07,1065918,SAC
Melvin Ely,2006-07,3303813,SAS
Metta World Peace,2006-07,7526316,SAC
Michael Finley,2006-07,2889000,SAS
Michael Redd,2006-07,13260000,MIL
Michael Ruffin,2006-07,1803600,WAS
Mickael Gelabale,2006-07,802000,OKC
Mickael Pietrus,2006-07,2535260,GSW
Mike Bibby,2006-07,12500000,SAC
Mike Hall,2006-07,135895,WAS
Mike James,2006-07,5215000,MIN
Mike Miller,2006-07,7623813,MEM
Mike Sweetney,2006-07,2696956,CHI
Mike Wilks,2006-07,798112,OKC
Mikki Moore,2006-07,1071225,NJN
Mile Ilic,2006-07,800000,NJN
Mo Williams,2006-07,1920000,MIL
Monta Ellis,2006-07,664209,GSW
Morris Peterson,2006-07,4550000,TOR
Mouhamed Sene,2006-07,1958640,OKC
Nazr Mohammed,2006-07,5215000,DET
Nenad Krstic,2006-07,1080480,NJN
Nick Collison,2006-07,2501070,OKC
P.J. Brown,2006-07,8560000,CHI
P.J. Tucker,2006-07,412718,TOR
Pape Sow,2006-07,744551,TOR
Pat Burke,2006-07,810000,PHO
Pat Garrity,2006-07,3525000,ORL
Patrick O\'Bryant,2006-07,2061720,GSW
Pau Gasol,2006-07,12364000,MEM
Paul Davis,2006-07,412718,LAC
Peja Stojakovic,2006-07,10800000,NOH
Peter John Ramos,2006-07,384776,WAS
Quincy Douby,2006-07,1240920,SAC
Quinton Ross,2006-07,771331,LAC
Raef LaFrentz,2006-07,11532037,POR
Rafer Alston,2006-07,4200000,HOU
Raja Bell,2006-07,4500000,PHO
Randy Foye,2006-07,2448240,MIN
Rashad McCants,2006-07,1653720,MIN
Rashard Lewis,2006-07,9350649,OKC
Rasheed Wallace,2006-07,11650000,DET
Rasho Nesterovic,2006-07,7280000,TOR
Rasual Butler,2006-07,3000000,NOH
Ray Allen,2006-07,14611570,OKC
Renaldo Major,2006-07,20133,GSW
Richard Hamilton,2006-07,9187500,DET
Richard Jefferson,2006-07,11200000,NJN
Ricky Davis,2006-07,6364400,MIN
Robert Horry,2006-07,3315000,SAS
Robert Swift,2006-07,1887600,OKC
Robert Whaley,2006-07,83026,TOR
Rodney Carney,2006-07,1439760,PHI
Roger Mason,2006-07,744551,WAS
Ronald Dupree,2006-07,771331,DET
Ronald Murray,2006-07,1750000,DET
Ronnie Price,2006-07,664209,SAC
Ronny Turiaf,2006-07,664209,LAL
Royal Ivey,2006-07,744551,ATL
Ruben Patterson,2006-07,6807000,MIL
Rudy Gay,2006-07,2242290,MEM
Ryan Bowen,2006-07,998967,HOU
Salim Stoudamire,2006-07,729000,ATL
Sam Cassell,2006-07,6850000,LAC
Samuel Dalembert,2006-07,9464307,PHI
Sarunas Jasikevicius,2006-07,4000000,GSW
Sasha Pavlovic,2006-07,1962206,CLE
Sasha Vujacic,2006-07,973920,LAL
Scot Pollard,2006-07,2200000,CLE
Scott Padgett,2006-07,563302,NJN
Sean Marks,2006-07,932015,PHO
Sergei Monia,2006-07,100000,SAC
Sergio Rodriguez,2006-07,912000,POR
Shammond Williams,2006-07,1750000,LAL
Shane Battier,2006-07,5393300,HOU
Shannon Brown,2006-07,971280,CLE
Shareef Abdur-Rahim,2006-07,5400000,SAC
Shaun Livingston,2006-07,3481920,LAC
Shavlik Randolph,2006-07,1000000,PHI
Shawn Marion,2006-07,15070000,PHO
Shelden Williams,2006-07,2952840,ATL
Smush Parker,2006-07,798112,LAL
Solomon Jones,2006-07,675000,ATL
Speedy Claxton,2006-07,6854546,ATL
Stanislav Medvedenko,2006-07,625132,ATL
Stephen Graham,2006-07,259204,POR
Stephen Jackson,2006-07,6120000,GSW
Steve Nash,2006-07,10500000,PHO
Steve Novak,2006-07,600000,HOU
Steven Hunter,2006-07,3024000,PHI
Steven Smith,2006-07,161061,PHI
Stromile Swift,2006-07,5400000,MEM
T.J. Ford,2006-07,2929467,TOR
Tarence Kinsey,2006-07,412718,MEM
Tayshaun Prince,2006-07,7851240,DET
Thabo Sefolosha,2006-07,1679280,CHI
Tim Duncan,2006-07,17429672,SAS
Tim Thomas,2006-07,5215000,LAC
Tony Battie,2006-07,5746000,ORL
Tony Parker,2006-07,9450000,SAS
Tracy McGrady,2006-07,16901500,HOU
Travis Diener,2006-07,664209,ORL
Travis Outlaw,2006-07,1836426,POR
Trenton Hassell,2006-07,4350000,MIN
Trevor Ariza,2006-07,3100000,ORL
Troy Hudson,2006-07,5603000,MIN
Tyronn Lue,2006-07,3500000,ATL
Tyrus Thomas,2006-07,3260760,CHI
Tyson Chandler,2006-07,9150000,NOH
Uros Slokar,2006-07,412718,TOR
Vassilis Spanoulis,2006-07,1800000,HOU
Viktor Khryapa,2006-07,1172400,CHI
Vin Baker,2006-07,86221,MIN
Vince Carter,2006-07,15101625,NJN
Vitaly Potapenko,2006-07,3674584,SAC
Vladimir Radmanovic,2006-07,5215000,LAL
Von Wafer,2006-07,24300,LAC
Will Blalock,2006-07,412718,DET
Will Conroy,2006-07,20279,MEM
Willie Green,2006-07,2800000,PHI
Yao Ming,2006-07,12455000,HOU
Yaroslav Korolev,2006-07,1832280,LAC
Zach Randolph,2006-07,12000000,POR
Zarko Cabarkapa,2006-07,2157097,GSW
Zaza Pachulia,2006-07,4000000,ATL
Zeljko Rebraca,2006-07,3240000,LAC
Zoran Planinic,2006-07,150000,NJN
Zydrunas Ilgauskas,2006-07,9442697,CLE
Aaron Gray,2007-08,427163,CHI
Aaron McKie,2007-08,750000,MEM
Aaron Williams,2007-08,1890000,LAC
Acie Law,2007-08,1927080,ATL
Adonal Foyle,2007-08,1219590,ORL
Adrian Griffin,2007-08,1593000,OKC
Al Harrington,2007-08,8425625,GSW
Al Horford,2007-08,3745800,ATL
Al Jefferson,2007-08,2480885,MIN
Al Thornton,2007-08,1652280,LAC
Alando Tucker,2007-08,931920,PHO
Alexander Johnson,2007-08,687456,MIA
Allen Iverson,2007-08,19012500,DEN
Alonzo Mourning,2007-08,2762500,MIA
Alvin Williams,2007-08,4516484,TOR
Amar\'e Stoudemire,2007-08,13762775,PHO
Amir Johnson,2007-08,3666666,DET
Anderson Varejao,2007-08,5356000,CLE
Andray Blatche,2007-08,2470000,WAS
Andre Brown,2007-08,711517,MEM
Andre Owens,2007-08,687456,IND
Andrea Bargnani,2007-08,4838880,TOR
Andrei Kirilenko,2007-08,13735000,UTA
Andres Nocioni,2007-08,8500000,CHI
Andrew Bogut,2007-08,4991520,MIL
Andrew Bynum,2007-08,2172000,LAL
Andris Biedrins,2007-08,2636696,GSW
Anfernee Hardaway,2007-08,320142,MIA
Antawn Jamison,2007-08,16360094,WAS
Anthony Carter,2007-08,1103225,DEN
Anthony Parker,2007-08,4350000,TOR
Antoine Walker,2007-08,8329640,MIN
Antoine Wright,2007-08,1680600,DAL
Antonio Daniels,2007-08,5800000,WAS
Antonio McDyess,2007-08,6373900,DET
Arron Afflalo,2007-08,944520,DET
Arvydas Macijauskas,2007-08,500000,NOH
Austin Croshere,2007-08,1219590,GSW
Awvee Storey,2007-08,711517,MIL
Baron Davis,2007-08,16440000,GSW
Ben Gordon,2007-08,4881669,CHI
Ben Wallace,2007-08,15500000,CLE
Beno Udrih,2007-08,1747096,MIN
Bernard Robinson,2007-08,1080000,NOH
Billy Thomas,2007-08,510529,NJN
Bo Outlaw,2007-08,160071,ORL
Bobby Jones,2007-08,85932,MEM
Bobby Simmons,2007-08,9280000,MIL
Bonzi Wells,2007-08,2284200,NOH
Boris Diaw,2007-08,9000000,PHO
Bostjan Nachbar,2007-08,2500000,NJN
Brandan Wright,2007-08,2323080,GSW
Brandon Bass,2007-08,770610,DAL
Brandon Roy,2007-08,2883120,POR
Brendan Haywood,2007-08,5000000,WAS
Brent Barry,2007-08,5544370,OKC
Brevin Knight,2007-08,1600000,LAC
Brian Cardinal,2007-08,5850000,MEM
Brian Cook,2007-08,3500000,ORL
Brian Skinner,2007-08,1108718,PHO
Bruce Bowen,2007-08,4125000,SAS
C.J. Miles,2007-08,770610,UTA
C.J. Watson,2007-08,125479,GSW
Carlos Arroyo,2007-08,4100000,ORL
Carlos Boozer,2007-08,11260483,UTA
Carlos Delfino,2007-08,1868141,TOR
Carmelo Anthony,2007-08,13041250,DEN
Caron Butler,2007-08,8218990,WAS
Casey Jacobsen,2007-08,826269,MEM
Cedric Simmons,2007-08,1629120,CHI
Channing Frye,2007-08,2487240,POR
Charlie Bell,2007-08,3100000,MIL
Charlie Villanueva,2007-08,2715000,MIL
Chauncey Billups,2007-08,10000000,DET
Cheikh Samb,2007-08,427163,DET
Chris Bosh,2007-08,12455000,TOR
Chris Duhon,2007-08,3248000,CHI
Chris Kaman,2007-08,8600000,LAC
Chris Mihm,2007-08,2500000,LAL
Chris Paul,2007-08,3615960,NOH
Chris Quinn,2007-08,687456,MIA
Chris Richard,2007-08,427163,MIN
Chris Webber,2007-08,602173,GSW
Chris Wilcox,2007-08,6500000,OKC
Chucky Atkins,2007-08,3000000,DEN
Clifford Robinson,2007-08,500000,NJN
Coby Karl,2007-08,427163,LAL
Corey Brewer,2007-08,2535720,MIN
Corey Maggette,2007-08,7000000,LAC
Courtney Sims,2007-08,112130,IND
Craig Smith,2007-08,687456,MIN
Cuttino Mobley,2007-08,8350000,LAC
D.J. Strawberry,2007-08,427163,PHO
Daequan Cook,2007-08,1184400,MIA
Damien Wilkins,2007-08,2900000,OKC
Damon Jones,2007-08,4172432,CLE
Damon Stoudamire,2007-08,556438,SAS
Dan Dickau,2007-08,2990028,NYK
Dan Gadzuric,2007-08,5751130,MIL
Daniel Gibson,2007-08,687456,CLE
Danny Granger,2007-08,1516800,IND
Darius Miles,2007-08,8250000,POR
Darius Songaila,2007-08,3942000,WAS
Darius Washington,2007-08,154847,SAS
Darko Milicic,2007-08,6500000,MEM
Darrell Armstrong,2007-08,1219590,NJN
Darrick Martin,2007-08,1219590,TOR
David Harrison,2007-08,1734316,IND
David Lee,2007-08,990600,NYK
David Noel,2007-08,687456,MIL
David Wesley,2007-08,250000,NJN
David West,2007-08,10650000,NOH
DeSagana Diop,2007-08,2146000,NJN
DeShawn Stevenson,2007-08,1033930,WAS
Delonte West,2007-08,1889760,CLE
Demetris Nichols,2007-08,427163,CHI
DerMarr Johnson,2007-08,42203,SAS
Derek Fisher,2007-08,6373900,UTA
Deron Williams,2007-08,4010640,UTA
Desmond Mason,2007-08,5000000,MIL
Devean George,2007-08,2369111,DAL
Devin Brown,2007-08,1200000,CLE
Devin Harris,2007-08,3995003,NJN
Didier Ilunga-Mbenga,2007-08,434091,LAL
Dirk Nowitzki,2007-08,16360094,DAL
Dominic McGuire,2007-08,427163,WAS
Donyell Marshall,2007-08,6016965,OKC
Dorell Wright,2007-08,2040746,MIA
Drew Gooden,2007-08,6453416,CHI
Dwayne Jones,2007-08,770610,CLE
Dwight Howard,2007-08,6061274,ORL
Dwyane Wade,2007-08,13041250,MIA
Earl Barron,2007-08,973328,MIA
Earl Watson,2007-08,5800000,OKC
Eddie Gill,2007-08,151089,NJN
Eddie Griffin,2007-08,2900000,MIN
Eddie Jones,2007-08,1830000,DAL
Eddy Curry,2007-08,8947543,NYK
Eduardo Najera,2007-08,4952380,DEN
Elton Brand,2007-08,15344000,LAC
Eric Piatkowski,2007-08,1219590,PHO
Eric Snow,2007-08,6703125,CLE
Erick Dampier,2007-08,10590500,DAL
Etan Thomas,2007-08,6373900,WAS
Fabricio Oberto,2007-08,3600000,SAS
Francisco Elson,2007-08,3000000,OKC
Fred Jones,2007-08,3300000,NYK
Gilbert Arenas,2007-08,11950400,WAS
Grant Hill,2007-08,1830000,PHO
Greg Buckner,2007-08,3750000,MIN
Greg Oden,2007-08,4662000,POR
Guillermo Diaz,2007-08,56065,LAC
Hakim Warrick,2007-08,1376040,MEM
Hedo Turkoglu,2007-08,6373900,ORL
Hilton Armstrong,2007-08,1900200,NOH
Ian Mahinmi,2007-08,938760,SAS
Ike Diogu,2007-08,2286360,IND
Ime Udoka,2007-08,1000000,SAS
Ira Newble,2007-08,3441900,OKC
J.J. Redick,2007-08,2000160,ORL
J.R. Smith,2007-08,2134067,DEN
Jacque Vaughn,2007-08,1219950,SAS
Jake Voskuhl,2007-08,3000000,MIL
Jamaal Magloire,2007-08,4000000,NJN
Jamaal Tinsley,2007-08,6300000,IND
Jamal Crawford,2007-08,7920000,NYK
Jamario Moon,2007-08,427163,TOR
Jameer Nelson,2007-08,1961609,ORL
James Augustine,2007-08,687456,ORL
James Jones,2007-08,2900000,POR
JamesOn Curry,2007-08,427163,CHI
Jannero Pargo,2007-08,1830000,NOH
Jared Jeffries,2007-08,5632200,NYK
Jarrett Jack,2007-08,1217400,POR
Jarron Collins,2007-08,2350000,UTA
Jarvis Hayes,2007-08,1200000,DET
Jason Collins,2007-08,6100000,MEM
Jason Hart,2007-08,2300000,UTA
Jason Kapono,2007-08,5356000,TOR
Jason Kidd,2007-08,19728000,DAL
Jason Maxiell,2007-08,1041360,DET
Jason Terry,2007-08,8898000,DAL
Jason Williams,2007-08,8937500,MIA
Javaris Crittenton,2007-08,1285200,MEM
Jeff Foster,2007-08,5500000,IND
Jeff Green,2007-08,3058200,OKC
Jelani McCoy,2007-08,151089,DEN
Jeremy Richardson,2007-08,85932,SAS
Jermaine O\'Neal,2007-08,19728000,IND
Jerome James,2007-08,5800000,NYK
Jerome Williams,2007-08,7639400,NYK
Jerry Stackhouse,2007-08,6750000,DAL
Joakim Noah,2007-08,2135400,CHI
Joe Johnson,2007-08,13488377,ATL
Joe Smith,2007-08,5200000,CLE
Joel Anthony,2007-08,427163,MIA
Joel Przybilla,2007-08,5762575,POR
Joey Graham,2007-08,1596600,TOR
Johan Petro,2007-08,1077120,OKC
Jordan Farmar,2007-08,1009560,LAL
Jorge Garbajosa,2007-08,4000000,TOR
Jose Barea,2007-08,687456,DAL
Jose Calderon,2007-08,2471604,TOR
Josh Boone,2007-08,1133040,NJN
Josh Childress,2007-08,3631449,ATL
Josh Howard,2007-08,9000000,DAL
Josh McRoberts,2007-08,427163,POR
Josh Powell,2007-08,800000,LAC
Josh Smith,2007-08,2243543,ATL
Juan Carlos Navarro,2007-08,538090,MEM
Juan Dixon,2007-08,2550000,DET
Julian Wright,2007-08,1739160,NOH
Juwan Howard,2007-08,6883800,MIN
Kaniel Dickens,2007-08,264897,CLE
Kareem Rush,2007-08,854957,IND
Keith Bogans,2007-08,2440000,ORL
Keith Langford,2007-08,272316,SAS
Keith Van Horn,2007-08,4300000,NJN
Kelenna Azubuike,2007-08,687456,GSW
Kenyon Martin,2007-08,13250000,DEN
Kevin Durant,2007-08,4171200,OKC
Keyon Dooling,2007-08,3596000,ORL
Kirk Hinrich,2007-08,11250000,CHI
Kirk Snyder,2007-08,2358433,MIN
Kobe Bryant,2007-08,19490625,LAL
Kosta Perovic,2007-08,1800000,GSW
Kris Humphries,2007-08,2522913,TOR
Kurt Thomas,2007-08,8091188,SAS
Kwame Brown,2007-08,9075000,MEM
Kyle Korver,2007-08,4400000,UTA
Kyle Lowry,2007-08,1087680,MEM
Kyrylo Fesenko,2007-08,750000,UTA
LaMarcus Aldridge,2007-08,4329360,POR
Lamar Odom,2007-08,13248596,LAL
Larry Hughes,2007-08,12000084,CHI
LeBron James,2007-08,13041250,CLE
Leandro Barbosa,2007-08,5600000,PHO
Linas Kleiza,2007-08,1011360,DEN
Lindsey Hunter,2007-08,2250000,DET
Linton Johnson,2007-08,283953,PHO
Luke Jackson,2007-08,279415,MIA
Luke Ridnour,2007-08,6500000,OKC
Luke Walton,2007-08,4000000,LAL
Luol Deng,2007-08,3320339,CHI
Maceo Baston,2007-08,1830000,TOR
Malik Allen,2007-08,998398,DAL
Malik Rose,2007-08,7101250,NYK
Manu Ginobili,2007-08,9079811,SAS
Marcin Gortat,2007-08,427163,ORL
Marco Belinelli,2007-08,1345800,GSW
Marcus Banks,2007-08,3966207,MIA
Marcus Camby,2007-08,11250000,DEN
Marcus Vinicius,2007-08,687456,MEM
Marcus Williams,2007-08,12890,SAS
Mardy Collins,2007-08,967320,NYK
Mario West,2007-08,427163,ATL
Mark Blount,2007-08,7901040,MIA
Mark Madsen,2007-08,2420000,MIN
Marko Jaric,2007-08,6050000,MIN
Marquis Daniels,2007-08,6373900,IND
Martell Webster,2007-08,2974080,POR
Marvin Williams,2007-08,4466040,ATL
Matt Barnes,2007-08,3000000,GSW
Matt Bonner,2007-08,2678000,SAS
Matt Harpring,2007-08,6000000,UTA
Maurice Ager,2007-08,974400,NJN
Maurice Evans,2007-08,1740000,ORL
Mehmet Okur,2007-08,8500000,UTA
Melvin Ely,2007-08,895341,NOH
Michael Doleac,2007-08,3120000,MIN
Michael Finley,2007-08,3103000,SAS
Michael Redd,2007-08,14520000,MIL
Michael Ruffin,2007-08,1033930,MIL
Mickael Gelabale,2007-08,802000,OKC
Mickael Pietrus,2007-08,3470770,GSW
Mike Bibby,2007-08,13500000,ATL
Mike Conley,2007-08,3377160,MEM
Mike Dunleavy,2007-08,8219008,IND
Mike James,2007-08,5632200,NOH
Mike Miller,2007-08,8376194,MEM
Mike Wilks,2007-08,67151,WAS
Mile Ilic,2007-08,864000,NOH
Mo Williams,2007-08,7750000,MIL
Monta Ellis,2007-08,770610,GSW
Morris Almond,2007-08,1005960,UTA
Morris Peterson,2007-08,5356000,NOH
Mouhamed Sene,2007-08,2105520,OKC
Nate Robinson,2007-08,1268160,NYK
Nenad Krstic,2007-08,1889760,NJN
Nene,2007-08,8840000,DEN
Nick Collison,2007-08,5750000,OKC
Nick Fazekas,2007-08,427163,DAL
Nick Young,2007-08,1491240,WAS
Oleksiy Pecherov,2007-08,1345800,WAS
Pat Garrity,2007-08,3818750,ORL
Patrick O\'Bryant,2007-08,2216400,GSW
Pau Gasol,2007-08,13735000,LAL
Paul Davis,2007-08,687456,LAC
Paul Millsap,2007-08,687456,UTA
Peja Stojakovic,2007-08,11664000,NOH
Primoz Brezec,2007-08,2750000,TOR
Quentin Richardson,2007-08,8105500,NYK
Quinton Ross,2007-08,826046,LAC
Raef LaFrentz,2007-08,12440787,POR
Raja Bell,2007-08,4750000,PHO
Ramon Sessions,2007-08,427163,MIL
Randolph Morris,2007-08,810000,NYK
Randy Foye,2007-08,2631840,MIN
Rashad McCants,2007-08,1769160,MIN
Rashard Lewis,2007-08,14880000,ORL
Rasheed Wallace,2007-08,12540000,DET
Rasho Nesterovic,2007-08,7840000,TOR
Rasual Butler,2007-08,3315000,NOH
Renaldo Balkman,2007-08,1280640,NYK
Richard Hamilton,2007-08,10000000,DET
Richard Jefferson,2007-08,12200000,NJN
Richie Frahm,2007-08,623694,LAC
Ricky Davis,2007-08,6819000,MIA
Robert Horry,2007-08,3630000,SAS
Robert Swift,2007-08,2601113,OKC
Rodney Stuckey,2007-08,1569600,DET
Roger Mason,2007-08,798328,WAS
Ronald Dupree,2007-08,826046,DET
Ronald Murray,2007-08,1890000,DET
Ronnie Brewer,2007-08,1715040,UTA
Ronnie Price,2007-08,1100000,UTA
Ronny Turiaf,2007-08,770610,LAL
Royal Ivey,2007-08,826046,MIL
Ruben Patterson,2007-08,304897,LAC
Rudy Gay,2007-08,2411160,MEM
Ryan Bowen,2007-08,1033930,NOH
Ryan Gomes,2007-08,770610,MIN
Salim Stoudamire,2007-08,783000,ATL
Sam Cassell,2007-08,6150000,LAC
Sasha Pavlovic,2007-08,4250000,CLE
Sasha Vujacic,2007-08,1756951,LAL
Sean Marks,2007-08,1033930,PHO
Sean Williams,2007-08,1416600,NJN
Sebastian Telfair,2007-08,2562426,MIN
Sergio Rodriguez,2007-08,817000,POR
Shannon Brown,2007-08,1044120,CHI
Shaquille O\'Neal,2007-08,20000000,PHO
Shaun Livingston,2007-08,4404629,LAC
Shawn Marion,2007-08,16440000,MIA
Shawne Williams,2007-08,1470360,IND
Smush Parker,2007-08,2250000,MIA
Solomon Jones,2007-08,729000,ATL
Speedy Claxton,2007-08,6306182,ATL
Stephane Lasme,2007-08,48056,GSW
Stephen Graham,2007-08,770610,IND
Stephen Jackson,2007-08,6630000,GSW
Stephon Marbury,2007-08,19012500,NYK
Steve Blake,2007-08,4250000,POR
Steve Francis,2007-08,15070000,POR
Steve Nash,2007-08,11375000,PHO
Steven Hunter,2007-08,3248000,DEN
Stromile Swift,2007-08,5800000,NJN
T.J. Ford,2007-08,8000000,TOR
Tarence Kinsey,2007-08,219533,MEM
Taurean Green,2007-08,427163,DEN
Tayshaun Prince,2007-08,8675620,DET
Thabo Sefolosha,2007-08,1805160,CHI
Theo Ratliff,2007-08,11666666,MIN
Thomas Gardner,2007-08,101451,CHI
Tim Duncan,2007-08,19014188,SAS
Tim Thomas,2007-08,5632200,LAC
Tony Battie,2007-08,5200000,ORL
Tony Parker,2007-08,10500000,SAS
Travis Diener,2007-08,1500000,IND
Travis Outlaw,2007-08,4000000,POR
Trenton Hassell,2007-08,4350000,NJN
Trevor Ariza,2007-08,3100000,LAL
Troy Hudson,2007-08,5953000,MIN
Troy Murphy,2007-08,9206349,IND
Tyrus Thomas,2007-08,3505320,CHI
Tyson Chandler,2007-08,10250000,NOH
Udonis Haslem,2007-08,6050000,MIA
Vassilis Spanoulis,2007-08,1944000,SAS
Viktor Khryapa,2007-08,1928598,CHI
Vince Carter,2007-08,13320000,NJN
Vladimir Radmanovic,2007-08,5632200,LAL
Von Wafer,2007-08,770610,POR
Wally Szczerbiak,2007-08,12775000,CLE
Walter Herrmann,2007-08,1944000,DET
Wilson Chandler,2007-08,1091640,NYK
Yakhouba Diawara,2007-08,687456,DEN
Yi Jianlian,2007-08,2777760,MIL
Zach Randolph,2007-08,13333333,NYK
Zaza Pachulia,2007-08,4000000,ATL
Zydrunas Ilgauskas,2007-08,10142156,CLE
Aaron Brooks,2008-09,1045560,HOU
Aaron Gray,2008-09,711517,CHI
Acie Law,2008-09,2071680,ATL
Adam Morrison,2008-09,4159200,LAL
Adonal Foyle,2008-09,1262275,MEM
Adrian Griffin,2008-09,1711000,MIL
Al Harrington,2008-09,9226250,NYK
Al Horford,2008-09,4026720,ATL
Al Jefferson,2008-09,11000000,MIN
Al Thornton,2008-09,1776240,LAC
Alando Tucker,2008-09,1001880,PHO
Alex Acker,2008-09,711517,LAC
Allen Iverson,2008-09,20840625,DET
Amar\'e Stoudemire,2008-09,15070550,PHO
Amir Johnson,2008-09,3666667,DET
Anderson Varejao,2008-09,5784480,CLE
Andray Blatche,2008-09,2739669,WAS
Andre Iguodala,2008-09,11300000,PHI
Andre Miller,2008-09,10333334,PHI
Andrea Bargnani,2008-09,5176440,TOR
Andrei Kirilenko,2008-09,15106000,UTA
Andres Nocioni,2008-09,8000000,SAC
Andrew Bogut,2008-09,6294310,MIL
Andrew Bynum,2008-09,2769300,LAL
Antawn Jamison,2008-09,9923285,WAS
Anthony Carter,2008-09,1147533,DEN
Anthony Johnson,2008-09,1910000,ORL
Anthony Parker,2008-09,4550000,TOR
Anthony Roberson,2008-09,797581,CHI
Anthony Tolliver,2008-09,187248,SAS
Antoine Walker,2008-09,8854475,MEM
Antoine Wright,2008-09,1800000,DAL
Antonio Daniels,2008-09,6200000,NOH
Antonio McDyess,2008-09,950419,DET
Arron Afflalo,2008-09,1015440,DET
Austin Croshere,2008-09,74251,SAS
Baron Davis,2008-09,11250000,LAC
Ben Gordon,2008-09,6404750,CHI
Ben Wallace,2008-09,14500000,CLE
Beno Udrih,2008-09,5585000,SAC
Bill Walker,2008-09,542114,BOS
Blake Ahearn,2008-09,125562,SAS
Bobby Brown,2008-09,442114,MIN
Bobby Jackson,2008-09,6487888,SAC
Bobby Simmons,2008-09,10602667,NJN
Brad Miller,2008-09,11375000,CHI
Brandon Bass,2008-09,826269,DAL
Brandon Roy,2008-09,3084240,POR
Brandon Rush,2008-09,1799160,IND
Brendan Haywood,2008-09,5500000,WAS
Brent Barry,2008-09,1910000,HOU
Brevin Knight,2008-09,2000000,UTA
Brian Cardinal,2008-09,6300000,MIN
Brian Cook,2008-09,3500000,HOU
Brian Scalabrine,2008-09,3206897,BOS
Brian Skinner,2008-09,1262275,LAC
Brook Lopez,2008-09,2098560,NJN
Bruce Bowen,2008-09,4000000,SAS
C.J. Miles,2008-09,3700000,UTA
Calvin Booth,2008-09,1319651,SAC
Carl Landry,2008-09,3000000,HOU
Carlos Boozer,2008-09,11593817,UTA
Carmelo Anthony,2008-09,14410581,DEN
Caron Butler,2008-09,9249980,WAS
Cedric Simmons,2008-09,1742760,SAC
Channing Frye,2008-09,3163769,POR
Charlie Bell,2008-09,3354480,MIL
Charlie Villanueva,2008-09,3448050,MIL
Chauncey Billups,2008-09,11050000,DEN
Cheikh Samb,2008-09,797581,LAC
Chris Andersen,2008-09,998398,DEN
Chris Bosh,2008-09,14410581,TOR
Chris Douglas-Roberts,2008-09,442411,NJN
Chris Duhon,2008-09,5585000,NYK
Chris Kaman,2008-09,9500000,LAC
Chris Mihm,2008-09,2500000,MEM
Chris Paul,2008-09,4574189,NOH
Chris Wilcox,2008-09,6750000,NYK
Chuck Hayes,2008-09,1768000,HOU
Chucky Atkins,2008-09,3240000,OKC
Corey Brewer,2008-09,2725920,MIN
Courtney Lee,2008-09,1176240,ORL
Courtney Sims,2008-09,184648,PHO
Craig Smith,2008-09,2500000,MIN
Cuttino Mobley,2008-09,9100000,NYK
D.J. White,2008-09,964080,OKC
Dahntay Jones,2008-09,926678,DEN
Damien Wilkins,2008-09,3100000,OKC
Damon Jones,2008-09,4460186,MIL
Damon Stoudamire,2008-09,2325000,MEM
Dan Gadzuric,2008-09,6250195,MIL
Daniel Gibson,2008-09,3700000,CLE
Danilo Gallinari,2008-09,2873520,NYK
Danny Granger,2008-09,2329805,IND
Darius Miles,2008-09,9000000,POR
Darius Songaila,2008-09,4235000,WAS
Darko Milicic,2008-09,7020000,MEM
Darnell Jackson,2008-09,450000,CLE
Darrell Arthur,2008-09,977160,MEM
David Lee,2008-09,1788033,NYK
David West,2008-09,9862500,NOH
DeAndre Jordan,2008-09,550000,LAC
DeShawn Stevenson,2008-09,3616072,WAS
Dee Brown,2008-09,184157,WAS
Delonte West,2008-09,3850000,CLE
Demetris Nichols,2008-09,87893,CHI
Derek Fisher,2008-09,4700000,LAL
Deron Williams,2008-09,5069449,UTA
Derrick Rose,2008-09,4822800,CHI
Desmon Farmer,2008-09,83708,SAS
Desmond Mason,2008-09,5300000,OKC
Devean George,2008-09,1600000,DAL
Devin Brown,2008-09,998398,NOH
Devin Harris,2008-09,7800000,NJN
Didier Ilunga-Mbenga,2008-09,880658,LAL
Dikembe Mutombo,2008-09,794491,HOU
Dirk Nowitzki,2008-09,18077904,DAL
Dominic McGuire,2008-09,711517,WAS
Donte Greene,2008-09,971160,SAC
Donyell Marshall,2008-09,1262275,PHI
Drew Gooden,2008-09,7151183,SAC
Dwight Howard,2008-09,13758000,ORL
Earl Watson,2008-09,6200000,OKC
Eddie Gill,2008-09,387613,MIL
Eddie House,2008-09,2650000,BOS
Eddie Jones,2008-09,2000000,IND
Eddy Curry,2008-09,9723983,NYK
Eduardo Najera,2008-09,3250000,NJN
Elton Brand,2008-09,13757844,PHI
Eric Gordon,2008-09,2623200,LAC
Eric Snow,2008-09,7312500,CLE
Erick Dampier,2008-09,11553000,DAL
Etan Thomas,2008-09,6864200,WAS
Fabricio Oberto,2008-09,3600000,SAS
Francisco Elson,2008-09,1700000,MIL
Francisco Garcia,2008-09,1983454,SAC
Fred Jones,2008-09,622531,LAC
Gabe Pruitt,2008-09,711517,BOS
George Hill,2008-09,1006200,SAS
Gerald Green,2008-09,854957,DAL
Gilbert Arenas,2008-09,14653466,WAS
Glen Davis,2008-09,711517,BOS
Goran Dragic,2008-09,1700000,PHO
Grant Hill,2008-09,1976400,PHO
Greg Buckner,2008-09,4010005,MEM
Greg Oden,2008-09,5011680,POR
Hakim Warrick,2008-09,2119102,MEM
Hamed Haddadi,2008-09,1572221,MEM
Hassan Adams,2008-09,297163,LAC
Hedo Turkoglu,2008-09,6864200,ORL
Hilton Armstrong,2008-09,2032800,NOH
Ian Mahinmi,2008-09,1009200,SAS
Ike Diogu,2008-09,2912823,SAC
Ime Udoka,2008-09,1080000,SAS
J.J. Hickson,2008-09,1329480,CLE
J.J. Redick,2008-09,2139720,ORL
J.R. Giddens,2008-09,957120,BOS
J.R. Smith,2008-09,4985001,DEN
JaVale McGee,2008-09,1392240,WAS
Jackie Butler,2008-09,2552000,HOU
Jacque Vaughn,2008-09,1262275,SAS
Jake Voskuhl,2008-09,826153,TOR
Jamaal Tinsley,2008-09,6750000,IND
Jameer Nelson,2008-09,7700000,ORL
James Posey,2008-09,5585000,NOH
James Singleton,2008-09,826269,DAL
Jared Dudley,2008-09,1222320,PHO
Jared Jeffries,2008-09,6049400,NYK
Jarrett Jack,2008-09,2002623,IND
Jarron Collins,2008-09,2074302,UTA
Jarvis Hayes,2008-09,1910000,NJN
Jason Collins,2008-09,6200000,MIN
Jason Hart,2008-09,2484000,LAC
Jason Kapono,2008-09,5784480,TOR
Jason Kidd,2008-09,21372000,DAL
Jason Maxiell,2008-09,1877572,DET
Jason Richardson,2008-09,12222221,PHO
Jason Smith,2008-09,1326360,PHI
Jason Terry,2008-09,9196000,DAL
Jason Thompson,2008-09,1893840,SAC
Jason Williams,2008-09,1262275,LAC
Javaris Crittenton,2008-09,1381560,WAS
Jawad Williams,2008-09,244463,CLE
Jeff Foster,2008-09,5500000,IND
Jeff Green,2008-09,3287640,OKC
Jeremy Richardson,2008-09,769431,ORL
Jerome James,2008-09,6200000,CHI
Jerry Stackhouse,2008-09,7000000,DAL
Jerryd Bayless,2008-09,1993560,POR
Joakim Noah,2008-09,2295480,CHI
Joe Alexander,2008-09,2403120,MIL
Joe Johnson,2008-09,14232567,ATL
Joe Smith,2008-09,4795000,OKC
Joel Przybilla,2008-09,6310150,POR
Joey Dorsey,2008-09,816500,HOU
Joey Graham,2008-09,2449184,TOR
Johan Petro,2008-09,1939893,DEN
John Lucas,2008-09,32842,OKC
John Salmons,2008-09,5104000,CHI
Jordan Farmar,2008-09,1080000,LAL
Jorge Garbajosa,2008-09,4350000,TOR
Jose Barea,2008-09,1500000,DAL
Jose Calderon,2008-09,7438018,TOR
Josh Boone,2008-09,1212120,NJN
Josh Howard,2008-09,9945000,DAL
Josh McRoberts,2008-09,711517,IND
Josh Powell,2008-09,854957,LAL
Josh Smith,2008-09,10000000,ATL
Juan Dixon,2008-09,998398,WAS
Julian Wright,2008-09,1869600,NOH
Justin Reed,2008-09,1573000,HOU
Juwan Howard,2008-09,7375500,MIN
Kareem Rush,2008-09,926678,PHI
Keith Bogans,2008-09,2565000,MIL
Keith McLeod,2008-09,926678,DAL
Kendrick Perkins,2008-09,4578880,BOS
Kenny Thomas,2008-09,8562500,SAC
Kenyon Martin,2008-09,14431816,DEN
Kevin Durant,2008-09,4484040,OKC
Kevin Garnett,2008-09,24751934,BOS
Kevin Love,2008-09,3163680,MIN
Kevin Martin,2008-09,8760335,SAC
Kevin Ollie,2008-09,1262275,MIN
Keyon Dooling,2008-09,3300000,NJN
Kirk Hinrich,2008-09,10000000,CHI
Kobe Bryant,2008-09,21262500,LAL
Kosta Koufos,2008-09,1129320,UTA
Kris Humphries,2008-09,3200000,TOR
Kurt Thomas,2008-09,4200000,SAS
Kwame Brown,2008-09,4000000,DET
Kyle Korver,2008-09,4956818,UTA
Kyle Lowry,2008-09,1163520,HOU
Kyle Weaver,2008-09,806452,OKC
Kyrylo Fesenko,2008-09,810000,UTA
LaMarcus Aldridge,2008-09,4631400,POR
Lamar Odom,2008-09,14148596,LAL
Larry Hughes,2008-09,12827676,NYK
LeBron James,2008-09,14410581,CLE
Leandro Barbosa,2008-09,6100000,PHO
Leon Powe,2008-09,797581,BOS
Linas Kleiza,2008-09,1824493,DEN
Lindsey Hunter,2008-09,1143473,CHI
Lorenzen Wright,2008-09,1262275,CLE
Louis Amundson,2008-09,797581,PHO
Louis Williams,2008-09,4500000,PHI
Luc Mbah a Moute,2008-09,757000,MIL
Luis Scola,2008-09,3100667,HOU
Luke Ridnour,2008-09,6500000,MIL
Luke Walton,2008-09,4420000,LAL
Luol Deng,2008-09,9385000,CHI
Luther Head,2008-09,1962378,HOU
Maceo Baston,2008-09,2272860,IND
Malik Allen,2008-09,1300000,MIL
Malik Hairston,2008-09,351091,SAS
Malik Rose,2008-09,7647500,OKC
Manu Ginobili,2008-09,9905248,SAS
Marc Gasol,2008-09,3093333,MEM
Marcin Gortat,2008-09,711517,ORL
Marcus Banks,2008-09,4260000,TOR
Marcus Camby,2008-09,10000000,LAC
Mardy Collins,2008-09,1034760,LAC
Mario West,2008-09,711517,ATL
Mark Madsen,2008-09,2630000,MIN
Marko Jaric,2008-09,6575000,MEM
Marquis Daniels,2008-09,6864200,IND
Marreese Speights,2008-09,1542600,PHI
Martell Webster,2008-09,3771133,POR
Marvin Williams,2008-09,5636143,ATL
Matt Barnes,2008-09,926678,PHO
Matt Bonner,2008-09,2987000,SAS
Matt Carroll,2008-09,5050000,DAL
Matt Harpring,2008-09,6000000,UTA
Maurice Ager,2008-09,1042440,NJN
Maurice Evans,2008-09,2500000,ATL
Mehmet Okur,2008-09,8500000,UTA
Melvin Ely,2008-09,998398,NOH
Metta World Peace,2008-09,7400000,HOU
Michael Finley,2008-09,2500000,SAS
Michael Redd,2008-09,15780000,MIL
Michael Ruffin,2008-09,1141838,POR
Mickael Pietrus,2008-09,5300000,ORL
Mike Bibby,2008-09,14983603,ATL
Mike Conley,2008-09,3630480,MEM
Mike Dunleavy,2008-09,9000000,IND
Mike James,2008-09,6244093,WAS
Mike Miller,2008-09,9028575,MIN
Mike Taylor,2008-09,500000,LAC
Mike Wilks,2008-09,998398,MEM
Mikki Moore,2008-09,5632200,SAC
Mo Williams,2008-09,8353000,CLE
Morris Almond,2008-09,1081440,UTA
Morris Peterson,2008-09,5592240,NOH
Mouhamed Sene,2008-09,2252400,OKC
Nate Robinson,2008-09,2020179,NYK
Nathan Jawai,2008-09,442114,TOR
Nenad Krstic,2008-09,4778548,OKC
Nene,2008-09,9680000,DEN
Nick Collison,2008-09,6350000,OKC
Nick Young,2008-09,1602960,WAS
Nicolas Batum,2008-09,1040640,POR
O.J. Mayo,2008-09,3875040,MEM
Oleksiy Pecherov,2008-09,1446720,WAS
Othello Hunter,2008-09,442114,ATL
Patrick O\'Bryant,2008-09,1500000,TOR
Pau Gasol,2008-09,15106000,LAL
Paul Davis,2008-09,328416,LAC
Paul Millsap,2008-09,797581,UTA
Paul Pierce,2008-09,18077903,BOS
Peja Stojakovic,2008-09,12528000,NOH
Quentin Richardson,2008-09,8685500,NYK
Quincy Douby,2008-09,1427040,SAC
Quinton Ross,2008-09,854957,MEM
Raef LaFrentz,2008-09,12722500,POR
Rafer Alston,2008-09,4900000,ORL
Rajon Rondo,2008-09,1315080,BOS
Ramon Sessions,2008-09,722517,MIL
Randolph Morris,2008-09,797581,ATL
Randy Foye,2008-09,2815560,MIN
Rashad McCants,2008-09,2620126,SAC
Rashard Lewis,2008-09,16447871,ORL
Rasheed Wallace,2008-09,13930000,DET
Rasho Nesterovic,2008-09,8400000,IND
Rasual Butler,2008-09,3630000,NOH
Ray Allen,2008-09,18388430,BOS
Reggie Evans,2008-09,4640000,PHI
Renaldo Balkman,2008-09,1369920,DEN
Richard Hamilton,2008-09,10812500,DET
Richard Jefferson,2008-09,13200000,MIL
Ricky Davis,2008-09,2300000,LAC
Robert Swift,2008-09,3579131,OKC
Robin Lopez,2008-09,1623720,PHO
Rodney Carney,2008-09,1655760,MIN
Rodney Stuckey,2008-09,1687320,DET
Roger Mason,2008-09,3500000,SAS
Roko Ukic,2008-09,1250000,TOR
Ronald Murray,2008-09,1500000,ATL
Ronnie Brewer,2008-09,1834680,UTA
Ronnie Price,2008-09,1188000,UTA
Roy Hibbert,2008-09,1465400,IND
Royal Ivey,2008-09,854957,PHI
Rudy Fernandez,2008-09,1084080,POR
Rudy Gay,2008-09,2579400,MEM
Russell Westbrook,2008-09,3493680,OKC
Ryan Anderson,2008-09,1225200,NJN
Ryan Bowen,2008-09,1141838,NOH
Ryan Gomes,2008-09,3650000,MIN
Ryan Hollins,2008-09,972581,DAL
Sam Cassell,2008-09,1262275,SAC
Samuel Dalembert,2008-09,11238564,PHI
Sasha Pavlovic,2008-09,4500000,CLE
Sasha Vujacic,2008-09,4524887,LAL
Sean Marks,2008-09,1141838,NOH
Sean Williams,2008-09,1522920,NJN
Sebastian Telfair,2008-09,2300000,MIN
Sergio Rodriguez,2008-09,1048800,POR
Shane Battier,2008-09,6448900,HOU
Shannon Brown,2008-09,797581,LAL
Shaquille O\'Neal,2008-09,21000000,PHO
Shaun Livingston,2008-09,370000,MEM
Shavlik Randolph,2008-09,826269,POR
Shawn Marion,2008-09,17810000,TOR
Shawne Williams,2008-09,1572960,DAL
Shelden Williams,2008-09,3395760,MIN
Solomon Jones,2008-09,797581,ATL
Sonny Weems,2008-09,442114,DEN
Speedy Claxton,2008-09,5757818,ATL
Spencer Hawes,2008-09,2180760,SAC
Stephen Graham,2008-09,826269,IND
Stephon Marbury,2008-09,20840625,NYK
Steve Blake,2008-09,4250000,POR
Steve Francis,2008-09,17180000,POR
Steve Nash,2008-09,12250000,PHO
Steve Novak,2008-09,797581,LAC
Steven Hill,2008-09,148238,OKC
Steven Hunter,2008-09,3862600,DEN
Stromile Swift,2008-09,6200000,NJN
Sun Yue,2008-09,442114,LAL
T.J. Ford,2008-09,8000000,IND
Tarence Kinsey,2008-09,797581,CLE
Tayshaun Prince,2008-09,9500000,DET
Thabo Sefolosha,2008-09,1931160,OKC
Thaddeus Young,2008-09,1968120,PHI
Theo Ratliff,2008-09,1262275,PHI
Thomas Gardner,2008-09,711517,ATL
Tim Duncan,2008-09,20598704,SAS
Tim Thomas,2008-09,6049400,CHI
Tony Allen,2008-09,2500000,BOS
Tony Battie,2008-09,5746000,ORL
Tony Parker,2008-09,11550000,SAS
Tracy McGrady,2008-09,20370437,HOU
Travis Diener,2008-09,1620000,IND
Travis Outlaw,2008-09,4000000,POR
Trenton Hassell,2008-09,4350000,NJN
Trevor Ariza,2008-09,3100000,LAL
Trey Johnson,2008-09,187258,CLE
Troy Murphy,2008-09,10126984,IND
Tyronn Lue,2008-09,2250000,ORL
Tyrus Thomas,2008-09,3749880,CHI
Tyson Chandler,2008-09,11350000,NOH
Vince Carter,2008-09,14724125,NJN
Von Wafer,2008-09,826269,HOU
Wally Szczerbiak,2008-09,13775000,CLE
Walter Herrmann,2008-09,2000000,DET
Walter Sharpe,2008-09,442114,DET
Will Bynum,2008-09,711517,DET
Will Solomon,2008-09,711517,SAC
Willie Green,2008-09,3388000,PHI
Wilson Chandler,2008-09,1173480,NYK
Yao Ming,2008-09,15070550,HOU
Yi Jianlian,2008-09,2986080,NJN
Zach Randolph,2008-09,14666667,LAC
Zaza Pachulia,2008-09,4000000,ATL
Zydrunas Ilgauskas,2008-09,10841615,CLE
A.J. Price,2009-10,457588,IND
Aaron Brooks,2009-10,1118520,HOU
Aaron Gray,2009-10,1000497,NOH
Acie Law,2009-10,2216160,CHI
Adam Morrison,2009-10,5257229,LAL
Adonal Foyle,2009-10,1306455,ORL
Al Harrington,2009-10,10026875,NYK
Al Horford,2009-10,4307640,ATL
Al Jefferson,2009-10,12000000,MIN
Al Thornton,2009-10,1900200,WAS
Alando Tucker,2009-10,1071720,MIN
Allen Iverson,2009-10,1029794,PHI
Amar\'e Stoudemire,2009-10,16378325,PHO
Amir Johnson,2009-10,3666666,TOR
Anderson Varejao,2009-10,6300000,CLE
Andray Blatche,2009-10,3000000,WAS
Andre Iguodala,2009-10,12200000,PHI
Andre Miller,2009-10,6730800,POR
Andrea Bargnani,2009-10,6527491,TOR
Andrei Kirilenko,2009-10,16452000,UTA
Andres Nocioni,2009-10,7500000,SAC
Andrew Bogut,2009-10,10000000,MIL
Andrew Bynum,2009-10,12526998,LAL
Andris Biedrins,2009-10,9000000,GSW
Antawn Jamison,2009-10,11641095,CLE
Anthony Carter,2009-10,1306455,DEN
Anthony Johnson,2009-10,2160000,ORL
Anthony Morrow,2009-10,736420,GSW
Anthony Parker,2009-10,2644230,CLE
Anthony Randolph,2009-10,1837560,GSW
Anthony Tolliver,2009-10,51983,POR
Antoine Wright,2009-10,2110550,TOR
Antonio Daniels,2009-10,5863580,MIN
Antonio McDyess,2009-10,4500000,SAS
Arron Afflalo,2009-10,1086240,DEN
Austin Daye,2009-10,1677840,DET
Baron Davis,2009-10,12150000,LAC
Ben Gordon,2009-10,10000000,DET
Ben Wallace,2009-10,1306445,DET
Beno Udrih,2009-10,6031800,SAC
Bill Walker,2009-10,736420,NYK
Blake Griffin,2009-10,4983480,LAC
Bobby Brown,2009-10,736420,LAC
Bobby Simmons,2009-10,10560000,NJN
Brad Miller,2009-10,12250000,CHI
Brandan Wright,2009-10,2671440,GSW
Brandon Bass,2009-10,4000000,ORL
Brandon Jennings,2009-10,2168520,MIL
Brandon Roy,2009-10,3910816,POR
Brandon Rush,2009-10,1934160,IND
Brendan Haywood,2009-10,6000000,DAL
Brent Barry,2009-10,2062800,HOU
Brian Cardinal,2009-10,6750000,NYK
Brian Cook,2009-10,3500000,HOU
Brian Scalabrine,2009-10,3413793,BOS
Brian Skinner,2009-10,1306455,LAC
Brook Lopez,2009-10,2225880,NJN
Bruce Bowen,2009-10,2000000,MIL
Byron Mullens,2009-10,1120200,OKC
C.J. Miles,2009-10,3700000,UTA
C.J. Watson,2009-10,1000497,GSW
Carl Landry,2009-10,3000000,SAC
Carlos Arroyo,2009-10,1107572,MIA
Carlos Boozer,2009-10,13520500,UTA
Carlos Delfino,2009-10,3500000,MIL
Carmelo Anthony,2009-10,15779912,DEN
Caron Butler,2009-10,9780970,DAL
Cartier Martin,2009-10,86638,GSW
Cedric Jackson,2009-10,53834,CLE
Channing Frye,2009-10,2000000,PHO
Charlie Bell,2009-10,3596000,MIL
Charlie Villanueva,2009-10,6500000,DET
Chase Budinger,2009-10,457588,HOU
Chauncey Billups,2009-10,12100000,DEN
Chris Andersen,2009-10,3650000,DEN
Chris Bosh,2009-10,15779912,TOR
Chris Douglas-Roberts,2009-10,736000,NJN
Chris Duhon,2009-10,6031800,NYK
Chris Hunter,2009-10,632455,GSW
Chris Kaman,2009-10,10400000,LAC
Chris Paul,2009-10,13520500,NOH
Chris Quinn,2009-10,1055000,NJN
Chris Richard,2009-10,43319,CHI
Chris Wilcox,2009-10,3000000,DET
Chuck Hayes,2009-10,2111750,HOU
Chucky Atkins,2009-10,760000,MIN
Coby Karl,2009-10,43319,GSW
Corey Brewer,2009-10,2916120,MIN
Corey Maggette,2009-10,8937931,GSW
Courtney Lee,2009-10,1264440,NJN
Craig Smith,2009-10,2500000,LAC
Cuttino Mobley,2009-10,9500000,NYK
D.J. White,2009-10,1036440,OKC
DaJuan Summers,2009-10,457588,DET
Daequan Cook,2009-10,1362120,MIA
Dahntay Jones,2009-10,2500000,IND
Damien Wilkins,2009-10,3300000,MIN
Dan Gadzuric,2009-10,6749260,MIL
Daniel Gibson,2009-10,4088500,CLE
Danilo Gallinari,2009-10,3089040,NYK
Danny Granger,2009-10,9930500,IND
Danny Green,2009-10,457588,CLE
Dante Cunningham,2009-10,457588,POR
Darius Miles,2009-10,9000000,POR
Darius Songaila,2009-10,4526000,NOH
Darko Milicic,2009-10,7500000,MIN
Darnell Jackson,2009-10,736420,CLE
Darrell Arthur,2009-10,1050480,MEM
Darren Collison,2009-10,1266120,NOH
David Andersen,2009-10,2300000,HOU
David Lee,2009-10,7000000,NYK
David West,2009-10,9075000,NOH
DeAndre Jordan,2009-10,736420,LAC
DeJuan Blair,2009-10,850000,SAS
DeMar DeRozan,2009-10,2282640,TOR
DeMarre Carroll,2009-10,1009680,MEM
DeShawn Stevenson,2009-10,3886928,DAL
Delonte West,2009-10,4254250,CLE
Derek Fisher,2009-10,5048000,LAL
Deron Williams,2009-10,12323900,UTA
Derrick Rose,2009-10,5184480,CHI
Desmond Mason,2009-10,76850,SAC
Devean George,2009-10,1600000,GSW
Devin Brown,2009-10,1100000,CHI
Devin Harris,2009-10,8400000,NJN
Didier Ilunga-Mbenga,2009-10,959111,LAL
Dirk Nowitzki,2009-10,19795714,DAL
Dominic McGuire,2009-10,825497,SAC
Donte Greene,2009-10,1044000,SAC
Dorell Wright,2009-10,2750000,MIA
Drew Gooden,2009-10,4500000,LAC
Dwight Howard,2009-10,15202590,ORL
Dwyane Wade,2009-10,15779912,MIA
Earl Boykins,2009-10,1191180,WAS
Earl Clark,2009-10,1766280,PHO
Earl Watson,2009-10,6600000,OKC
Eddie House,2009-10,2862000,NYK
Eddy Curry,2009-10,10500423,NYK
Eduardo Najera,2009-10,3100000,DAL
Elton Brand,2009-10,14858471,PHI
Emeka Okafor,2009-10,10538937,NOH
Eric Gordon,2009-10,2819880,LAC
Eric Maynor,2009-10,1318920,OKC
Erick Dampier,2009-10,12115500,DAL
Ersan Ilyasova,2009-10,2100000,MIL
Etan Thomas,2009-10,7350000,OKC
Fabricio Oberto,2009-10,2100000,WAS
Francisco Elson,2009-10,1700000,PHI
Francisco Garcia,2009-10,5800000,SAC
George Hill,2009-10,1081680,SAS
Gilbert Arenas,2009-10,16192080,WAS
Glen Davis,2009-10,3000000,BOS
Goran Dragic,2009-10,1836000,PHO
Grant Hill,2009-10,3000000,PHO
Greg Buckner,2009-10,1000000,DAL
Greg Oden,2009-10,5361240,POR
Hakim Warrick,2009-10,3000000,CHI
Hamed Haddadi,2009-10,1627779,MEM
Hasheem Thabeet,2009-10,4458840,MEM
Hedo Turkoglu,2009-10,9000000,TOR
Hilton Armstrong,2009-10,2801198,HOU
Ian Mahinmi,2009-10,1079640,SAS
Ike Diogu,2009-10,884881,NOH
Ime Udoka,2009-10,838034,SAC
J.J. Hickson,2009-10,1429200,CLE
J.J. Redick,2009-10,2839408,ORL
J.R. Giddens,2009-10,1028880,NYK
J.R. Smith,2009-10,5508426,DEN
JaVale McGee,2009-10,1496640,WAS
Jamaal Magloire,2009-10,1229225,MIA
Jamaal Tinsley,2009-10,990300,MEM
Jamal Crawford,2009-10,9360000,ATL
Jamario Moon,2009-10,2750000,CLE
Jameer Nelson,2009-10,6138888,ORL
James Harden,2009-10,4054160,OKC
James Johnson,2009-10,1594080,CHI
James Jones,2009-10,4320000,MIA
James Posey,2009-10,6031800,NOH
James Singleton,2009-10,1030189,WAS
JamesOn Curry,2009-10,26917,LAC
Jannero Pargo,2009-10,2000000,CHI
Jared Dudley,2009-10,1307640,PHO
Jared Jeffries,2009-10,6466600,HOU
Jarrett Jack,2009-10,4500000,TOR
Jarron Collins,2009-10,1181803,PHO
Jarvis Hayes,2009-10,2062800,NJN
Jason Collins,2009-10,1181803,ATL
Jason Hart,2009-10,451866,PHO
Jason Kapono,2009-10,6212960,PHI
Jason Kidd,2009-10,8000000,DAL
Jason Maxiell,2009-10,5000000,DET
Jason Richardson,2009-10,13333333,PHO
Jason Smith,2009-10,1418880,PHI
Jason Terry,2009-10,9862500,DAL
Jason Thompson,2009-10,2035920,SAC
Jason Williams,2009-10,1306455,ORL
Javaris Crittenton,2009-10,1477920,WAS
Jawad Williams,2009-10,736420,CLE
Jeff Foster,2009-10,6077500,IND
Jeff Green,2009-10,3516960,OKC
Jeff Pendergraph,2009-10,457588,POR
Jeff Teague,2009-10,1373880,ATL
Jermaine O\'Neal,2009-10,23016000,MIA
Jermaine Taylor,2009-10,725000,HOU
Jerome James,2009-10,6600000,CHI
Jerry Stackhouse,2009-10,668598,MIL
Jerryd Bayless,2009-10,2143080,POR
Joakim Noah,2009-10,2455680,CHI
Jodie Meeks,2009-10,650000,PHI
Joe Alexander,2009-10,2583360,CHI
Joe Johnson,2009-10,14976754,ATL
Joe Smith,2009-10,1306455,ATL
Joel Anthony,2009-10,825497,MIA
Joel Przybilla,2009-10,6857725,POR
Joey Dorsey,2009-10,881000,SAC
Joey Graham,2009-10,884881,DEN
Johan Petro,2009-10,884881,DEN
John Salmons,2009-10,5456000,MIL
Jon Brockman,2009-10,457588,SAC
Jonas Jerebko,2009-10,457588,DET
Jonathan Bender,2009-10,801361,NYK
Jonny Flynn,2009-10,2969280,MIN
Jordan Farmar,2009-10,1947240,LAL
Jordan Hill,2009-10,2483280,HOU
Jose Barea,2009-10,1657500,DAL
Jose Calderon,2009-10,8219009,TOR
Josh Boone,2009-10,2056968,NJN
Josh Howard,2009-10,10890000,WAS
Josh McRoberts,2009-10,825497,IND
Josh Powell,2009-10,959111,LAL
Josh Smith,2009-10,10800000,ATL
Jrue Holiday,2009-10,1514280,PHI
Julian Wright,2009-10,2000040,NOH
Juwan Howard,2009-10,1306455,POR
Kareem Rush,2009-10,534906,LAC
Keith Bogans,2009-10,1033342,SAS
Kelenna Azubuike,2009-10,3132000,GSW
Kendrick Perkins,2009-10,4250000,BOS
Kenny Thomas,2009-10,8775000,SAC
Kenyon Martin,2009-10,15363636,DEN
Kevin Durant,2009-10,4796880,OKC
Kevin Garnett,2009-10,16400000,BOS
Kevin Love,2009-10,3401040,MIN
Kevin Martin,2009-10,10180170,HOU
Kevin Ollie,2009-10,1306455,OKC
Keyon Dooling,2009-10,3564000,NJN
Kirk Hinrich,2009-10,9500000,CHI
Kobe Bryant,2009-10,23034375,LAL
Kosta Koufos,2009-10,1214040,UTA
Kris Humphries,2009-10,3200000,NJN
Kurt Thomas,2009-10,3800000,MIL
Kwame Brown,2009-10,4100000,DET
Kyle Korver,2009-10,5155115,UTA
Kyle Lowry,2009-10,2034997,HOU
Kyle Weaver,2009-10,870968,OKC
Kyrylo Fesenko,2009-10,870000,UTA
LaMarcus Aldridge,2009-10,5844827,POR
Lamar Odom,2009-10,7500000,LAL
Larry Hughes,2009-10,13655268,SAC
LeBron James,2009-10,15779912,CLE
Leandro Barbosa,2009-10,6600000,PHO
Leon Powe,2009-10,855189,CLE
Lester Hudson,2009-10,199185,MEM
Lindsey Hunter,2009-10,1306455,CHI
Louis Amundson,2009-10,855189,PHO
Louis Williams,2009-10,4972500,PHI
Luc Mbah a Moute,2009-10,736420,MIL
Luis Scola,2009-10,3375600,HOU
Luke Ridnour,2009-10,6500000,MIL
Luke Walton,2009-10,4840000,LAL
Luol Deng,2009-10,10370425,CHI
Luther Head,2009-10,884881,IND
Malik Allen,2009-10,1300000,DEN
Malik Hairston,2009-10,736420,SAS
Manu Ginobili,2009-10,10728130,SAS
Marc Gasol,2009-10,3240000,MEM
Marcin Gortat,2009-10,5854000,ORL
Marco Belinelli,2009-10,1547640,TOR
Marcus Banks,2009-10,4553793,TOR
Marcus Camby,2009-10,7650000,POR
Marcus Haislip,2009-10,825497,SAS
Marcus Landry,2009-10,457588,BOS
Marcus Thornton,2009-10,457888,NOH
Marcus Williams,2009-10,855189,MEM
Mardy Collins,2009-10,1867742,LAC
Mario Chalmers,2009-10,773500,MIA
Mario West,2009-10,446740,ATL
Mark Blount,2009-10,7962500,MIN
Mark Madsen,2009-10,2840000,LAC
Marko Jaric,2009-10,7100000,MEM
Marquis Daniels,2009-10,1990000,BOS
Marreese Speights,2009-10,1658280,PHI
Martell Webster,2009-10,4344000,POR
Marvin Williams,2009-10,7500000,ATL
Matt Barnes,2009-10,1600000,ORL
Matt Bonner,2009-10,3240380,SAS
Matt Carroll,2009-10,4700000,DAL
Matt Harpring,2009-10,6500000,OKC
Maurice Evans,2009-10,2500000,ATL
Mehmet Okur,2009-10,9000000,UTA
Metta World Peace,2009-10,5854000,LAL
Michael Beasley,2009-10,4638600,MIA
Michael Finley,2009-10,2500000,SAS
Michael Redd,2009-10,17040000,MIL
Mickael Pietrus,2009-10,5300000,ORL
Mike Bibby,2009-10,6217617,ATL
Mike Conley,2009-10,3883800,MEM
Mike Dunleavy,2009-10,9780992,IND
Mike Harris,2009-10,64978,HOU
Mike James,2009-10,6466600,WAS
Mike Miller,2009-10,9750000,WAS
Mike Wilks,2009-10,175908,OKC
Mikki Moore,2009-10,2000000,SAC
Mo Williams,2009-10,8860000,CLE
Monta Ellis,2009-10,11000000,GSW
Morris Peterson,2009-10,6212960,NOH
Nate Robinson,2009-10,4000000,BOS
Nathan Jawai,2009-10,736420,MIN
Nenad Krstic,2009-10,5400000,OKC
Nene,2009-10,10520000,DEN
Nick Collison,2009-10,6250000,OKC
Nick Young,2009-10,1714800,WAS
Nicolas Batum,2009-10,1118760,POR
O.J. Mayo,2009-10,4165560,MEM
Oleksiy Pecherov,2009-10,1547640,MIN
Omri Casspi,2009-10,1167000,SAC
Othello Hunter,2009-10,307564,ATL
Patrick Mills,2009-10,457588,POR
Patrick O\'Bryant,2009-10,1620000,TOR
Pau Gasol,2009-10,16452000,LAL
Paul Davis,2009-10,80488,WAS
Paul Millsap,2009-10,7692932,UTA
Paul Pierce,2009-10,19795712,BOS
Peja Stojakovic,2009-10,13392000,NOH
Pops Mensah-Bonsu,2009-10,242793,TOR
Primoz Brezec,2009-10,1107572,MIL
Quentin Richardson,2009-10,9352400,MIA
Quincy Douby,2009-10,85519,TOR
Quinton Ross,2009-10,1033342,WAS
Rafer Alston,2009-10,4300000,NJN
Raja Bell,2009-10,5250000,GSW
Rajon Rondo,2009-10,2094922,BOS
Ramon Sessions,2009-10,3670667,MIN
Randolph Morris,2009-10,855189,ATL
Randy Foye,2009-10,3575761,WAS
Rashard Lewis,2009-10,18876000,ORL
Rasheed Wallace,2009-10,5854000,BOS
Rasho Nesterovic,2009-10,1990000,TOR
Rasual Butler,2009-10,3945000,LAC
Ray Allen,2009-10,18776860,BOS
Reggie Evans,2009-10,4960000,TOR
Renaldo Balkman,2009-10,2112417,DEN
Richard Hamilton,2009-10,11625000,DET
Richard Jefferson,2009-10,14200000,SAS
Ricky Davis,2009-10,2484000,LAC
Robin Lopez,2009-10,1745520,PHO
Rodney Carney,2009-10,855189,PHI
Rodney Stuckey,2009-10,1805040,DET
Rodrigue Beaubois,2009-10,1075440,DAL
Roger Mason,2009-10,3780000,SAS
Roko Ukic,2009-10,303232,MIL
Ronald Murray,2009-10,1990000,CHI
Ronnie Brewer,2009-10,2717161,MEM
Ronnie Price,2009-10,1250000,UTA
Ronny Turiaf,2009-10,4140000,GSW
Roy Hibbert,2009-10,1575360,IND
Royal Ivey,2009-10,1050000,MIL
Rudy Fernandez,2009-10,1165320,POR
Rudy Gay,2009-10,3280997,MEM
Russell Westbrook,2009-10,3755640,OKC
Ryan Anderson,2009-10,1317120,ORL
Ryan Bowen,2009-10,209592,OKC
Ryan Gomes,2009-10,3867500,MIN
Ryan Hollins,2009-10,2183333,MIN
Sam Young,2009-10,824200,MEM
Samuel Dalembert,2009-10,12025694,PHI
Sasha Pavlovic,2009-10,1250000,PHO
Sasha Vujacic,2009-10,5000000,LAL
Sean Marks,2009-10,1187686,NOH
Sean May,2009-10,884881,SAC
Sean Williams,2009-10,1629120,NJN
Sebastian Telfair,2009-10,2500000,CLE
Serge Ibaka,2009-10,1120200,OKC
Sergio Rodriguez,2009-10,1892035,NYK
Shane Battier,2009-10,6864200,HOU
Shannon Brown,2009-10,2000000,LAL
Shaquille O\'Neal,2009-10,20000000,CLE
Shareef Abdur-Rahim,2009-10,6600000,SAC
Shaun Livingston,2009-10,296695,OKC
Shavlik Randolph,2009-10,88488,POR
Shawn Marion,2009-10,6635068,DAL
Shawne Williams,2009-10,2416067,NJN
Shelden Williams,2009-10,825497,BOS
Solomon Jones,2009-10,1620000,IND
Sonny Weems,2009-10,736420,TOR
Speedy Claxton,2009-10,5209454,GSW
Spencer Hawes,2009-10,2332800,SAC
Stephen Curry,2009-10,2710560,GSW
Steve Blake,2009-10,4930000,LAC
Steve Nash,2009-10,13125000,PHO
Steve Novak,2009-10,855189,LAC
Steven Hunter,2009-10,3696000,MEM
Sundiata Gaines,2009-10,269169,UTA
T.J. Ford,2009-10,8500000,IND
Taj Gibson,2009-10,1039800,CHI
Taylor Griffin,2009-10,457588,PHO
Tayshaun Prince,2009-10,10324380,DET
Terrence Williams,2009-10,2060040,NJN
Thabo Sefolosha,2009-10,2759628,OKC
Thaddeus Young,2009-10,2105400,PHI
Tim Duncan,2009-10,22183220,SAS
Tim Thomas,2009-10,1306455,DAL
Toney Douglas,2009-10,996240,NYK
Tony Allen,2009-10,2500000,BOS
Tony Battie,2009-10,6292000,NJN
Tony Parker,2009-10,12600000,SAS
Tracy McGrady,2009-10,23239562,NYK
Travis Diener,2009-10,1740000,IND
Travis Outlaw,2009-10,4000000,LAC
Trenton Hassell,2009-10,4350000,NJN
Trevor Ariza,2009-10,5854000,HOU
Trey Gilder,2009-10,26917,MEM
Troy Murphy,2009-10,11047619,IND
Ty Lawson,2009-10,1438690,DEN
Tyler Hansbrough,2009-10,1859160,IND
Tyreke Evans,2009-10,3610080,SAC
Udonis Haslem,2009-10,7100000,MIA
Vince Carter,2009-10,16300000,ORL
Vladimir Radmanovic,2009-10,6466600,GSW
Wayne Ellington,2009-10,1003560,MIN
Wesley Matthews,2009-10,457588,UTA
Will Bynum,2009-10,825497,DET
Will Conroy,2009-10,48559,HOU
Willie Green,2009-10,3682000,PHI
Wilson Chandler,2009-10,1255440,NYK
Yakhouba Diawara,2009-10,945000,MIA
Yao Ming,2009-10,16378325,HOU
Yi Jianlian,2009-10,3194400,NJN
Zach Randolph,2009-10,16000000,MEM
Zaza Pachulia,2009-10,4750000,ATL
Zydrunas Ilgauskas,2009-10,11541074,WAS
A.J. Price,2010-11,762195,IND
Aaron Gray,2010-11,1028840,NOH
Acie Law,2010-11,203057,MEM
Al Harrington,2010-11,5765000,DEN
Al Horford,2010-11,5444857,ATL
Al Jefferson,2010-11,13000000,UTA
Al Thornton,2010-11,2814196,WAS
Al-Farouq Aminu,2010-11,2563320,LAC
Alexis Ajinca,2010-11,1467840,TOR
Alonzo Gee,2010-11,125538,WAS
Amar\'e Stoudemire,2010-11,16486611,NYK
Amir Johnson,2010-11,5000000,TOR
Anderson Varejao,2010-11,7281818,CLE
Andray Blatche,2010-11,5900000,WAS
Andre Iguodala,2010-11,12345250,PHI
Andre Miller,2010-11,7269264,POR
Andrea Bargnani,2010-11,8500000,TOR
Andrei Kirilenko,2010-11,17823000,UTA
Andres Nocioni,2010-11,6850000,PHI
Andrew Bogut,2010-11,11000000,MIL
Andrew Bynum,2010-11,13700000,LAL
Andris Biedrins,2010-11,9000000,GSW
Andy Rautins,2010-11,600000,NYK
Antawn Jamison,2010-11,13358905,CLE
Anthony Carter,2010-11,1352181,NYK
Anthony Morrow,2010-11,4000000,NJN
Anthony Parker,2010-11,2855700,CLE
Anthony Randolph,2010-11,1965720,MIN
Anthony Tolliver,2010-11,2200000,MIN
Antoine Wright,2010-11,992680,SAC
Antonio McDyess,2010-11,4860000,SAS
Armon Johnson,2010-11,473604,POR
Arron Afflalo,2010-11,1959577,DEN
Avery Bradley,2010-11,1418160,BOS
Baron Davis,2010-11,13000000,CLE
Ben Uzoh,2010-11,473604,NJN
Beno Udrih,2010-11,6478600,SAC
Bill Walker,2010-11,854389,NYK
Blake Griffin,2010-11,5357280,LAC
Bobby Simmons,2010-11,71951,SAS
Brad Miller,2010-11,4400000,HOU
Brandan Wright,2010-11,3398072,NJN
Brandon Bass,2010-11,4000000,ORL
Brandon Jennings,2010-11,2331120,MIL
Brandon Roy,2010-11,13520500,POR
Brandon Rush,2010-11,2069049,IND
Brendan Haywood,2010-11,6900000,DAL
Brian Cardinal,2010-11,1352181,DAL
Brian Cook,2010-11,1146337,LAC
Brian Scalabrine,2010-11,1229255,CHI
Brian Skinner,2010-11,270436,MIL
Brook Lopez,2010-11,2413320,NJN
Byron Mullens,2010-11,1204200,OKC
C.J. Miles,2010-11,3700000,UTA
C.J. Watson,2010-11,3100000,CHI
Carl Landry,2010-11,3000000,NOH
Carlos Boozer,2010-11,14400000,CHI
Carlos Delfino,2010-11,3500000,MIL
Carmelo Anthony,2010-11,17149243,NYK
Caron Butler,2010-11,10561960,DAL
Cartier Martin,2010-11,854389,WAS
Charlie Bell,2010-11,4447792,GSW
Chase Budinger,2010-11,780871,HOU
Chauncey Billups,2010-11,13150000,NYK
Chris Andersen,2010-11,4533300,DEN
Chris Douglas-Roberts,2010-11,854389,MIL
Chris Duhon,2010-11,3500000,ORL
Chris Johnson,2010-11,27859,POR
Chris Kaman,2010-11,11800000,LAC
Chris Paul,2010-11,14940153,NOH
Chris Quinn,2010-11,861978,SAS
Christian Eyenga,2010-11,1020960,CLE
Chuck Hayes,2010-11,1972500,HOU
Cole Aldrich,2010-11,2126520,OKC
Corey Brewer,2010-11,3703472,NYK
Corey Maggette,2010-11,9600000,MIL
Courtney Lee,2010-11,1409040,HOU
Craig Brackins,2010-11,1306920,PHI
Craig Smith,2010-11,2300000,LAC
Daequan Cook,2010-11,2169857,OKC
Dahntay Jones,2010-11,2500000,IND
Damien Wilkins,2010-11,748656,ATL
Damion James,2010-11,1156320,NJN
Dan Gadzuric,2010-11,7248325,NJN
Daniel Gibson,2010-11,4015334,CLE
Daniel Orton,2010-11,1028400,ORL
Danilo Gallinari,2010-11,3304560,DEN
Danny Granger,2010-11,10973202,IND
Danny Green,2010-11,94154,SAS
Darington Hobson,2010-11,103078,MIL
Darius Songaila,2010-11,4818000,PHI
Darko Milicic,2010-11,4325000,MIN
Darnell Jackson,2010-11,854389,SAC
Darrell Arthur,2010-11,1123680,MEM
Darren Collison,2010-11,1361040,IND
David Andersen,2010-11,2500000,NOH
David Lee,2010-11,10800000,GSW
David West,2010-11,8287500,NOH
DeAndre Jordan,2010-11,854389,LAC
DeJuan Blair,2010-11,918000,SAS
DeMar DeRozan,2010-11,2453880,TOR
DeMarcus Cousins,2010-11,3374640,SAC
DeMarre Carroll,2010-11,1085400,HOU
DeShawn Stevenson,2010-11,4151786,DAL
Delonte West,2010-11,1069509,BOS
Derek Fisher,2010-11,3700000,LAL
Deron Williams,2010-11,14940152,NJN
Derrick Caracter,2010-11,473604,LAL
Derrick Favors,2010-11,4133280,UTA
Derrick Rose,2010-11,5546160,CHI
Devin Ebanks,2010-11,473604,LAL
Devin Harris,2010-11,8981000,UTA
Didier Ilunga-Mbenga,2010-11,1069509,NOH
Dirk Nowitzki,2010-11,17278618,DAL
Dominique Jones,2010-11,1110120,DAL
Donte Greene,2010-11,1116840,SAC
Dorell Wright,2010-11,3500000,GSW
Drew Gooden,2010-11,5760000,MIL
Dwight Howard,2010-11,16647180,ORL
Earl Boykins,2010-11,1352181,MIL
Earl Clark,2010-11,1898760,ORL
Earl Watson,2010-11,1229255,UTA
Ed Davis,2010-11,1919160,TOR
Eddy Curry,2010-11,11530592,MIN
Ekpe Udoh,2010-11,3065040,GSW
Elliot Williams,2010-11,1254720,POR
Elton Brand,2010-11,15959099,PHI
Emeka Okafor,2010-11,11495000,NOH
Eric Bledsoe,2010-11,1485000,LAC
Eric Gordon,2010-11,3016680,LAC
Eric Maynor,2010-11,1417800,OKC
Ersan Ilyasova,2010-11,2320500,MIL
Etan Thomas,2010-11,1223166,ATL
Eugene Jeter,2010-11,473604,SAC
Evan Turner,2010-11,4602720,PHI
Fabricio Oberto,2010-11,992680,POR
Francisco Elson,2010-11,1146337,UTA
Francisco Garcia,2010-11,5500000,SAC
Garrett Temple,2010-11,71736,SAS
Gary Forbes,2010-11,473604,DEN
Gary Neal,2010-11,525000,SAS
George Hill,2010-11,1157160,SAS
Gerald Wallace,2010-11,10500000,POR
Gilbert Arenas,2010-11,17730694,ORL
Glen Davis,2010-11,3300000,BOS
Goran Dragic,2010-11,1972000,HOU
Gordon Hayward,2010-11,2356320,UTA
Greg Oden,2010-11,6760524,POR
Greivis Vasquez,2010-11,1035960,MEM
Hamady N\'Diaye,2010-11,473604,WAS
Hamed Haddadi,2010-11,1600000,MEM
Hasheem Thabeet,2010-11,4793280,HOU
Hassan Whiteside,2010-11,730437,SAC
Hedo Turkoglu,2010-11,10215850,ORL
Hilton Armstrong,2010-11,992680,ATL
Ian Mahinmi,2010-11,762196,DAL
Ike Diogu,2010-11,608772,LAC
Ime Udoka,2010-11,264232,SAS
Ishmael Smith,2010-11,473604,MEM
J.J. Hickson,2010-11,1528920,CLE
J.J. Redick,2010-11,7250000,ORL
J.R. Smith,2010-11,6757851,DEN
JaVale McGee,2010-11,1601040,WAS
Jamaal Tinsley,2010-11,5500000,IND
Jamal Crawford,2010-11,10800000,ATL
Jamario Moon,2010-11,3000000,LAC
Jameer Nelson,2010-11,7800000,ORL
James Anderson,2010-11,1361400,SAS
James Harden,2010-11,4304520,OKC
James Johnson,2010-11,1713600,TOR
James Posey,2010-11,7148800,IND
Jared Jeffries,2010-11,6883800,HOU
Jarrett Jack,2010-11,4600000,NOH
Jarron Collins,2010-11,643551,LAC
Jason Collins,2010-11,1352181,ATL
Jason Kapono,2010-11,6641440,PHI
Jason Kidd,2010-11,8610500,DAL
Jason Richardson,2010-11,14444444,ORL
Jason Smith,2010-11,2187913,NOH
Jason Terry,2010-11,10650000,DAL
Jason Thompson,2010-11,2178000,SAC
Jason Williams,2010-11,1352181,ORL
Jawad Williams,2010-11,321652,CLE
Jeff Adrien,2010-11,342666,GSW
Jeff Foster,2010-11,6655000,IND
Jeff Green,2010-11,4455988,BOS
Jeff Teague,2010-11,1476840,ATL
Jeremy Evans,2010-11,473604,UTA
Jeremy Lin,2010-11,473604,GSW
Jermaine O\'Neal,2010-11,5765000,BOS
Jermaine Taylor,2010-11,780871,SAC
Jerryd Bayless,2010-11,2292600,TOR
Joakim Noah,2010-11,3128536,CHI
Jodie Meeks,2010-11,762195,PHI
Joe Alexander,2010-11,90465,NOH
Joe Johnson,2010-11,16324500,ATL
Joe Smith,2010-11,1352181,LAL
Joey Dorsey,2010-11,854389,TOR
Joey Graham,2010-11,992680,CLE
Johan Petro,2010-11,3250000,NJN
John Lucas,2010-11,208264,CHI
John Salmons,2010-11,8000000,MIL
John Wall,2010-11,5144280,WAS
Jon Brockman,2010-11,1000000,MIL
Jonny Flynn,2010-11,3192000,MIN
Jordan Crawford,2010-11,1042320,WAS
Jordan Farmar,2010-11,3750000,NJN
Jordan Hill,2010-11,2669520,HOU
Jose Barea,2010-11,1815000,DAL
Jose Calderon,2010-11,9000000,TOR
Josh Howard,2010-11,3000000,WAS
Josh McRoberts,2010-11,885120,IND
Josh Powell,2010-11,1069609,ATL
Josh Smith,2010-11,11600000,ATL
Jrue Holiday,2010-11,1627920,PHI
Julian Wright,2010-11,2858057,TOR
Keith Bogans,2010-11,1600000,CHI
Kelenna Azubuike,2010-11,3300000,NYK
Kendrick Perkins,2010-11,4640208,OKC
Kenyon Martin,2010-11,16545454,DEN
Kevin Durant,2010-11,6053663,OKC
Kevin Garnett,2010-11,18800000,BOS
Kevin Love,2010-11,3638280,MIN
Kevin Martin,2010-11,11100005,HOU
Kevin Seraphin,2010-11,1563120,WAS
Keyon Dooling,2010-11,2000000,MIL
Kirk Hinrich,2010-11,9000000,ATL
Kobe Bryant,2010-11,24806250,LAL
Kosta Koufos,2010-11,1352640,DEN
Kris Humphries,2010-11,3200000,NJN
Kurt Thomas,2010-11,1352181,CHI
Kyle Korver,2010-11,5000000,CHI
Kyle Lowry,2010-11,5750000,HOU
Kyrylo Fesenko,2010-11,1087500,UTA
LaMarcus Aldridge,2010-11,11244000,POR
Lamar Odom,2010-11,8200000,LAL
Lance Stephenson,2010-11,750000,IND
Landry Fields,2010-11,473604,NYK
Larry Owens,2010-11,55718,SAS
Larry Sanders,2010-11,1731960,MIL
Lazar Hayward,2010-11,1020960,MIN
Leandro Barbosa,2010-11,7100000,TOR
Leon Powe,2010-11,915852,CLE
Lester Hudson,2010-11,192791,WAS
Linas Kleiza,2010-11,4995000,TOR
Louis Amundson,2010-11,2225000,GSW
Louis Williams,2010-11,5000000,PHI
Luc Mbah a Moute,2010-11,854389,MIL
Luis Scola,2010-11,7775378,HOU
Luke Babbitt,2010-11,1645440,POR
Luke Harangody,2010-11,473604,CLE
Luke Ridnour,2010-11,4000000,MIN
Luke Walton,2010-11,5260000,LAL
Luol Deng,2010-11,11345000,CHI
Luther Head,2010-11,992680,SAC
Malik Allen,2010-11,1229255,ORL
Manny Harris,2010-11,473604,CLE
Manu Ginobili,2010-11,11854584,SAS
Marc Gasol,2010-11,3480000,MEM
Marco Belinelli,2010-11,2380270,NOH
Marcus Banks,2010-11,4847586,NOH
Marcus Camby,2010-11,11749832,POR
Marcus Thornton,2010-11,762195,SAC
Marko Jaric,2010-11,7625000,MEM
Marquis Daniels,2010-11,2470000,SAC
Marreese Speights,2010-11,1773960,PHI
Martell Webster,2010-11,4800000,MIN
Marvin Williams,2010-11,6712500,ATL
Matt Barnes,2010-11,1765000,LAL
Matt Bonner,2010-11,3000000,SAS
Maurice Ager,2010-11,83305,MIN
Maurice Evans,2010-11,2500000,WAS
Mehmet Okur,2010-11,9945000,UTA
Melvin Ely,2010-11,1223166,DEN
Metta World Peace,2010-11,6322320,LAL
Michael Beasley,2010-11,4962240,MIN
Michael Redd,2010-11,18300000,MIL
Mike Bibby,2010-11,5564767,WAS
Mike Conley,2010-11,4913007,MEM
Mike Dunleavy,2010-11,10561984,IND
Mo Williams,2010-11,9300000,LAC
Monta Ellis,2010-11,11000000,GSW
Mustafa Shakur,2010-11,89670,WAS
Nate Robinson,2010-11,4200000,OKC
Nazr Mohammed,2010-11,6883800,OKC
Nenad Krstic,2010-11,5543116,BOS
Nene,2010-11,11360000,DEN
Nick Collison,2010-11,13250000,OKC
Nick Young,2010-11,2630503,WAS
Nicolas Batum,2010-11,1196760,POR
Nikola Pekovic,2010-11,4000000,MIN
O.J. Mayo,2010-11,4456200,MEM
Omer Asik,2010-11,1721000,CHI
Omri Casspi,2010-11,1254480,SAC
Orien Greene,2010-11,52066,NJN
Pape Sy,2010-11,473604,ATL
Patrick Mills,2010-11,937195,POR
Patrick Patterson,2010-11,1823280,HOU
Pau Gasol,2010-11,17823000,LAL
Paul George,2010-11,2238360,IND
Paul Millsap,2010-11,7600000,UTA
Paul Pierce,2010-11,13876321,BOS
Peja Stojakovic,2010-11,14896000,TOR
Pops Mensah-Bonsu,2010-11,364461,NOH
Quentin Richardson,2010-11,2265000,ORL
Quincy Pondexter,2010-11,1073280,NOH
Quinton Ross,2010-11,1146337,NJN
Raja Bell,2010-11,3000000,UTA
Rajon Rondo,2010-11,9090911,BOS
Ramon Sessions,2010-11,3964320,CLE
Randy Foye,2010-11,4250000,LAC
Rashard Lewis,2010-11,19573711,WAS
Rasheed Wallace,2010-11,6322320,BOS
Rasual Butler,2010-11,2400000,LAC
Ray Allen,2010-11,10000000,BOS
Raymond Felton,2010-11,7500000,DEN
Reggie Evans,2010-11,5080000,TOR
Reggie Williams,2010-11,762195,GSW
Renaldo Balkman,2010-11,1675000,NYK
Richard Jefferson,2010-11,8400000,SAS
Rodney Carney,2010-11,274756,MEM
Rodrigue Beaubois,2010-11,1156080,DAL
Roger Mason,2010-11,1400000,NYK
Ronald Dupree,2010-11,58393,TOR
Ronnie Brewer,2010-11,4790000,CHI
Ronnie Price,2010-11,1380000,UTA
Ronny Turiaf,2010-11,4000000,NYK
Roy Hibbert,2010-11,1685280,IND
Royal Ivey,2010-11,1200000,OKC
Rudy Fernandez,2010-11,1246680,POR
Rudy Gay,2010-11,13603750,MEM
Russell Westbrook,2010-11,4017720,OKC
Ryan Anderson,2010-11,1409040,ORL
Ryan Gomes,2010-11,4000000,LAC
Ryan Hollins,2010-11,2333333,CLE
Sam Young,2010-11,886000,MEM
Samardo Samuels,2010-11,500000,CLE
Samuel Dalembert,2010-11,13428129,SAC
Sasha Pavlovic,2010-11,67432,NOH
Sasha Vujacic,2010-11,5475113,NJN
Sebastian Telfair,2010-11,2700000,MIN
Semih Erden,2010-11,473604,CLE
Serge Ibaka,2010-11,1204200,OKC
Shane Battier,2010-11,7354500,MEM
Shannon Brown,2010-11,2200000,LAL
Shaquille O\'Neal,2010-11,1352181,BOS
Shawn Marion,2010-11,7305500,DAL
Shawne Williams,2010-11,885210,NYK
Shelden Williams,2010-11,915852,NYK
Solomon Alabi,2010-11,770000,TOR
Solomon Jones,2010-11,1500000,IND
Sonny Weems,2010-11,854389,TOR
Spencer Hawes,2010-11,2974320,PHI
Stephen Curry,2010-11,2913840,GSW
Stephen Graham,2010-11,992680,NJN
Steve Blake,2010-11,4000000,LAL
Steve Novak,2010-11,350179,SAS
Sundiata Gaines,2010-11,89670,TOR
T.J. Ford,2010-11,8500000,IND
Taj Gibson,2010-11,1117680,CHI
Terrence Williams,2010-11,2214480,HOU
Thabo Sefolosha,2010-11,3250000,OKC
Thaddeus Young,2010-11,2901241,PHI
Theo Ratliff,2010-11,1352181,LAL
Tiago Splitter,2010-11,3400000,SAS
Tim Duncan,2010-11,18700000,SAS
Timofey Mozgov,2010-11,3567096,DEN
Toney Douglas,2010-11,1071000,NYK
Tony Allen,2010-11,3000000,MEM
Tony Battie,2010-11,1352181,PHI
Tony Parker,2010-11,13500000,SAS
Travis Outlaw,2010-11,7000000,NJN
Trevor Ariza,2010-11,6322320,NOH
Trevor Booker,2010-11,1204560,WAS
Trey Johnson,2010-11,89670,TOR
Troy Murphy,2010-11,11968253,GSW
Ty Lawson,2010-11,1546560,DEN
Tyler Hansbrough,2010-11,1998600,IND
Tyreke Evans,2010-11,3880920,SAC
Tyson Chandler,2010-11,12600000,DAL
Vladimir Radmanovic,2010-11,6883800,GSW
Von Wafer,2010-11,915852,BOS
Wayne Ellington,2010-11,1078800,MIN
Wesley Johnson,2010-11,3726600,MIN
Wesley Matthews,2010-11,5765000,POR
Willie Green,2010-11,3976000,NOH
Willie Warren,2010-11,500000,LAC
Wilson Chandler,2010-11,2130482,DEN
Xavier Henry,2010-11,2020200,MEM
Yao Ming,2010-11,17686100,HOU
Yi Jianlian,2010-11,4050499,WAS
Zach Randolph,2010-11,17666666,MEM
Zaza Pachulia,2010-11,4251250,ATL
A.J. Price,2011-12,854389,IND
Aaron Gray,2011-12,2500000,TOR
Al Harrington,2011-12,6226200,DEN
Al Horford,2011-12,12000000,ATL
Al Jefferson,2011-12,14000000,UTA
Al-Farouq Aminu,2011-12,2755560,NOH
Alec Burks,2011-12,2020200,UTA
Alonzo Gee,2011-12,854389,CLE
Amar\'e Stoudemire,2011-12,18217705,NYK
Amir Johnson,2011-12,5500000,TOR
Anderson Varejao,2011-12,7700000,CLE
Andray Blatche,2011-12,6442083,WAS
Andre Emmett,2011-12,61433,NJN
Andre Iguodala,2011-12,13531750,PHI
Andre Miller,2011-12,7807728,DEN
Andrea Bargnani,2011-12,9250000,TOR
Andres Nocioni,2011-12,6650000,PHI
Andrew Bogut,2011-12,12000000,MIL
Andrew Bynum,2011-12,14900000,LAL
Andrew Goudelock,2011-12,473604,LAL
Andris Biedrins,2011-12,9000000,GSW
Andy Rautins,2011-12,788872,DAL
Antawn Jamison,2011-12,15076715,CLE
Anthony Carter,2011-12,1352181,TOR
Anthony Morrow,2011-12,4000000,NJN
Anthony Parker,2011-12,2250000,CLE
Anthony Randolph,2011-12,2911231,MIN
Anthony Tolliver,2011-12,2050000,MIN
Antonio McDyess,2011-12,2640000,SAS
Armon Johnson,2011-12,762195,POR
Arron Afflalo,2011-12,7562500,DEN
Austin Daye,2011-12,1929600,DET
Avery Bradley,2011-12,1524480,BOS
Baron Davis,2011-12,1352181,NYK
Ben Gordon,2011-12,11600000,DET
Ben Uzoh,2011-12,61433,CLE
Ben Wallace,2011-12,2246400,DET
Beno Udrih,2011-12,6925400,MIL
Blake Griffin,2011-12,5731080,LAC
Bobby Simmons,2011-12,594836,LAC
Brad Miller,2011-12,4752000,MIN
Brandon Bass,2011-12,4250000,BOS
Brandon Jennings,2011-12,2493720,MIL
Brandon Knight,2011-12,2563320,DET
Brandon Roy,2011-12,16032144,POR
Brandon Rush,2011-12,2956658,GSW
Brendan Haywood,2011-12,7624500,DAL
Brian Cardinal,2011-12,1352181,DAL
Brian Cook,2011-12,1223166,LAC
Brian Scalabrine,2011-12,1352181,CHI
Brian Skinner,2011-12,65446,MEM
Brook Lopez,2011-12,3076983,NJN
C.J. Miles,2011-12,3700000,UTA
C.J. Watson,2011-12,3400000,CHI
Carl Landry,2011-12,8500000,NOH
Carldell Johnson,2011-12,168035,NOH
Carlos Boozer,2011-12,13500000,CHI
Carlos Delfino,2011-12,3500000,MIL
Carmelo Anthony,2011-12,18518574,NYK
Caron Butler,2011-12,8000000,LAC
Chandler Parsons,2011-12,850000,HOU
Channing Frye,2011-12,5600000,PHO
Charles Jenkins,2011-12,473604,GSW
Charlie Bell,2011-12,4099920,GSW
Charlie Villanueva,2011-12,7540000,DET
Chase Budinger,2011-12,854389,HOU
Chauncey Billups,2011-12,12199968,NYK
Chris Andersen,2011-12,4234000,DEN
Chris Bosh,2011-12,16022500,MIA
Chris Duhon,2011-12,3500000,ORL
Chris Johnson,2011-12,762195,POR
Chris Kaman,2011-12,14030000,NOH
Chris Paul,2011-12,16359805,LAC
Chris Singleton,2011-12,1485000,WAS
Chris Wilcox,2011-12,3000000,BOS
Chris Wright,2011-12,473604,GSW
Christian Eyenga,2011-12,1097520,CLE
Chuck Hayes,2011-12,5250000,SAC
Cole Aldrich,2011-12,2286000,OKC
Corey Brewer,2011-12,3059000,DEN
Cory Joseph,2011-12,1028400,SAS
Courtney Fortson,2011-12,42009,LAC
Courtney Lee,2011-12,2225093,HOU
Craig Brackins,2011-12,1404960,PHI
Craig Smith,2011-12,992680,POR
DaJuan Summers,2011-12,303137,NOH
Daequan Cook,2011-12,3341558,OKC
Dahntay Jones,2011-12,2700000,IND
Damien Wilkins,2011-12,1146337,DET
Damion James,2011-12,1243080,NJN
Daniel Gibson,2011-12,4403834,CLE
Daniel Orton,2011-12,1105560,ORL
Danilo Gallinari,2011-12,4190182,DEN
Danny Granger,2011-12,12015904,IND
Danny Green,2011-12,854389,SAS
Dante Cunningham,2011-12,2000000,MEM
Darington Hobson,2011-12,245884,MIL
Darius Morris,2011-12,473604,LAL
Darko Milicic,2011-12,4776500,MIN
Darrell Arthur,2011-12,2027119,MEM
Darren Collison,2011-12,1455960,IND
David Lee,2011-12,11610000,GSW
David West,2011-12,10000000,IND
DeAndre Jordan,2011-12,10079404,LAC
DeAndre Liggins,2011-12,473604,ORL
DeJuan Blair,2011-12,986000,SAS
DeMar DeRozan,2011-12,2625000,TOR
DeMarcus Cousins,2011-12,3627720,SAC
DeMarre Carroll,2011-12,544331,UTA
DeShawn Stevenson,2011-12,2500000,NJN
Delonte West,2011-12,1146337,DAL
Dennis Horner,2011-12,91642,NJN
Derek Fisher,2011-12,3400000,LAL
Deron Williams,2011-12,16359805,NJN
Derrick Caracter,2011-12,270427,LAL
Derrick Favors,2011-12,4443360,UTA
Derrick Rose,2011-12,6993708,CHI
Derrick Williams,2011-12,4602720,MIN
Devin Ebanks,2011-12,762195,LAL
Devin Harris,2011-12,9319000,UTA
Dexter Pittman,2011-12,762195,MIA
Dirk Nowitzki,2011-12,19092873,DAL
Dominic McGuire,2011-12,915852,GSW
Dominique Jones,2011-12,1193280,DAL
Donald Sloan,2011-12,76392,NOH
Donte Greene,2011-12,2015896,SAC
Dorell Wright,2011-12,3823000,GSW
Drew Gooden,2011-12,6226200,MIL
Dwight Howard,2011-12,18091770,ORL
Dwyane Wade,2011-12,15691000,MIA
E\'Twaun Moore,2011-12,473604,BOS
Earl Barron,2011-12,185588,GSW
Earl Clark,2011-12,1160000,ORL
Earl Watson,2011-12,2000000,UTA
Ed Davis,2011-12,2063040,TOR
Eddy Curry,2011-12,1229255,MIA
Ekpe Udoh,2011-12,3294960,GSW
Elliot Williams,2011-12,1348800,POR
Elton Brand,2011-12,17059727,PHI
Emeka Okafor,2011-12,12541812,NOH
Enes Kanter,2011-12,4133280,UTA
Eric Bledsoe,2011-12,1596360,LAC
Eric Dawson,2011-12,38172,SAS
Eric Gordon,2011-12,3831184,NOH
Eric Maynor,2011-12,1516680,OKC
Erick Dampier,2011-12,850522,ATL
Ersan Ilyasova,2011-12,2541000,MIL
Evan Turner,2011-12,4947840,PHI
Francisco Elson,2011-12,305792,PHI
Francisco Garcia,2011-12,5800000,SAC
Garret Siler,2011-12,51097,PHO
Gary Forbes,2011-12,1500000,TOR
Gary Neal,2011-12,762195,SAS
George Hill,2011-12,2086360,IND
Gerald Green,2011-12,443181,NJN
Gerald Wallace,2011-12,9500000,POR
Gilbert Arenas,2011-12,19269307,ORL
Glen Davis,2011-12,6300000,ORL
Goran Dragic,2011-12,2108000,HOU
Gordon Hayward,2011-12,2532960,UTA
Grant Hill,2011-12,6500000,PHO
Greg Monroe,2011-12,3007920,DET
Greg Oden,2011-12,1500000,POR
Greg Smith,2011-12,301733,HOU
Greg Stiemsma,2011-12,762195,BOS
Greivis Vasquez,2011-12,1113600,NOH
Gustavo Ayon,2011-12,1567500,NOH
Hakim Warrick,2011-12,4000000,PHO
Hamady N\'Diaye,2011-12,270427,WAS
Hamed Haddadi,2011-12,1300000,MEM
Hasheem Thabeet,2011-12,5127720,HOU
Hassan Whiteside,2011-12,762195,SAC
Hedo Turkoglu,2011-12,11015850,ORL
Ike Diogu,2011-12,64028,SAS
Iman Shumpert,2011-12,1563120,NYK
Isaiah Thomas,2011-12,473604,SAC
Ishmael Smith,2011-12,522486,ORL
Ivan Johnson,2011-12,473604,ATL
J.J. Hickson,2011-12,2354537,SAC
J.J. Redick,2011-12,6750000,ORL
J.R. Smith,2011-12,2382353,NYK
JaJuan Johnson,2011-12,1042320,BOS
JaVale McGee,2011-12,2462400,WAS
Jamaal Magloire,2011-12,1352181,TOR
Jamal Crawford,2011-12,5000000,POR
Jameer Nelson,2011-12,7800000,ORL
James Anderson,2011-12,1463520,SAS
James Harden,2011-12,4604760,OKC
James Johnson,2011-12,1833120,TOR
James Jones,2011-12,1500000,MIA
James Posey,2011-12,7595600,IND
Jan Vesely,2011-12,3065040,WAS
Jannero Pargo,2011-12,1223166,ATL
Jared Dudley,2011-12,4250000,PHO
Jared Jeffries,2011-12,1229255,NYK
Jarrett Jack,2011-12,5000000,NOH
Jason Collins,2011-12,1352181,ATL
Jason Kapono,2011-12,1223166,LAL
Jason Kidd,2011-12,10121000,DAL
Jason Maxiell,2011-12,5000000,DET
Jason Richardson,2011-12,5395000,ORL
Jason Smith,2011-12,2500000,NOH
Jason Terry,2011-12,11158000,DAL
Jason Thompson,2011-12,3001284,SAC
Jeff Adrien,2011-12,270427,HOU
Jeff Foote,2011-12,225341,NOH
Jeff Foster,2011-12,3000000,IND
Jeff Pendergraph,2011-12,1500000,IND
Jeff Teague,2011-12,1579920,ATL
Jeremy Evans,2011-12,762195,UTA
Jeremy Lin,2011-12,762195,NYK
Jeremy Pargo,2011-12,1000000,MEM
Jeremy Tyler,2011-12,650000,GSW
Jermaine O\'Neal,2011-12,6226200,BOS
Jerome Jordan,2011-12,473604,NYK
Jerry Stackhouse,2011-12,1352181,ATL
Jerryd Bayless,2011-12,3042280,TOR
Jimmer Fredette,2011-12,2238360,SAC
Jimmy Butler,2011-12,1020960,CHI
Joakim Noah,2011-12,12000000,CHI
Jodie Meeks,2011-12,854389,PHI
Joe Johnson,2011-12,18038573,ATL
Joel Anthony,2011-12,3600000,MIA
Joel Przybilla,2011-12,1145027,POR
Johan Petro,2011-12,3250000,NJN
John Lucas,2011-12,915852,CHI
John Salmons,2011-12,8500000,SAC
John Wall,2011-12,5530080,WAS
Jon Brockman,2011-12,1000000,MIL
Jon Leuer,2011-12,473604,MIL
Jonas Jerebko,2011-12,4500000,DET
Jonny Flynn,2011-12,3414720,HOU
Jordan Crawford,2011-12,1120440,WAS
Jordan Farmar,2011-12,4000000,NJN
Jordan Hamilton,2011-12,1073286,DEN
Jordan Hill,2011-12,2855760,HOU
Jordan Williams,2011-12,473604,NJN
Jose Barea,2011-12,4300000,MIN
Jose Calderon,2011-12,9780992,TOR
Josh Childress,2011-12,6000000,PHO
Josh Davis,2011-12,314041,MEM
Josh Harrellson,2011-12,473604,NYK
Josh Howard,2011-12,2150000,UTA
Josh McRoberts,2011-12,3000000,LAL
Josh Selby,2011-12,550000,MEM
Josh Smith,2011-12,12400000,ATL
Jrue Holiday,2011-12,1741440,PHI
Julyan Stone,2011-12,473604,DEN
Justin Harper,2011-12,473604,ORL
Juwan Howard,2011-12,1352181,MIA
Kawhi Leonard,2011-12,1731960,SAS
Keith Bogans,2011-12,848266,NJN
Kendrick Perkins,2011-12,7123626,OKC
Kenneth Faried,2011-12,1254720,DEN
Kenyon Martin,2011-12,2500000,LAC
Kevin Durant,2011-12,15506632,OKC
Kevin Garnett,2011-12,21247044,BOS
Kevin Love,2011-12,4609701,MIN
Kevin Martin,2011-12,11519840,HOU
Kevin Seraphin,2011-12,1680360,WAS
Keyon Dooling,2011-12,2246400,BOS
Kirk Hinrich,2011-12,8100000,ATL
Klay Thompson,2011-12,2126520,GSW
Kobe Bryant,2011-12,25244493,LAL
Kosta Koufos,2011-12,2203792,DEN
Kris Humphries,2011-12,8000000,NJN
Kwame Brown,2011-12,6750000,GSW
Kyle Korver,2011-12,5000000,CHI
Kyle Lowry,2011-12,5750000,HOU
Kyrie Irving,2011-12,5144280,CLE
LaMarcus Aldridge,2011-12,12372000,POR
Lamar Odom,2011-12,8900000,DAL
Lance Stephenson,2011-12,810000,IND
Lance Thomas,2011-12,328444,NOH
Landry Fields,2011-12,762195,NYK
Larry Hughes,2011-12,414443,ORL
Larry Owens,2011-12,86052,NJN
Larry Sanders,2011-12,1861920,MIL
Lavoy Allen,2011-12,473604,PHI
Lazar Hayward,2011-12,1097520,OKC
LeBron James,2011-12,16022500,MIA
Leandro Barbosa,2011-12,7600000,TOR
Linas Kleiza,2011-12,4605000,TOR
Louis Amundson,2011-12,2403000,IND
Louis Williams,2011-12,5176000,PHI
Luc Mbah a Moute,2011-12,5000000,MIL
Luis Scola,2011-12,8591793,HOU
Luke Babbitt,2011-12,1768800,POR
Luke Harangody,2011-12,762195,CLE
Luke Ridnour,2011-12,3680000,MIN
Luke Walton,2011-12,5680000,LAL
Luol Deng,2011-12,12325000,CHI
Malcolm Lee,2011-12,500000,MIN
Malcolm Thomas,2011-12,103104,SAS
Manny Harris,2011-12,122942,CLE
Manu Ginobili,2011-12,12981038,SAS
MarShon Brooks,2011-12,1110120,NJN
Marc Gasol,2011-12,12922194,MEM
Marcin Gortat,2011-12,6790640,PHO
Marco Belinelli,2011-12,3377604,NOH
Marcus Camby,2011-12,11227250,POR
Marcus Morris,2011-12,1823280,HOU
Marcus Thornton,2011-12,7000000,SAC
Mario Chalmers,2011-12,4000000,MIA
Markieff Morris,2011-12,1919160,PHO
Marquis Daniels,2011-12,1223166,BOS
Marreese Speights,2011-12,2721255,MEM
Martell Webster,2011-12,5256000,MIN
Marvin Williams,2011-12,7500000,ATL
Matt Barnes,2011-12,1906200,LAL
Matt Bonner,2011-12,3315000,SAS
Maurice Evans,2011-12,1223166,WAS
Mehmet Okur,2011-12,10890000,NJN
Metta World Peace,2011-12,6790640,LAL
Michael Beasley,2011-12,6262347,MIN
Michael Redd,2011-12,1308506,PHO
Mickael Pietrus,2011-12,5300000,PHO
Mickell Gladness,2011-12,248263,MIA
Mike Bibby,2011-12,1352181,NYK
Mike Conley,2011-12,6611571,MEM
Mike Dunleavy,2011-12,3750000,MIL
Mike James,2011-12,277566,CHI
Mike Miller,2011-12,5400000,MIA
Mo Williams,2011-12,8500000,LAC
Monta Ellis,2011-12,11000000,GSW
Mychel Thompson,2011-12,168035,CLE
Nate Robinson,2011-12,4500000,OKC
Nazr Mohammed,2011-12,3750000,OKC
Nene,2011-12,13000000,DEN
Nick Collison,2011-12,3272997,OKC
Nick Young,2011-12,3695857,WAS
Nicolas Batum,2011-12,2155365,POR
Nikola Pekovic,2011-12,4503600,MIN
Nikola Vucevic,2011-12,1645400,PHI
Nolan Smith,2011-12,1306920,POR
Norris Cole,2011-12,1035960,MIA
O.J. Mayo,2011-12,5632637,MEM
Omer Asik,2011-12,1857500,CHI
Omri Casspi,2011-12,1341960,CLE
Patrick Patterson,2011-12,1959960,HOU
Pau Gasol,2011-12,18714150,LAL
Paul George,2011-12,2406240,IND
Paul Millsap,2011-12,8103435,UTA
Paul Pierce,2011-12,15333334,BOS
Quentin Richardson,2011-12,2446600,ORL
Quincy Pondexter,2011-12,1153800,MEM
Raja Bell,2011-12,3240000,UTA
Rajon Rondo,2011-12,10045455,BOS
Ramon Sessions,2011-12,4257973,CLE
Randy Foye,2011-12,4250000,LAC
Rashard Lewis,2011-12,21136631,WAS
Rasual Butler,2011-12,1229255,TOR
Ray Allen,2011-12,10000000,BOS
Raymond Felton,2011-12,7560000,POR
Reggie Evans,2011-12,1229255,LAC
Reggie Jackson,2011-12,1156320,OKC
Renaldo Balkman,2011-12,1675000,NYK
Richard Hamilton,2011-12,12500000,DET
Richard Jefferson,2011-12,9282000,SAS
Ricky Rubio,2011-12,3480120,MIN
Robin Lopez,2011-12,2862602,PHO
Rodney Stuckey,2011-12,8500000,DET
Rodrigue Beaubois,2011-12,1236720,DAL
Roger Mason,2011-12,1146337,WAS
Ronnie Brewer,2011-12,4710000,CHI
Ronnie Price,2011-12,1069509,PHO
Ronny Turiaf,2011-12,4360000,WAS
Roy Hibbert,2011-12,2588590,IND
Royal Ivey,2011-12,1200000,OKC
Rudy Fernandez,2011-12,2180443,DEN
Rudy Gay,2011-12,15032144,MEM
Russell Westbrook,2011-12,5082416,OKC
Ryan Anderson,2011-12,2244601,ORL
Ryan Gomes,2011-12,4000000,LAC
Ryan Hollins,2011-12,2483333,CLE
Ryan Reid,2011-12,475000,OKC
Sam Young,2011-12,947800,MEM
Samardo Samuels,2011-12,762195,CLE
Samuel Dalembert,2011-12,7000000,HOU
Sasha Pavlovic,2011-12,1223166,BOS
Sebastian Telfair,2011-12,1500000,PHO
Semih Erden,2011-12,762195,CLE
Serge Ibaka,2011-12,1288200,OKC
Shane Battier,2011-12,3000000,MIA
Shannon Brown,2011-12,3500000,PHO
Shaun Livingston,2011-12,3500000,MIL
Shawn Marion,2011-12,8022449,DAL
Shawne Williams,2011-12,3000000,NJN
Shelden Williams,2011-12,992680,NJN
Shelvin Mack,2011-12,473604,WAS
Solomon Alabi,2011-12,830000,TOR
Solomon Jones,2011-12,160119,NOH
Spencer Hawes,2011-12,4051024,PHI
Stephen Curry,2011-12,3117120,GSW
Stephen Jackson,2011-12,9256500,MIL
Steve Blake,2011-12,4000000,LAL
Steve Nash,2011-12,11689062,PHO
Steve Novak,2011-12,992680,NYK
Sundiata Gaines,2011-12,854389,NJN
T.J. Ford,2011-12,1146337,SAS
Taj Gibson,2011-12,1195680,CHI
Tayshaun Prince,2011-12,6292135,DET
Terrel Harris,2011-12,473604,MIA
Terrence Williams,2011-12,2369040,HOU
Thabo Sefolosha,2011-12,3300000,OKC
Thaddeus Young,2011-12,7478261,PHI
Tiago Splitter,2011-12,3672000,SAS
Tim Duncan,2011-12,21164619,SAS
Timofey Mozgov,2011-12,3343896,DEN
Tobias Harris,2011-12,1418160,MIL
Toney Douglas,2011-12,1145640,NYK
Tony Allen,2011-12,3150000,MEM
Tony Battie,2011-12,1352181,PHI
Tony Parker,2011-12,12500000,SAS
Tracy McGrady,2011-12,1352181,ATL
Travis Leslie,2011-12,473604,LAC
Travis Outlaw,2011-12,3000000,SAC
Trevor Ariza,2011-12,6790640,NOH
Trevor Booker,2011-12,1294920,WAS
Trey Thompkins,2011-12,473604,LAC
Tristan Thompson,2011-12,3726600,CLE
Troy Murphy,2011-12,1352181,LAL
Ty Lawson,2011-12,1654440,DEN
Tyler Hansbrough,2011-12,2138040,IND
Tyler Honeycutt,2011-12,775000,SAC
Tyreke Evans,2011-12,4151640,SAC
Tyson Chandler,2011-12,13107837,NYK
Udonis Haslem,2011-12,3780000,MIA
Vernon Macklin,2011-12,473604,DET
Vince Carter,2011-12,18300000,PHO
Vladimir Radmanovic,2011-12,1352181,ATL
Walker Russell,2011-12,374289,DET
Wayne Ellington,2011-12,1154040,MIN
Wesley Johnson,2011-12,4006080,MIN
Wesley Matthews,2011-12,6135160,POR
Will Bynum,2011-12,3250000,DET
Willie Green,2011-12,1223166,ATL
Xavier Henry,2011-12,2171640,NOH
Yi Jianlian,2011-12,827197,DAL
Zach Randolph,2011-12,15200000,MEM
Zaza Pachulia,2011-12,4750000,ATL
A.J. Price,2012-13,885120,WAS
Aaron Brooks,2012-13,3250000,SAC
Aaron Gray,2012-13,2575000,TOR
Al Harrington,2012-13,6687400,ORL
Al Horford,2012-13,12000000,ATL
Al Jefferson,2012-13,15000000,UTA
Al-Farouq Aminu,2012-13,2947800,NOH
Alan Anderson,2012-13,885120,TOR
Alec Burks,2012-13,2171640,UTA
Alexey Shved,2012-13,2934610,MIN
Alonzo Gee,2012-13,3500000,CLE
Amar\'e Stoudemire,2012-13,19948799,NYK
Amir Johnson,2012-13,6000000,TOR
Anderson Varejao,2012-13,8368182,CLE
Andray Blatche,2012-13,7118502,WAS
Andre Iguodala,2012-13,14968250,DEN
Andre Miller,2012-13,5000000,DEN
Andrea Bargnani,2012-13,10000000,TOR
Andrei Kirilenko,2012-13,9779349,MIN
Andrew Bogut,2012-13,13000000,GSW
Andrew Bynum,2012-13,16889000,PHI
Andrew Nicholson,2012-13,1418160,ORL
Andris Biedrins,2012-13,9000000,GSW
Antawn Jamison,2012-13,1352181,LAL
Anthony Davis,2012-13,5144280,NOH
Anthony Morrow,2012-13,4000000,DAL
Anthony Randolph,2012-13,1674641,DEN
Anthony Tolliver,2012-13,915852,ATL
Arnett Moultrie,2012-13,1042320,PHI
Aron Baynes,2012-13,401170,SAS
Arron Afflalo,2012-13,7750000,ORL
Austin Daye,2012-13,2958077,MEM
Austin Rivers,2012-13,2238360,NOH
Baron Davis,2012-13,14850000,CLE
Ben Hansbrough,2012-13,473604,IND
Beno Udrih,2012-13,7372000,ORL
Bernard James,2012-13,473604,DAL
Blake Griffin,2012-13,7226892,LAC
Boris Diaw,2012-13,4500000,SAS
Brad Miller,2012-13,848000,PHO
Bradley Beal,2012-13,4133280,WAS
Brandon Jennings,2012-13,3179493,MIL
Brandon Roy,2012-13,16359805,POR
Brandon Rush,2012-13,4000000,GSW
Brendan Haywood,2012-13,6299000,DAL
Brian Roberts,2012-13,473604,NOH
Brook Lopez,2012-13,13668750,NJN
C.J. Miles,2012-13,2225000,CLE
Carl Landry,2012-13,4000000,GSW
Carlos Boozer,2012-13,15000000,CHI
Carmelo Anthony,2012-13,19450000,NYK
Caron Butler,2012-13,8000000,LAC
Cartier Martin,2012-13,915852,WAS
Channing Frye,2012-13,6000000,PHO
Charles Jenkins,2012-13,762195,PHI
Chase Budinger,2012-13,885120,MIN
Chauncey Billups,2012-13,4000000,LAC
Chris Andersen,2012-13,699952,MIA
Chris Bosh,2012-13,17545000,MIA
Chris Copeland,2012-13,473604,NYK
Chris Douglas-Roberts,2012-13,72892,DAL
Chris Duhon,2012-13,3500000,LAL
Chris Johnson,2012-13,447298,MIN
Chris Kaman,2012-13,8000000,DAL
Chris Paul,2012-13,17779458,LAC
Chris Singleton,2012-13,1596360,WAS
Christian Eyenga,2012-13,1174080,ORL
Chuck Hayes,2012-13,5486250,SAC
Cole Aldrich,2012-13,2445480,SAC
Corey Brewer,2012-13,3243000,DEN
Cory Joseph,2012-13,1105560,SAS
D.J. Augustin,2012-13,3500000,IND
Daequan Cook,2012-13,589769,CHI
Dahntay Jones,2012-13,2900000,ATL
Damian Lillard,2012-13,3065040,POR
Damien Wilkins,2012-13,1223166,PHI
Damion James,2012-13,50258,NJN
Daniel Gibson,2012-13,4792332,CLE
Daniel Orton,2012-13,757712,OKC
Danilo Gallinari,2012-13,9439000,DEN
Danny Granger,2012-13,13058606,IND
Danny Green,2012-13,3500000,SAS
Dante Cunningham,2012-13,2090000,MIN
Darius Johnson-Odom,2012-13,192228,LAL
Darius Miller,2012-13,473604,NOH
Darius Morris,2012-13,962195,LAL
Darko Milicic,2012-13,5228000,MIN
Darrell Arthur,2012-13,3006217,MEM
Darren Collison,2012-13,2319344,DAL
David Lee,2012-13,12744000,GSW
David West,2012-13,10000000,IND
DeAndre Jordan,2012-13,10532977,LAC
DeAndre Liggins,2012-13,762195,OKC
DeJuan Blair,2012-13,1054000,SAS
DeMar DeRozan,2012-13,3344250,TOR
DeMarcus Cousins,2012-13,3880800,SAC
DeQuan Jones,2012-13,473504,ORL
DeShawn Stevenson,2012-13,2240450,ATL
Delonte West,2012-13,992680,DAL
Derek Fisher,2012-13,413608,OKC
Deron Williams,2012-13,17177795,NJN
Derrick Favors,2012-13,4753320,UTA
Derrick Rose,2012-13,16402500,CHI
Derrick Williams,2012-13,4947840,MIN
Devin Ebanks,2012-13,1054389,LAL
Devin Harris,2012-13,8500000,ATL
Dexter Pittman,2012-13,854389,MEM
Diante Garrett,2012-13,473604,PHO
Dion Waiters,2012-13,3726600,CLE
Dirk Nowitzki,2012-13,20907128,DAL
Dominic McGuire,2012-13,181018,TOR
Dominique Jones,2012-13,1276560,DAL
Donald Sloan,2012-13,44835,NOH
Dorell Wright,2012-13,4106000,PHI
Doron Lamb,2012-13,650000,ORL
Draymond Green,2012-13,850000,GSW
Drew Gooden,2012-13,6687400,MIL
Dwight Howard,2012-13,19536360,LAL
Dwyane Wade,2012-13,17182000,MIA
E\'Twaun Moore,2012-13,762195,ORL
Earl Barron,2012-13,358600,WAS
Earl Clark,2012-13,1240000,LAL
Earl Watson,2012-13,2000000,UTA
Ed Davis,2012-13,2207040,MEM
Eddy Curry,2012-13,23852,DAL
Ekpe Udoh,2012-13,3524880,MIL
Elliot Williams,2012-13,1442880,POR
Elton Brand,2012-13,16059854,PHI
Emeka Okafor,2012-13,13490000,WAS
Enes Kanter,2012-13,4443360,UTA
Eric Bledsoe,2012-13,1707720,LAC
Eric Gordon,2012-13,13668750,NOH
Eric Maynor,2012-13,2338721,POR
Ersan Ilyasova,2012-13,7900000,MIL
Evan Fournier,2012-13,1361400,DEN
Evan Turner,2012-13,5293080,PHI
Festus Ezeli,2012-13,1020960,GSW
Garrett Temple,2012-13,572943,WAS
Gary Neal,2012-13,854389,SAS
George Hill,2012-13,8000000,IND
Gerald Green,2012-13,3500000,IND
Gerald Wallace,2012-13,9682435,NJN
Gilbert Arenas,2012-13,20807922,ORL
Glen Davis,2012-13,6400000,ORL
Goran Dragic,2012-13,7500000,PHO
Gordon Hayward,2012-13,2709720,UTA
Grant Hill,2012-13,1975000,LAC
Greg Stiemsma,2012-13,2575000,MIN
Greivis Vasquez,2012-13,1191240,NOH
Gustavo Ayon,2012-13,1500000,MIL
Hakim Warrick,2012-13,4000000,ORL
Hamed Haddadi,2012-13,1300000,PHO
Harrison Barnes,2012-13,2798040,GSW
Hasheem Thabeet,2012-13,1200000,OKC
Hedo Turkoglu,2012-13,11815850,ORL
Ian Mahinmi,2012-13,4000000,IND
Iman Shumpert,2012-13,1680360,NYK
Isaiah Thomas,2012-13,762195,SAC
Ishmael Smith,2012-13,854389,MIL
Ivan Johnson,2012-13,962195,ATL
J.J. Hickson,2012-13,4000000,POR
J.J. Redick,2012-13,6190000,MIL
J.R. Smith,2012-13,2806452,NYK
JaVale McGee,2012-13,10000000,DEN
Jae Crowder,2012-13,600491,DAL
Jamal Crawford,2012-13,5000000,LAC
Jameer Nelson,2012-13,8600000,ORL
James Anderson,2012-13,145749,SAS
James Johnson,2012-13,2812006,SAC
James Jones,2012-13,1500000,MIA
James White,2012-13,854389,NYK
Jan Vesely,2012-13,3294960,WAS
Jannero Pargo,2012-13,115122,WAS
Jared Cunningham,2012-13,1156320,DAL
Jared Dudley,2012-13,4250000,PHO
Jared Jeffries,2012-13,1475106,POR
Jarrett Jack,2012-13,5400000,GSW
Jarvis Varnado,2012-13,275805,MIA
Jason Collins,2012-13,1352181,WAS
Jason Kidd,2012-13,3090000,NYK
Jason Richardson,2012-13,5799625,PHI
Jason Smith,2012-13,2500000,NOH
Jason Thompson,2012-13,5250000,SAC
Jeff Pendergraph,2012-13,1500000,IND
Jeff Teague,2012-13,2433077,ATL
Jeremy Evans,2012-13,1794872,UTA
Jeremy Lamb,2012-13,2020200,OKC
Jeremy Pargo,2012-13,443867,PHI
Jeremy Tyler,2012-13,762195,ATL
Jermaine O\'Neal,2012-13,1352181,PHO
Jerry Stackhouse,2012-13,1352181,NJN
Jerryd Bayless,2012-13,3000000,MEM
Jimmer Fredette,2012-13,2406240,SAC
Jimmy Butler,2012-13,1097520,CHI
Joakim Noah,2012-13,11300000,CHI
Jodie Meeks,2012-13,1500000,LAL
Joe Johnson,2012-13,19752645,NJN
Joel Anthony,2012-13,3750000,MIA
Joel Freeland,2012-13,3013512,POR
Joel Przybilla,2012-13,1352181,MIL
Johan Petro,2012-13,3500000,ATL
John Henson,2012-13,1823280,MIL
John Jenkins,2012-13,1204560,ATL
John Lucas,2012-13,1500000,TOR
John Salmons,2012-13,8083000,SAC
John Wall,2012-13,5915880,WAS
Jon Leuer,2012-13,762195,MEM
Jonas Valanciunas,2012-13,3627720,TOR
Jordan Farmar,2012-13,1500000,ATL
Jordan Hamilton,2012-13,1153800,DEN
Jordan Hill,2012-13,3632527,LAL
Jordan Williams,2012-13,762195,ATL
Jose Barea,2012-13,4493500,MIN
Josh Childress,2012-13,7000000,PHO
Josh Harrellson,2012-13,354197,MIA
Josh Howard,2012-13,1229255,MIN
Josh Selby,2012-13,762195,CLE
Josh Smith,2012-13,13200000,ATL
Jrue Holiday,2012-13,2674852,PHI
Julyan Stone,2012-13,762195,DEN
Justin Harper,2012-13,762195,ORL
Kawhi Leonard,2012-13,1861920,SAS
Keith Bogans,2012-13,1229225,NJN
Kelenna Azubuike,2012-13,885120,CLE
Kendall Marshall,2012-13,1919160,PHO
Kendrick Perkins,2012-13,7800531,OKC
Kenneth Faried,2012-13,1348800,DEN
Kent Bazemore,2012-13,473604,GSW
Kenyon Martin,2012-13,437470,NYK
Kevin Durant,2012-13,16669630,OKC
Kevin Jones,2012-13,390027,CLE
Kevin Love,2012-13,13668750,MIN
Kevin Martin,2012-13,12439675,OKC
Kevin Murphy,2012-13,473604,UTA
Kevin Seraphin,2012-13,1797600,WAS
Kirk Hinrich,2012-13,3941000,CHI
Klay Thompson,2012-13,2286000,GSW
Kobe Bryant,2012-13,27849149,LAL
Kosta Koufos,2012-13,3000000,DEN
Kris Humphries,2012-13,12000000,NJN
Kwame Brown,2012-13,2819044,PHI
Kyle Korver,2012-13,5000000,ATL
Kyle Lowry,2012-13,5750000,TOR
Kyle O\'Quinn,2012-13,788872,ORL
Kyrie Irving,2012-13,5530080,CLE
LaMarcus Aldridge,2012-13,13500000,POR
Lamar Odom,2012-13,8200000,LAC
Lance Stephenson,2012-13,870000,IND
Lance Thomas,2012-13,762195,NOH
Landry Fields,2012-13,6250000,TOR
Larry Sanders,2012-13,1991760,MIL
Lavoy Allen,2012-13,3000000,PHI
Lazar Hayward,2012-13,80413,MIN
LeBron James,2012-13,17545000,MIA
Leandro Barbosa,2012-13,1229255,WAS
Linas Kleiza,2012-13,4600000,TOR
Louis Amundson,2012-13,1069509,MIN
Louis Williams,2012-13,5000000,ATL
Luc Mbah a Moute,2012-13,4795192,MIL
Luis Scola,2012-13,4148510,PHO
Luke Babbitt,2012-13,1892280,POR
Luke Harangody,2012-13,1054389,CLE
Luke Ridnour,2012-13,4000000,MIN
Luke Walton,2012-13,6091363,CLE
Luke Zeller,2012-13,473604,PHO
Luol Deng,2012-13,13305000,CHI
Maalik Wayns,2012-13,217301,PHI
Malcolm Lee,2012-13,762195,MIN
Manu Ginobili,2012-13,14107492,SAS
MarShon Brooks,2012-13,1193280,NJN
Marc Gasol,2012-13,13891359,MEM
Marcin Gortat,2012-13,7258960,PHO
Marco Belinelli,2012-13,1957000,CHI
Marcus Camby,2012-13,4590338,NYK
Marcus Morris,2012-13,1959960,PHO
Marcus Thornton,2012-13,7525000,SAC
Mario Chalmers,2012-13,4000000,MIA
Markieff Morris,2012-13,2063040,PHO
Marquis Daniels,2012-13,1229255,MIL
Marquis Teague,2012-13,1028400,CHI
Marreese Speights,2012-13,4200000,CLE
Martell Webster,2012-13,1600000,WAS
Marvin Williams,2012-13,8287500,UTA
Matt Barnes,2012-13,1229255,LAC
Matt Bonner,2012-13,3630000,SAS
Matt Carroll,2012-13,3500000,NOH
Maurice Harkless,2012-13,1731960,ORL
Metta World Peace,2012-13,7258960,LAL
Meyers Leonard,2012-13,2126520,POR
Michael Beasley,2012-13,5750000,PHO
Mickael Gelabale,2012-13,447298,MIN
Mickael Pietrus,2012-13,1005097,TOR
Mike Conley,2012-13,7305786,MEM
Mike Dunleavy,2012-13,3750000,MIL
Mike James,2012-13,795401,DAL
Mike Miller,2012-13,5800000,MIA
Mike Scott,2012-13,473604,ATL
Miles Plumlee,2012-13,1073280,IND
Mirza Teletovic,2012-13,3090000,NJN
Mo Williams,2012-13,8500000,UTA
Monta Ellis,2012-13,11000000,MIL
Nando de Colo,2012-13,1400000,SAS
Nate Robinson,2012-13,1146337,CHI
Nazr Mohammed,2012-13,1352181,CHI
Nene,2012-13,13000000,WAS
Nick Collison,2012-13,2929332,OKC
Nick Young,2012-13,5600000,PHI
Nicolas Batum,2012-13,10850000,POR
Nikola Pekovic,2012-13,4837200,MIN
Nikola Vucevic,2012-13,1768800,ORL
Nolan Smith,2012-13,1404960,POR
Norris Cole,2012-13,1082520,MIA
O.J. Mayo,2012-13,4020000,DAL
Omri Casspi,2012-13,2277306,CLE
Orlando Johnson,2012-13,550000,IND
P.J. Tucker,2012-13,762195,PHO
Pablo Prigioni,2012-13,473604,NYK
Patrick Mills,2012-13,1085120,SAS
Patrick Patterson,2012-13,2096760,SAC
Pau Gasol,2012-13,19000000,LAL
Paul George,2012-13,2574120,IND
Paul Millsap,2012-13,8603633,UTA
Perry Jones,2012-13,1035960,OKC
Quentin Richardson,2012-13,2627400,ORL
Quincy Acy,2012-13,665000,TOR
Quincy Miller,2012-13,473604,DEN
Quincy Pondexter,2012-13,1234320,MEM
Raja Bell,2012-13,3480000,UTA
Randy Foye,2012-13,2500000,UTA
Rashard Lewis,2012-13,13700000,NOH
Rasheed Wallace,2012-13,1352181,NYK
Ray Allen,2012-13,3090000,MIA
Raymond Felton,2012-13,3480453,NYK
Reggie Evans,2012-13,1622617,NJN
Reggie Jackson,2012-13,1243080,OKC
Renaldo Balkman,2012-13,1675000,NYK
Richard Hamilton,2012-13,5000000,CHI
Richard Jefferson,2012-13,10164000,GSW
Ricky Rubio,2012-13,3741120,MIN
Robert Sacre,2012-13,473604,LAL
Robin Lopez,2012-13,4899293,NOH
Rodrigue Beaubois,2012-13,2227333,DAL
Roger Mason,2012-13,1223116,NOH
Ronnie Brewer,2012-13,1069509,OKC
Ronny Turiaf,2012-13,1146337,LAC
Roy Hibbert,2012-13,13686750,IND
Royal Ivey,2012-13,1223166,PHI
Rudy Gay,2012-13,16460538,TOR
Russell Westbrook,2012-13,13668750,OKC
Ryan Anderson,2012-13,8700000,NOH
Ryan Gomes,2012-13,4000000,LAC
Ryan Hollins,2012-13,1069509,LAC
Sam Young,2012-13,723716,IND
Samardo Samuels,2012-13,341756,CLE
Samuel Dalembert,2012-13,6698565,MIL
Sasha Pavlovic,2012-13,1232713,POR
Sebastian Telfair,2012-13,1567500,TOR
Serge Ibaka,2012-13,2253062,OKC
Shane Battier,2012-13,3135000,MIA
Shannon Brown,2012-13,3500000,PHO
Shaun Livingston,2012-13,256240,WAS
Shawn Marion,2012-13,8646364,DAL
Shawne Williams,2012-13,2600000,POR
Shelvin Mack,2012-13,67253,WAS
Spencer Hawes,2012-13,8500000,PHI
Stephen Curry,2012-13,3958742,GSW
Stephen Jackson,2012-13,10059750,SAS
Steve Blake,2012-13,4000000,LAL
Steve Nash,2012-13,8900000,LAL
Steve Novak,2012-13,4054055,NYK
Taj Gibson,2012-13,2155811,CHI
Tayshaun Prince,2012-13,6764045,MEM
Terrel Harris,2012-13,186656,MIA
Terrence Ross,2012-13,2563320,TOR
Thabo Sefolosha,2012-13,3600000,OKC
Thaddeus Young,2012-13,8289130,PHI
Tiago Splitter,2012-13,3944000,SAS
Tim Duncan,2012-13,9638554,SAS
Timofey Mozgov,2012-13,3140429,DEN
Tobias Harris,2012-13,1524480,ORL
Toney Douglas,2012-13,2067880,SAC
Tony Allen,2012-13,3300000,MEM
Tony Parker,2012-13,12500000,SAS
Tony Wroten,2012-13,1110120,MEM
Tornike Shengelia,2012-13,473604,NJN
Travis Leslie,2012-13,250000,LAC
Travis Outlaw,2012-13,3000000,SAC
Trevor Ariza,2012-13,7258960,WAS
Trevor Booker,2012-13,1385280,WAS
Trey Thompkins,2012-13,762195,LAC
Tristan Thompson,2012-13,4006080,CLE
Troy Murphy,2012-13,214758,DAL
Ty Lawson,2012-13,2544529,DEN
Tyler Hansbrough,2012-13,3055259,IND
Tyler Zeller,2012-13,1563120,CLE
Tyreke Evans,2012-13,5251825,SAC
Tyshawn Taylor,2012-13,473604,NJN
Tyson Chandler,2012-13,13604188,NYK
Udonis Haslem,2012-13,4060000,MIA
Victor Claver,2012-13,1300000,POR
Vince Carter,2012-13,3090000,DAL
Vladimir Radmanovic,2012-13,1352181,CHI
Wayne Ellington,2012-13,2083042,CLE
Wesley Johnson,2012-13,4285560,PHO
Wesley Matthews,2012-13,6505320,POR
Will Barton,2012-13,550000,POR
Will Conroy,2012-13,85439,MIN
Willie Green,2012-13,1475106,LAC
Wilson Chandler,2012-13,5930414,DEN
Xavier Henry,2012-13,2323200,NOH
Zach Randolph,2012-13,16500000,MEM
Zaza Pachulia,2012-13,5248750,ATL
Aaron Brooks,2013-14,3396250,SAC
Aaron Gray,2013-14,2690875,TOR
Al Harrington,2013-14,1399507,WAS
Al Horford,2013-14,12000000,ATL
Al-Farouq Aminu,2013-14,3700000,NOH
Alan Anderson,2013-14,947907,NJN
Alec Burks,2013-14,2202000,UTA
Alex Len,2013-14,3492720,PHO
Alexey Shved,2013-14,3150000,MIN
Alonzo Gee,2013-14,3250000,CLE
Amar\'e Stoudemire,2013-14,21679893,NYK
Amir Johnson,2013-14,6500000,TOR
Anderson Varejao,2013-14,9036364,CLE
Andray Blatche,2013-14,1375604,NJN
Andre Drummond,2013-14,2462400,DET
Andre Iguodala,2013-14,12868632,GSW
Andre Miller,2013-14,5000000,DEN
Andre Roberson,2013-14,1110840,OKC
Andrea Bargnani,2013-14,11862500,NYK
Andrei Kirilenko,2013-14,3183000,NJN
Andrew Bogut,2013-14,14000000,GSW
Andrew Bynum,2013-14,6000000,CHI
Andrew Nicholson,2013-14,1482000,ORL
Andris Biedrins,2013-14,9000000,UTA
Antawn Jamison,2013-14,1399507,LAC
Anthony Bennett,2013-14,5324280,CLE
Anthony Davis,2013-14,5375760,NOH
Anthony Morrow,2013-14,1027424,NOH
Anthony Randolph,2013-14,1750000,DEN
Archie Goodwin,2013-14,1064400,PHO
Arnett Moultrie,2013-14,1089240,PHI
Aron Baynes,2013-14,788872,SAS
Arron Afflalo,2013-14,7312500,ORL
Austin Daye,2013-14,947907,TOR
Austin Rivers,2013-14,2339040,NOH
Avery Bradley,2013-14,2511432,BOS
Ben McLemore,2013-14,2895960,SAC
Beno Udrih,2013-14,1272279,NYK
Bernard James,2013-14,788872,DAL
Blake Griffin,2013-14,16441500,LAC
Boris Diaw,2013-14,4702500,SAS
Bradley Beal,2013-14,4319280,WAS
Brandan Wright,2013-14,5000000,DAL
Brandon Bass,2013-14,6450000,BOS
Brandon Jennings,2013-14,7655503,DET
Brandon Knight,2013-14,2793960,MIL
Brandon Rush,2013-14,4000000,UTA
Brian Roberts,2013-14,788872,NOH
Brook Lopez,2013-14,14693906,NJN
Byron Mullens,2013-14,947907,LAC
C.J. McCollum,2013-14,2316720,POR
C.J. Miles,2013-14,2225000,CLE
C.J. Watson,2013-14,2016000,IND
Carl Landry,2013-14,6500000,SAC
Carlos Boozer,2013-14,15300000,CHI
Carlos Delfino,2013-14,3250000,MIL
Carmelo Anthony,2013-14,22407474,NYK
Caron Butler,2013-14,8000000,PHO
Chandler Parsons,2013-14,926500,HOU
Channing Frye,2013-14,6400000,PHO
Charlie Villanueva,2013-14,8580000,DET
Chase Budinger,2013-14,5000000,MIN
Chauncey Billups,2013-14,2500000,DET
Chris Andersen,2013-14,1399507,MIA
Chris Bosh,2013-14,19067500,MIA
Chris Copeland,2013-14,3000000,IND
Chris Duhon,2013-14,1500000,LAL
Chris Johnson,2013-14,916099,MIN
Chris Kaman,2013-14,3183000,LAL
Chris Paul,2013-14,18668431,LAC
Chris Singleton,2013-14,1618680,WAS
Chuck Hayes,2013-14,5722500,SAC
Corey Brewer,2013-14,4500000,MIN
Cory Joseph,2013-14,1120920,SAS
Courtney Lee,2013-14,5225000,MEM
D.J. Augustin,2013-14,1267000,TOR
Damian Lillard,2013-14,3202920,POR
Danilo Gallinari,2013-14,10146925,DEN
Danny Granger,2013-14,14021788,PHI
Danny Green,2013-14,3762500,SAS
Dante Cunningham,2013-14,2180000,MIN
Darius Miller,2013-14,788872,NOH
Darius Morris,2013-14,1046269,PHI
Darrell Arthur,2013-14,3231683,DEN
Darren Collison,2013-14,1900000,LAC
David Lee,2013-14,13878000,GSW
David West,2013-14,12000000,IND
DeAndre Jordan,2013-14,10986550,LAC
DeJuan Blair,2013-14,947907,DAL
DeMar DeRozan,2013-14,9500000,TOR
DeMarcus Cousins,2013-14,4916974,SAC
DeMarre Carroll,2013-14,2557545,ATL
Dennis Schroeder,2013-14,1348200,ATL
Derek Fisher,2013-14,1399507,OKC
Deron Williams,2013-14,18466130,NJN
Derrick Favors,2013-14,6008196,UTA
Derrick Rose,2013-14,17632688,CHI
Derrick Williams,2013-14,5016960,MIN
Devin Harris,2013-14,1272279,DAL
Dion Waiters,2013-14,3894240,CLE
Dirk Nowitzki,2013-14,22721381,DAL
Donald Sloan,2013-14,884293,IND
Donatas Motiejunas,2013-14,1422720,HOU
Dorell Wright,2013-14,3000000,POR
Doron Lamb,2013-14,788872,ORL
Draymond Green,2013-14,875500,GSW
Dwight Howard,2013-14,20513178,HOU
Dwyane Wade,2013-14,18673000,MIA
E\'Twaun Moore,2013-14,884293,ORL
Earl Clark,2013-14,4250000,CLE
Earl Watson,2013-14,1399507,POR
Ed Davis,2013-14,3153860,MEM
Ekpe Udoh,2013-14,4469548,MIL
Elton Brand,2013-14,4000000,ATL
Emeka Okafor,2013-14,14487500,PHO
Enes Kanter,2013-14,4505280,UTA
Eric Bledsoe,2013-14,2626473,PHO
Eric Gordon,2013-14,14283844,NOH
Eric Maynor,2013-14,2016000,WAS
Ersan Ilyasova,2013-14,7900000,MIL
Evan Fournier,2013-14,1422720,DEN
Evan Turner,2013-14,6679867,PHI
Fab Melo,2013-14,1311240,MEM
Festus Ezeli,2013-14,1066920,GSW
Francisco Garcia,2013-14,1265977,HOU
Garrett Temple,2013-14,916099,WAS
Gary Neal,2013-14,3250000,MIL
George Hill,2013-14,8000000,IND
Gerald Green,2013-14,3500000,PHO
Gerald Wallace,2013-14,10105855,BOS
Giannis Antetokounmpo,2013-14,1792560,MIL
Glen Davis,2013-14,6400000,ORL
Goran Dragic,2013-14,7500000,PHO
Gordon Hayward,2013-14,3452183,UTA
Gorgui Dieng,2013-14,1352640,MIN
Greg Monroe,2013-14,4086454,DET
Greg Oden,2013-14,1027424,MIA
Greg Smith,2013-14,884293,HOU
Greg Stiemsma,2013-14,2676000,NOH
Greivis Vasquez,2013-14,2150188,SAC
Gustavo Ayon,2013-14,1500000,ATL
Hamed Haddadi,2013-14,200000,PHO
Harrison Barnes,2013-14,2923920,GSW
Hasheem Thabeet,2013-14,1200000,OKC
Hedo Turkoglu,2013-14,12000000,ORL
Ian Mahinmi,2013-14,4000000,IND
Iman Shumpert,2013-14,1703760,NYK
Isaiah Thomas,2013-14,884293,SAC
Ishmael Smith,2013-14,951463,MIL
J.J. Hickson,2013-14,5150000,DEN
J.J. Redick,2013-14,6300000,LAC
J.R. Smith,2013-14,5565000,NYK
JaVale McGee,2013-14,10750000,DEN
Jae Crowder,2013-14,788872,DAL
Jamal Crawford,2013-14,5225000,LAC
Jameer Nelson,2013-14,8600000,ORL
James Anderson,2013-14,916099,PHI
James Harden,2013-14,13701250,HOU
Jan Vesely,2013-14,3340920,WAS
Jared Cunningham,2013-14,1208400,ATL
Jared Dudley,2013-14,4250000,LAC
Jared Sullinger,2013-14,1365720,BOS
Jarrett Jack,2013-14,6300000,CLE
Jarvis Varnado,2013-14,788872,MIA
Jason Maxiell,2013-14,2500000,ORL
Jason Richardson,2013-14,6204250,PHI
Jason Smith,2013-14,2500000,NOH
Jason Terry,2013-14,5625313,NJN
Jason Thompson,2013-14,5643750,SAC
Jeff Ayres,2013-14,1750000,SAS
Jeff Green,2013-14,8965000,BOS
Jeff Teague,2013-14,8000000,ATL
Jeremy Evans,2013-14,1660257,UTA
Jeremy Lamb,2013-14,2111160,OKC
Jeremy Lin,2013-14,8374646,HOU
Jeremy Tyler,2013-14,884293,NYK
Jermaine O\'Neal,2013-14,2000000,GSW
Jerryd Bayless,2013-14,3135000,MEM
Jimmer Fredette,2013-14,2439840,SAC
Jimmy Butler,2013-14,1112880,CHI
Joakim Noah,2013-14,11100000,CHI
Jodie Meeks,2013-14,1550000,LAL
Joe Johnson,2013-14,21466718,NJN
Joel Anthony,2013-14,3800000,MIA
Joel Freeland,2013-14,2897976,POR
John Henson,2013-14,1905360,MIL
John Jenkins,2013-14,1258800,ATL
John Lucas,2013-14,1600000,UTA
John Salmons,2013-14,7583000,SAC
John Wall,2013-14,7459925,WAS
Jonas Jerebko,2013-14,4500000,DET
Jonas Valanciunas,2013-14,3526440,TOR
Jordan Crawford,2013-14,2162419,BOS
Jordan Farmar,2013-14,1106941,LAL
Jordan Hamilton,2013-14,1169880,DEN
Jordan Hill,2013-14,3563600,LAL
Jose Barea,2013-14,4687000,MIN
Jose Calderon,2013-14,6791570,DAL
Josh Akognon,2013-14,788872,MEM
Josh Harrellson,2013-14,884293,DET
Josh Smith,2013-14,13500000,DET
Jrue Holiday,2013-14,9213484,NOH
Kawhi Leonard,2013-14,1887840,SAS
Keith Bogans,2013-14,5058198,BOS
Kelly Olynyk,2013-14,1986360,BOS
Kendall Marshall,2013-14,2005560,PHO
Kendrick Perkins,2013-14,8477437,OKC
Kenneth Faried,2013-14,1367640,DEN
Kent Bazemore,2013-14,788872,GSW
Kentavious Caldwell-Pope,2013-14,2653080,DET
Kenyon Martin,2013-14,1399507,NYK
Kevin Durant,2013-14,17832627,OKC
Kevin Garnett,2013-14,12443735,NJN
Kevin Love,2013-14,14693906,MIN
Kevin Martin,2013-14,6500000,MIN
Kevin Seraphin,2013-14,2761114,WAS
Khris Middleton,2013-14,788872,MIL
Kirk Hinrich,2013-14,4059000,CHI
Klay Thompson,2013-14,2317920,GSW
Kobe Bryant,2013-14,30453805,LAL
Kosta Koufos,2013-14,3000000,MEM
Kris Humphries,2013-14,12000000,BOS
Kwame Brown,2013-14,2945901,PHI
Kyle Korver,2013-14,6760563,ATL
Kyle Lowry,2013-14,6210000,TOR
Kyle O\'Quinn,2013-14,788872,ORL
Kyle Singler,2013-14,1045000,DET
Kyrie Irving,2013-14,5607240,CLE
LaMarcus Aldridge,2013-14,14128000,POR
Lance Stephenson,2013-14,1005000,IND
Lance Thomas,2013-14,884293,NOH
Landry Fields,2013-14,6250000,TOR
Larry Sanders,2013-14,3053368,MIL
Lavoy Allen,2013-14,3060000,PHI
LeBron James,2013-14,19067500,MIA
Louis Williams,2013-14,5225000,ATL
Luc Mbah a Moute,2013-14,4588384,SAC
Luis Scola,2013-14,4508504,IND
Luke Ridnour,2013-14,4320000,MIL
Luol Deng,2013-14,14275000,CHI
Malcolm Lee,2013-14,884293,PHO
Manu Ginobili,2013-14,7500000,SAS
MarShon Brooks,2013-14,1210080,BOS
Marc Gasol,2013-14,14860523,MEM
Marcin Gortat,2013-14,7727280,WAS
Marco Belinelli,2013-14,2750000,SAS
Marcus Camby,2013-14,4383773,TOR
Marcus Morris,2013-14,1987320,PHO
Marcus Thornton,2013-14,8050000,SAC
Mario Chalmers,2013-14,4000000,MIA
Markieff Morris,2013-14,2091840,PHO
Marquis Teague,2013-14,1074720,CHI
Marreese Speights,2013-14,3500000,GSW
Martell Webster,2013-14,5150000,WAS
Marvin Williams,2013-14,7500000,UTA
Mason Plumlee,2013-14,1298640,NJN
Matt Barnes,2013-14,3250000,LAC
Matt Bonner,2013-14,3945000,SAS
Maurice Harkless,2013-14,1809840,ORL
Metta World Peace,2013-14,1590000,NYK
Meyers Leonard,2013-14,2222160,POR
Michael Beasley,2013-14,4666667,PHO
Michael Carter-Williams,2013-14,2200920,PHI
Mike Conley,2013-14,8000001,MEM
Mike Dunleavy,2013-14,3183000,CHI
Mike Miller,2013-14,1399507,MEM
Mike Scott,2013-14,788872,ATL
Miles Plumlee,2013-14,1121520,PHO
Mirza Teletovic,2013-14,3229050,NJN
Mo Williams,2013-14,2652000,POR
Monta Ellis,2013-14,8000000,DAL
Nando De Colo,2013-14,1463000,SAS
Nate Robinson,2013-14,2016000,DEN
Nazr Mohammed,2013-14,1399507,CHI
Nemanja Nedovic,2013-14,1056720,GSW
Nene,2013-14,13000000,WAS
Nerlens Noel,2013-14,3172320,PHI
Nick Collison,2013-14,2585668,OKC
Nick Young,2013-14,1106942,LAL
Nicolas Batum,2013-14,11295250,POR
Nikola Pekovic,2013-14,12100000,MIN
Nikola Vucevic,2013-14,1793520,ORL
Norris Cole,2013-14,1129200,MIA
O.J. Mayo,2013-14,8000000,MIL
Omer Asik,2013-14,8374646,HOU
Omri Casspi,2013-14,947907,HOU
Orlando Johnson,2013-14,788872,IND
Otto Porter,2013-14,4278000,WAS
P.J. Tucker,2013-14,884293,PHO
Pablo Prigioni,2013-14,1591350,NYK
Patrick Beverley,2013-14,788872,HOU
Patrick Mills,2013-14,1133950,SAS
Patrick Patterson,2013-14,3105302,SAC
Pau Gasol,2013-14,19285850,LAL
Paul George,2013-14,3282003,IND
Paul Millsap,2013-14,9500000,ATL
Paul Pierce,2013-14,15333334,NJN
Perry Jones,2013-14,1082520,OKC
Quentin Richardson,2013-14,1399507,TOR
Quincy Acy,2013-14,788872,TOR
Quincy Miller,2013-14,788872,DEN
Quincy Pondexter,2013-14,2225479,MEM
Rajon Rondo,2013-14,11954545,BOS
Randy Foye,2013-14,3000000,DEN
Rashard Lewis,2013-14,1399507,MIA
Ray Allen,2013-14,3229050,MIA
Raymond Felton,2013-14,3637073,NYK
Reggie Bullock,2013-14,1149000,LAC
Reggie Evans,2013-14,1695635,NJN
Reggie Jackson,2013-14,1260360,OKC
Reggie Williams,2013-14,947907,HOU
Richard Hamilton,2013-14,1000000,CHI
Richard Jefferson,2013-14,11046000,UTA
Ricky Rubio,2013-14,4002120,MIN
Robert Sacre,2013-14,788872,LAL
Robin Lopez,2013-14,5904261,POR
Rodney Stuckey,2013-14,8500000,DET
Ronnie Brewer,2013-14,1186459,HOU
Ronnie Price,2013-14,1265977,ORL
Ronny Turiaf,2013-14,1500000,MIN
Roy Hibbert,2013-14,14283844,IND
Royce White,2013-14,1719480,PHI
Rudy Gay,2013-14,17888931,SAC
Rudy Gobert,2013-14,1078800,UTA
Russell Westbrook,2013-14,14693906,OKC
Ryan Anderson,2013-14,8308500,NOH
Ryan Gomes,2013-14,1186459,OKC
Ryan Hollins,2013-14,1186459,LAC
Samuel Dalembert,2013-14,3700748,DAL
Serge Ibaka,2013-14,12250000,OKC
Sergey Karasev,2013-14,1467840,CLE
Shabazz Muhammad,2013-14,1887120,MIN
Shane Battier,2013-14,3270000,MIA
Shane Larkin,2013-14,1536960,DAL
Shannon Brown,2013-14,3500000,PHO
Shaun Livingston,2013-14,1272279,NJN
Shawn Marion,2013-14,9316796,DAL
Shelvin Mack,2013-14,884293,ATL
Solomon Hill,2013-14,1246680,IND
Spencer Hawes,2013-14,6500000,PHI
Stephen Curry,2013-14,9887642,GSW
Steve Blake,2013-14,4000000,LAL
Steve Nash,2013-14,9300500,LAL
Steve Novak,2013-14,3750000,TOR
Steven Adams,2013-14,2090880,OKC
Taj Gibson,2013-14,7550000,CHI
Tayshaun Prince,2013-14,7235955,MEM
Terrence Jones,2013-14,1551840,HOU
Terrence Ross,2013-14,2678640,TOR
Thabo Sefolosha,2013-14,3900000,OKC
Thaddeus Young,2013-14,8600000,PHI
Thomas Robinson,2013-14,3526440,POR
Tiago Splitter,2013-14,10000000,SAS
Tim Duncan,2013-14,10361446,SAS
Tim Hardaway,2013-14,1196760,NYK
Tim Ohlbrecht,2013-14,788872,PHI
Timofey Mozgov,2013-14,4400000,DEN
Tobias Harris,2013-14,1545840,ORL
Toney Douglas,2013-14,1600000,GSW
Tony Allen,2013-14,4494382,MEM
Tony Parker,2013-14,12500000,SAS
Tony Snell,2013-14,1409040,CHI
Tony Wroten,2013-14,1160040,MEM
Tornike Shengelia,2013-14,788872,NJN
Travis Outlaw,2013-14,3000000,SAC
Trevor Ariza,2013-14,7727280,WAS
Trevor Booker,2013-14,2350820,WAS
Trey Burke,2013-14,2438760,UTA
Tristan Thompson,2013-14,4062000,CLE
Ty Lawson,2013-14,10786517,DEN
Tyler Hansbrough,2013-14,3183000,TOR
Tyler Honeycutt,2013-14,100000,HOU
Tyler Zeller,2013-14,1633440,CLE
Tyreke Evans,2013-14,10300000,NOH
Tyshawn Taylor,2013-14,788872,NJN
Tyson Chandler,2013-14,14100538,NYK
Udonis Haslem,2013-14,4340000,MIA
Viacheslav Kravtsov,2013-14,1500000,MIL
Victor Claver,2013-14,1330000,POR
Victor Oladipo,2013-14,4763760,ORL
Vince Carter,2013-14,3180000,DAL
Wayne Ellington,2013-14,2652000,DAL
Wesley Johnson,2013-14,916099,LAL
Wesley Matthews,2013-14,6875480,POR
Will Barton,2013-14,788872,POR
Will Bynum,2013-14,2790343,DET
Willie Green,2013-14,1399507,LAC
Wilson Chandler,2013-14,6344164,DEN
Zach Randolph,2013-14,17800000,MEM
Zaza Pachulia,2013-14,5200000,MIL
A.J. Price,2014-15,62552,PHO
Aaron Craft,2014-15,35000,GSW
Aaron Gordon,2014-15,3992040,ORL
Aaron Gray,2014-15,1227985,DET
Adreian Payne,2014-15,1855320,MIN
Akil Mitchell,2014-15,150000,HOU
Al Harrington,2014-15,3805000,ORL
Al Horford,2014-15,12000000,ATL
Al-Farouq Aminu,2014-15,981084,DAL
Alan Anderson,2014-15,1276061,NJN
Alec Burks,2014-15,3034356,UTA
Alex Kirk,2014-15,65000,NYK
Alex Len,2014-15,3649920,PHO
Alexey Shved,2014-15,3282056,NYK
Alexis Ajinca,2014-15,981084,NOH
Allen Crabbe,2014-15,862000,POR
Alonzo Gee,2014-15,1063384,POR
Amar\'e Stoudemire,2014-15,23410988,NYK
Amir Johnson,2014-15,7000000,TOR
Anderson Varejao,2014-15,9704595,CLE
Andray Blatche,2014-15,8471339,WAS
Andre Dawkins,2014-15,59686,BOS
Andre Drummond,2014-15,2568360,DET
Andre Iguodala,2014-15,12289544,GSW
Andre Miller,2014-15,4625000,SAC
Andre Roberson,2014-15,1160880,OKC
Andrea Bargnani,2014-15,11500000,NYK
Andrei Kirilenko,2014-15,3326235,PHI
Andrew Bogut,2014-15,12972973,GSW
Andrew Nicholson,2014-15,1545840,ORL
Andrew Wiggins,2014-15,5510640,MIN
Anthony Bennett,2014-15,5563920,MIN
Anthony Davis,2014-15,5607240,NOH
Anthony Morrow,2014-15,3200000,OKC
Anthony Randolph,2014-15,1825359,ORL
Anthony Tolliver,2014-15,3000000,DET
Archie Goodwin,2014-15,1112280,PHO
Arinze Onuaku,2014-15,43226,MIN
Arnett Moultrie,2014-15,1136160,NYK
Aron Baynes,2014-15,2077000,SAS
Arron Afflalo,2014-15,7750000,POR
Austin Daye,2014-15,1063384,SAS
Austin Rivers,2014-15,2439840,LAC
Avery Bradley,2014-15,7191011,BOS
Ben Gordon,2014-15,4500000,ORL
Ben McLemore,2014-15,3026280,SAC
Beno Udrih,2014-15,2077000,MEM
Bernard James,2014-15,236866,DAL
Blake Griffin,2014-15,17674612,LAC
Bojan Bogdanovic,2014-15,3278000,NJN
Boris Diaw,2014-15,7500000,SAS
Bradley Beal,2014-15,4505280,WAS
Brandan Wright,2014-15,5000000,PHO
Brandon Bass,2014-15,6900000,BOS
Brandon Jennings,2014-15,8000000,DET
Brandon Knight,2014-15,3553917,PHO
Brandon Roy,2014-15,19317326,POR
Brandon Rush,2014-15,1145685,GSW
Brendan Haywood,2014-15,7798000,DAL
Brook Lopez,2014-15,15719063,NJN
Bruno Caboclo,2014-15,1458360,TOR
Bryce Cotton,2014-15,152200,UTA
C.J. McCollum,2014-15,2421000,POR
C.J. Miles,2014-15,4205000,IND
C.J. Watson,2014-15,2106720,IND
C.J. Wilcox,2014-15,1109760,LAC
Carl Landry,2014-15,6500000,SAC
Carlos Boozer,2014-15,3250000,LAL
Carlos Delfino,2014-15,650000,LAC
Carmelo Anthony,2014-15,22458000,NYK
Caron Butler,2014-15,4500000,MIL
Carrick Felix,2014-15,816482,UTA
Cartier Martin,2014-15,1145685,DET
Chandler Parsons,2014-15,14700000,DAL
Channing Frye,2014-15,8175476,ORL
Charlie Villanueva,2014-15,1316809,DAL
Chase Budinger,2014-15,5000000,MIN
Chris Andersen,2014-15,5375000,MIA
Chris Babb,2014-15,48028,BOS
Chris Bosh,2014-15,20644400,MIA
Chris Copeland,2014-15,3135000,IND
Chris Douglas-Roberts,2014-15,915243,BOS
Chris Johnson,2014-15,166897,UTA
Chris Kaman,2014-15,4800000,POR
Chris Paul,2014-15,20068563,LAC
Chuck Hayes,2014-15,5958750,TOR
Cleanthony Early,2014-15,507336,NYK
Clint Capela,2014-15,1189200,HOU
Cole Aldrich,2014-15,981084,NYK
Corey Brewer,2014-15,4702500,HOU
Cory Jefferson,2014-15,507336,NJN
Cory Joseph,2014-15,2023261,SAS
Courtney Lee,2014-15,5450000,MEM
D.J. Augustin,2014-15,3000000,OKC
Dahntay Jones,2014-15,387632,LAC
Damian Lillard,2014-15,3340920,POR
Damien Inglis,2014-15,820000,MIL
Damjan Rudez,2014-15,1100000,IND
Danilo Gallinari,2014-15,10854850,DEN
Danny Granger,2014-15,2077000,PHO
Danny Green,2014-15,4025000,SAS
Dante Cunningham,2014-15,831942,NOH
Dante Exum,2014-15,3615000,UTA
Darius Miller,2014-15,400000,NOH
Darius Morris,2014-15,702756,NJN
Darrell Arthur,2014-15,3457149,DEN
Darren Collison,2014-15,4797664,SAC
David Lee,2014-15,15012000,GSW
David Stockton,2014-15,29843,SAC
David Wear,2014-15,29843,SAC
David West,2014-15,12000000,IND
DeAndre Jordan,2014-15,11440124,LAC
DeJuan Blair,2014-15,2000000,WAS
DeMar DeRozan,2014-15,9500000,TOR
DeMarcus Cousins,2014-15,13701250,SAC
DeMarre Carroll,2014-15,2442455,ATL
Dee Bost,2014-15,65000,UTA
Dennis Schroder,2014-15,1690680,ATL
Deron Williams,2014-15,19754465,NJN
Derrick Favors,2014-15,12833333,UTA
Derrick Williams,2014-15,6331404,SAC
Devin Harris,2014-15,3878000,DAL
Devyn Marble,2014-15,884879,ORL
Dewayne Dedmon,2014-15,816482,ORL
Diante Garrett,2014-15,915243,POR
Dion Waiters,2014-15,4062000,OKC
Dirk Nowitzki,2014-15,7974482,DAL
Donald Sloan,2014-15,948163,IND
Donatas Motiejunas,2014-15,1483920,HOU
Dorell Wright,2014-15,3150000,POR
Draymond Green,2014-15,915243,GSW
Drew Gooden,2014-15,1448000,WAS
Drew Gordon,2014-15,40000,PHI
Dwight Buycks,2014-15,48028,LAL
Dwight Howard,2014-15,21436271,HOU
Dwight Powell,2014-15,507336,DAL
Dwyane Wade,2014-15,15000000,MIA
Earl Barron,2014-15,107676,PHO
Earl Clark,2014-15,62552,NJN
Ed Davis,2014-15,981084,LAL
Ekpe Udoh,2014-15,981084,LAC
Elfrid Payton,2014-15,2397840,ORL
Elijah Millsap,2014-15,241731,UTA
Elliot Williams,2014-15,53838,UTA
Elton Brand,2014-15,2000000,ATL
Enes Kanter,2014-15,5694674,OKC
Eric Bledsoe,2014-15,12173913,PHO
Eric Gordon,2014-15,14898938,NOH
Eric Griffin,2014-15,150000,DAL
Eric Maynor,2014-15,2106720,PHI
Eric Moreland,2014-15,507336,SAC
Erick Green,2014-15,507336,DEN
Erik Murphy,2014-15,100000,BOS
Ersan Ilyasova,2014-15,7900000,DET
Evan Fournier,2014-15,1483920,ORL
Evan Turner,2014-15,3278000,BOS
Fab Melo,2014-15,437080,MEM
Festus Ezeli,2014-15,1112880,GSW
Francisco Garcia,2014-15,1316809,HOU
Furkan Aldemir,2014-15,3000000,PHI
Gal Mekel,2014-15,633974,NOH
Garrett Temple,2014-15,981084,WAS
Gary Harris,2014-15,1519200,DEN
Gary Neal,2014-15,3250000,MIN
George Hill,2014-15,8000000,IND
Gerald Green,2014-15,3500000,PHO
Gerald Wallace,2014-15,10105855,BOS
Giannis Antetokounmpo,2014-15,1873200,MIL
Glen Davis,2014-15,6600000,ORL
Glen Rice,2014-15,400000,WAS
Glenn Robinson,2014-15,507336,PHI
Goran Dragic,2014-15,7500000,MIA
Gordon Hayward,2014-15,14746000,UTA
Gorgui Dieng,2014-15,1413480,MIN
Grant Jerrett,2014-15,816481,UTA
Greg Monroe,2014-15,5479934,DET
Greg Smith,2014-15,948163,DAL
Greg Stiemsma,2014-15,981084,TOR
Greivis Vasquez,2014-15,6400000,TOR
Harrison Barnes,2014-15,3049920,GSW
Hassan Whiteside,2014-15,769881,MIA
Hedo Turkoglu,2014-15,1448490,LAC
Henry Sims,2014-15,915243,PHI
Henry Walker,2014-15,115422,MIA
Hollis Thompson,2014-15,816482,PHI
Ian Clark,2014-15,816482,DEN
Ian Mahinmi,2014-15,4000000,IND
Iman Shumpert,2014-15,2616975,CLE
Isaiah Canaan,2014-15,816482,PHI
Isaiah Thomas,2014-15,7238606,BOS
Ish Smith,2014-15,981084,PHI
Ivan Johnson,2014-15,25000,DAL
J.J. Hickson,2014-15,5381750,DEN
J.J. Redick,2014-15,6583500,LAC
J.R. Smith,2014-15,6516000,CLE
JaKarr Sampson,2014-15,507336,PHI
JaMychal Green,2014-15,59686,MEM
JaVale McGee,2014-15,11250000,PHI
Jabari Brown,2014-15,44765,LAL
Jabari Parker,2014-15,4930560,MIL
Jack Cooley,2014-15,187357,UTA
Jae Crowder,2014-15,915243,BOS
Jamaal Franklin,2014-15,163296,MEM
Jamal Crawford,2014-15,5450000,LAC
Jameer Nelson,2014-15,2732000,DEN
James Ennis,2014-15,507336,MIA
James Harden,2014-15,14728844,HOU
James Johnson,2014-15,2500000,TOR
James Jones,2014-15,1448490,CLE
James Michael McAdoo,2014-15,167122,GSW
James Young,2014-15,1674480,BOS
Jared Dudley,2014-15,4250000,MIL
Jared Sullinger,2014-15,1424520,BOS
Jarell Eddie,2014-15,29843,ATL
Jarnell Stokes,2014-15,725000,MEM
Jarrett Jack,2014-15,6300000,NJN
Jarvis Varnado,2014-15,75000,PHI
Jason Richardson,2014-15,6601125,PHI
Jason Smith,2014-15,3278000,NYK
Jason Terry,2014-15,5850313,HOU
Jason Thompson,2014-15,6037500,SAC
Jeff Adrien,2014-15,981084,HOU
Jeff Ayres,2014-15,1828750,SAS
Jeff Green,2014-15,9445000,MEM
Jeff Teague,2014-15,8000000,ATL
Jeff Withey,2014-15,816482,NOH
Jerami Grant,2014-15,884879,PHI
Jerel McNeal,2014-15,29843,PHO
Jeremy Evans,2014-15,1794871,UTA
Jeremy Lamb,2014-15,2202000,OKC
Jeremy Lin,2014-15,8374646,LAL
Jerome Jordan,2014-15,915243,NJN
Jerrelle Benimon,2014-15,29843,UTA
Jerryd Bayless,2014-15,3000000,MIL
Jimmer Fredette,2014-15,948163,NOH
Jodie Meeks,2014-15,6000000,DET
Joe Harris,2014-15,884879,CLE
Joe Ingles,2014-15,507336,UTA
Joe Johnson,2014-15,23180790,NJN
Joel Anthony,2014-15,3800000,DET
Joel Embiid,2014-15,4427640,PHI
Joel Freeland,2014-15,3013512,POR
Joey Dorsey,2014-15,948163,HOU
Joffrey Lauvergne,2014-15,1790280,DEN
John Henson,2014-15,1987320,MIL
John Jenkins,2014-15,1312920,ATL
John Lucas,2014-15,123827,DET
John Salmons,2014-15,2000000,PHO
John Wall,2014-15,14746000,WAS
Johnny O\'Bryant,2014-15,600000,MIL
Jon Leuer,2014-15,967500,MEM
Jonas Jerebko,2014-15,4500000,BOS
Jonas Valanciunas,2014-15,3678360,TOR
Jordan Adams,2014-15,1344120,MEM
Jordan Clarkson,2014-15,507336,LAL
Jordan Farmar,2014-15,2077000,LAC
Jordan Hamilton,2014-15,150591,LAC
Jordan Hill,2014-15,9000000,LAL
Jorge Gutierrez,2014-15,59686,MIL
Jose Barea,2014-15,1310286,DAL
Jose Calderon,2014-15,7097191,NYK
Josh Childress,2014-15,7317500,PHO
Josh Davis,2014-15,20000,SAS
Josh McRoberts,2014-15,5305000,MIA
Josh Smith,2014-15,2077000,HOU
Jrue Holiday,2014-15,9904495,NOH
Julius Randle,2014-15,2997360,LAL
Justin Hamilton,2014-15,816482,MIN
Justin Holiday,2014-15,816482,GSW
Jusuf Nurkic,2014-15,1762680,DEN
K.J. McDaniels,2014-15,507336,HOU
Kawhi Leonard,2014-15,2894059,SAS
Kelly Olynyk,2014-15,2075760,BOS
Kendall Marshall,2014-15,915243,PHO
Kendrick Perkins,2014-15,9654342,UTA
Kenneth Faried,2014-15,2249768,DEN
Kent Bazemore,2014-15,2000000,ATL
Kentavious Caldwell-Pope,2014-15,2772480,DET
Kenyon Martin,2014-15,414551,MIL
Kevin Durant,2014-15,18995624,OKC
Kevin Garnett,2014-15,12000000,MIN
Kevin Love,2014-15,15719062,CLE
Kevin Martin,2014-15,6792500,MIN
Kevin Murphy,2014-15,65000,UTA
Kevin Seraphin,2014-15,3898692,WAS
Khem Birch,2014-15,50000,MIA
Khris Middleton,2014-15,915243,MIL
Klay Thompson,2014-15,3075880,GSW
Kobe Bryant,2014-15,23500000,LAL
Kosta Koufos,2014-15,3000000,MEM
Kostas Papanikolaou,2014-15,4800000,HOU
Kris Humphries,2014-15,4300000,WAS
Kyle Anderson,2014-15,1093680,SAS
Kyle Korver,2014-15,6253521,ATL
Kyle Lowry,2014-15,12000000,TOR
Kyle O\'Quinn,2014-15,915243,ORL
Kyle Singler,2014-15,1090000,OKC
Kyrie Irving,2014-15,7070730,CLE
LaMarcus Aldridge,2014-15,16006000,POR
Lance Thomas,2014-15,403784,NYK
Landry Fields,2014-15,6250000,TOR
Langston Galloway,2014-15,235762,NYK
Larry Drew,2014-15,59686,PHI
Larry Sanders,2014-15,11000000,MIL
Lavoy Allen,2014-15,948163,IND
LeBron James,2014-15,20644400,CLE
Leandro Barbosa,2014-15,1448490,GSW
Lester Hudson,2014-15,55774,LAC
Lorenzo Brown,2014-15,283367,MIN
Lou Williams,2014-15,5450000,TOR
Louis Amundson,2014-15,409167,NYK
Luc Mbah a Moute,2014-15,4382576,PHI
Lucas Nogueira,2014-15,1762680,TOR
Luigi Datome,2014-15,1750000,BOS
Luis Scola,2014-15,4868499,IND
Luke Babbitt,2014-15,981084,NOH
Luke Ridnour,2014-15,2750000,ORL
Luol Deng,2014-15,9714461,MIA
Malcolm Thomas,2014-15,474000,PHI
Manu Ginobili,2014-15,7000000,SAS
Marc Gasol,2014-15,15829688,MEM
Marcin Gortat,2014-15,10434782,WAS
Marco Belinelli,2014-15,2873750,SAS
Marcus Camby,2014-15,646609,TOR
Marcus Morris,2014-15,2943221,PHO
Marcus Smart,2014-15,3283320,BOS
Marcus Thornton,2014-15,8575000,PHO
Mario Chalmers,2014-15,4000000,MIA
Markel Brown,2014-15,507336,NJN
Markieff Morris,2014-15,2989239,PHO
Marquis Teague,2014-15,1120920,PHI
Marreese Speights,2014-15,3657500,GSW
Martell Webster,2014-15,5381750,WAS
Mason Plumlee,2014-15,1357080,NJN
Matt Barnes,2014-15,3396250,LAC
Matt Bonner,2014-15,1448490,SAS
Matthew Dellavedova,2014-15,816482,CLE
Maurice Harkless,2014-15,1887840,ORL
Meyers Leonard,2014-15,2317920,POR
Michael Beasley,2014-15,777778,PHO
Michael Carter-Williams,2014-15,2300040,MIL
Mike Conley,2014-15,8894216,MEM
Mike Miller,2014-15,6600000,MIA
Mike Muscala,2014-15,816482,ATL
Mike Scott,2014-15,3333333,ATL
Miles Plumlee,2014-15,1169880,MIL
Miroslav Raduljica,2014-15,96100,MIN
Mirza Teletovic,2014-15,3368100,NJN
Mitch McGary,2014-15,1400040,OKC
Mitchell Watt,2014-15,35000,GSW
Monta Ellis,2014-15,8360000,DAL
Nate Robinson,2014-15,154918,LAC
Nate Wolters,2014-15,96056,NOH
Nemanja Nedovic,2014-15,1104240,GSW
Nene Hilario,2014-15,13000000,WAS
Nerlens Noel,2014-15,3315120,PHI
Nick Calathes,2014-15,816482,MEM
Nick Collison,2014-15,2242003,OKC
Nick Johnson,2014-15,507336,HOU
Nick Young,2014-15,4994420,LAL
Nicolas Batum,2014-15,11765500,POR
Nik Stauskas,2014-15,2745840,SAC
Nikola Pekovic,2014-15,12100000,MIN
Nikola Vucevic,2014-15,2751260,ORL
Norris Cole,2014-15,2038206,NOH
O.J. Mayo,2014-15,8000000,MIL
Ognjen Kuzmic,2014-15,816482,GSW
Omer Asik,2014-15,8374646,NOH
Omri Casspi,2014-15,1063384,SAC
Orlando Sanchez,2014-15,15000,NYK
Otto Porter,2014-15,4470480,WAS
P.J. Tucker,2014-15,5700000,PHO
Pablo Prigioni,2014-15,1662961,HOU
Patric Young,2014-15,100000,NOH
Patrick Beverley,2014-15,915243,HOU
Patrick Mills,2014-15,3842105,SAS
Patrick Patterson,2014-15,5831326,TOR
Paul George,2014-15,15925680,IND
Paul Millsap,2014-15,9500000,ATL
Paul Pierce,2014-15,5305000,WAS
Pero Antic,2014-15,1250000,ATL
Perry Jones,2014-15,1129200,OKC
Peyton Siva,2014-15,100000,ORL
Phil Pressey,2014-15,816482,BOS
Pierre Jackson,2014-15,400000,PHI
Quincy Acy,2014-15,915243,NYK
Quincy Miller,2014-15,107676,SAC
Quincy Pondexter,2014-15,3146068,NOH
Rajon Rondo,2014-15,12909091,DAL
Ramon Sessions,2014-15,2077000,WAS
Randy Foye,2014-15,3135000,DEN
Rasual Butler,2014-15,1448490,WAS
Ray McCallum,2014-15,816482,SAC
Raymond Felton,2014-15,3793693,DAL
Reggie Bullock,2014-15,1200720,PHO
Reggie Evans,2014-15,1768653,SAC
Reggie Jackson,2014-15,2204370,DET
Reggie Williams,2014-15,125104,SAS
Richard Jefferson,2014-15,1448490,DAL
Ricky Ledo,2014-15,96056,NYK
Ricky Rubio,2014-15,5070686,MIN
Robbie Hummel,2014-15,880000,MIN
Robert Covington,2014-15,1000000,PHI
Robert Sacre,2014-15,915243,LAL
Robin Lopez,2014-15,6124728,POR
Rodney Hood,2014-15,1290360,UTA
Rodney Stuckey,2014-15,1227985,IND
Ronnie Price,2014-15,1316809,LAL
Ronny Turiaf,2014-15,1500000,PHI
Roy Hibbert,2014-15,14898938,IND
Rudy Gay,2014-15,19317325,SAC
Rudy Gobert,2014-15,1127400,UTA
Russ Smith,2014-15,816482,MEM
Russell Westbrook,2014-15,15719062,OKC
Ryan Anderson,2014-15,8491500,NOH
Ryan Hollins,2014-15,1316809,SAC
Ryan Kelly,2014-15,1650000,LAL
Samuel Dalembert,2014-15,3867282,NYK
Sean Kilpatrick,2014-15,29843,MIN
Sebastian Telfair,2014-15,915243,OKC
Serge Ibaka,2014-15,12350000,OKC
Sergey Karasev,2014-15,1533840,NJN
Seth Curry,2014-15,48028,PHO
Shabazz Muhammad,2014-15,1971960,MIN
Shabazz Napier,2014-15,1238640,MIA
Shane Larkin,2014-15,1606080,NYK
Shaun Livingston,2014-15,5305000,GSW
Shavlik Randolph,2014-15,1227985,DEN
Shawn Marion,2014-15,1448490,CLE
Shawne Williams,2014-15,1227985,MIL
Shayne Whittington,2014-15,507336,IND
Shelvin Mack,2014-15,2433333,ATL
Sim Bhullar,2014-15,29843,SAC
Solomon Hill,2014-15,1302840,IND
Spencer Dinwiddie,2014-15,700000,DET
Spencer Hawes,2014-15,5305000,LAC
Stephen Curry,2014-15,10629213,GSW
Steve Blake,2014-15,2077000,POR
Steve Nash,2014-15,9701000,LAL
Steve Novak,2014-15,3445946,OKC
Steven Adams,2014-15,2184960,OKC
T.J. Warren,2014-15,1953120,PHO
Tarik Black,2014-15,507336,LAL
Tayshaun Prince,2014-15,7707865,DET
Terrence Jones,2014-15,1618680,HOU
Terrence Ross,2014-15,2793960,TOR
Thabo Sefolosha,2014-15,4150000,ATL
Thaddeus Young,2014-15,9410870,NJN
Thomas Robinson,2014-15,3678360,PHI
Tiago Splitter,2014-15,9250000,SAS
Tim Duncan,2014-15,10000000,SAS
Tim Frazier,2014-15,50734,POR
Tim Hardaway,2014-15,1250640,NYK
Timofey Mozgov,2014-15,4650000,CLE
Tobias Harris,2014-15,2380594,ORL
Toney Douglas,2014-15,268974,NOH
Tony Allen,2014-15,4831461,MEM
Tony Mitchell,2014-15,816482,PHO
Tony Parker,2014-15,12500000,SAS
Tony Wroten,2014-15,1210080,PHI
Toure\' Murry,2014-15,96056,WAS
Travis Outlaw,2014-15,3000000,PHI
Travis Wear,2014-15,507336,NYK
Trevor Ariza,2014-15,8579089,HOU
Trevor Booker,2014-15,5000000,UTA
Trey Burke,2014-15,2548560,UTA
Tristan Thompson,2014-15,5138430,CLE
Ty Lawson,2014-15,11595506,DEN
Tyler Ennis,2014-15,1590720,MIL
Tyler Hansbrough,2014-15,3326235,TOR
Tyler Johnson,2014-15,507336,MIA
Tyler Zeller,2014-15,1703760,BOS
Tyreke Evans,2014-15,10763500,NOH
Tyrus Thomas,2014-15,72234,MEM
Tyson Chandler,2014-15,14598888,DAL
Udonis Haslem,2014-15,2732000,MIA
Victor Claver,2014-15,1370000,DEN
Victor Oladipo,2014-15,4978200,ORL
Vince Carter,2014-15,3911981,MEM
Vitor Faverani,2014-15,2090000,BOS
Wayne Ellington,2014-15,923780,SAC
Wesley Johnson,2014-15,981084,LAL
Wesley Matthews,2014-15,7245640,POR
Will Barton,2014-15,915243,DEN
Will Bynum,2014-15,144468,WAS
Will Cherry,2014-15,25000,TOR
Willie Green,2014-15,1448490,ORL
Wilson Chandler,2014-15,6757913,DEN
Xavier Henry,2014-15,1082000,LAL
Zach LaVine,2014-15,2055840,MIN
Zach Randolph,2014-15,16500000,MEM
Zaza Pachulia,2014-15,5200000,MIL
Zoran Dragic,2014-15,1962103,MIA
Aaron Brooks,2015-16,2000000,CHI
Aaron Gordon,2015-16,4171680,ORL
Aaron Gray,2015-16,452059,DET
Aaron Harrison,2015-16,525093,CHA
Adonis Thomas,2015-16,60000,DET
Adreian Payne,2015-16,1938840,MIN
Al Horford,2015-16,12000000,ATL
Al Jefferson,2015-16,13833333,CHA
Al-Farouq Aminu,2015-16,7500000,POR
Alan Anderson,2015-16,4000000,WAS
Alan Williams,2015-16,114285,PHO
Alec Burks,2015-16,9213484,UTA
Alex Len,2015-16,3807120,PHO
Alex Stepheson,2015-16,30888,MEM
Alexis Ajinca,2015-16,4300000,NOH
Allen Crabbe,2015-16,947276,POR
Alonzo Gee,2015-16,1375000,NOH
Amar\'e Stoudemire,2015-16,1499187,MIA
Amir Johnson,2015-16,12000000,BOS
Anderson Varejao,2015-16,9638554,POR
Andre Drummond,2015-16,3272091,DET
Andre Iguodala,2015-16,11710456,GSW
Andre Miller,2015-16,396844,SAS
Andre Roberson,2015-16,1210800,OKC
Andrea Bargnani,2015-16,1039298,NJN
Andrew Bogut,2015-16,12000000,GSW
Andrew Goudelock,2015-16,200600,HOU
Andrew Nicholson,2015-16,2380594,ORL
Andrew Wiggins,2015-16,5758680,MIN
Anthony Bennett,2015-16,947276,TOR
Anthony Brown,2015-16,700000,LAL
Anthony Davis,2015-16,7070730,NOH
Anthony Morrow,2015-16,3344000,OKC
Anthony Tolliver,2015-16,3000000,DET
Archie Goodwin,2015-16,1160160,PHO
Aron Baynes,2015-16,6500000,DET
Arron Afflalo,2015-16,8000000,NYK
Austin Rivers,2015-16,3100000,LAC
Avery Bradley,2015-16,7730337,BOS
Axel Toupane,2015-16,25000,TOR
Ben McLemore,2015-16,3156600,SAC
Beno Udrih,2015-16,2170465,MIA
Bismack Biyombo,2015-16,3000000,TOR
Blake Griffin,2015-16,18907725,LAC
Boban Marjanovic,2015-16,1200000,SAS
Bobby Portis,2015-16,1391160,CHI
Bojan Bogdanovic,2015-16,3425510,NJN
Boris Diaw,2015-16,7000000,SAS
Bradley Beal,2015-16,5694674,WAS
Brandan Wright,2015-16,5500000,MEM
Branden Dawson,2015-16,525093,LAC
Brandon Ashley,2015-16,50000,DAL
Brandon Bass,2015-16,3000000,LAL
Brandon Jennings,2015-16,8344497,ORL
Brandon Knight,2015-16,12000000,PHO
Brandon Rush,2015-16,1270964,GSW
Brian Roberts,2015-16,2854940,POR
Briante Weber,2015-16,12355,MIA
Brook Lopez,2015-16,20000000,NJN
Bruno Caboclo,2015-16,1524000,TOR
Bryce Cotton,2015-16,228663,PHO
Bryce Dejean-Jones,2015-16,281659,NOH
C.J. McCollum,2015-16,2525160,POR
C.J. Miles,2015-16,4394225,IND
C.J. Watson,2015-16,5000000,ORL
C.J. Wilcox,2015-16,1159680,LAC
Cameron Bairstow,2015-16,845059,CHI
Cameron Payne,2015-16,2021520,OKC
Carl Landry,2015-16,6500000,PHI
Carlos Delfino,2015-16,650000,LAC
Carmelo Anthony,2015-16,22875000,NYK
Caron Butler,2015-16,1499187,SAC
Cartier Martin,2015-16,1270964,DET
Chandler Parsons,2015-16,15361500,DAL
Channing Frye,2015-16,7807579,CLE
Charlie Villanueva,2015-16,1499187,DAL
Chase Budinger,2015-16,258082,PHO
Chris Andersen,2015-16,5000000,MEM
Chris Bosh,2015-16,22192730,MIA
Chris Copeland,2015-16,1100000,ORL
Chris Johnson,2015-16,981348,UTA
Chris Kaman,2015-16,5000000,POR
Chris McCullough,2015-16,1140240,NJN
Chris Paul,2015-16,21468696,LAC
Christian Wood,2015-16,305789,PHI
Chuck Hayes,2015-16,83583,HOU
Cleanthony Early,2015-16,845059,NYK
Cliff Alexander,2015-16,525093,POR
Clint Capela,2015-16,1242720,HOU
Cody Zeller,2015-16,4204200,CHA
Cole Aldrich,2015-16,1100600,LAC
Corey Brewer,2015-16,8200000,HOU
Corey Walden,2015-16,25000,BOS
Cory Jefferson,2015-16,421449,PHO
Cory Joseph,2015-16,7000000,TOR
Coty Clarke,2015-16,61776,BOS
Courtney Lee,2015-16,5675000,CHA
Cristiano Felicio,2015-16,525090,CHI
D.J. Augustin,2015-16,3000000,DEN
D\'Angelo Russell,2015-16,5103120,LAL
Dahntay Jones,2015-16,8819,CLE
Damian Lillard,2015-16,4236287,POR
Damien Inglis,2015-16,855000,MIL
Damjan Rudez,2015-16,1149500,MIN
Danilo Gallinari,2015-16,14000000,DEN
Danny Granger,2015-16,2170465,DET
Danny Green,2015-16,10000000,SAS
Dante Cunningham,2015-16,3000000,NOH
Dante Exum,2015-16,3777720,UTA
Darion Atkins,2015-16,75000,NYK
Darrell Arthur,2015-16,2814000,DEN
Darren Collison,2015-16,5013559,SAC
Darrun Hilliard,2015-16,525093,DET
David Lee,2015-16,2102224,DAL
David West,2015-16,1499000,SAS
DeAndre Jordan,2015-16,19500000,LAC
DeJuan Blair,2015-16,2000000,PHO
DeMar DeRozan,2015-16,9500000,TOR
DeMarcus Cousins,2015-16,14728844,SAC
DeMarre Carroll,2015-16,13500000,TOR
Delon Wright,2015-16,1509360,TOR
Dennis Schroder,2015-16,1763400,ATL
Deron Williams,2015-16,5500000,NJN
Derrick Favors,2015-16,11933333,UTA
Derrick Rose,2015-16,20093063,CHI
Derrick Williams,2015-16,4900000,NYK
Devin Booker,2015-16,2127840,PHO
Devin Harris,2015-16,4053000,DAL
Devyn Marble,2015-16,845059,ORL
Dewayne Dedmon,2015-16,947278,ORL
Dion Waiters,2015-16,5138430,OKC
Dirk Nowitzki,2015-16,8333334,DAL
Donald Sloan,2015-16,1015421,NJN
Donatas Motiejunas,2015-16,2288205,HOU
Dorell Wright,2015-16,17637,MIA
Doug McDermott,2015-16,2380440,CHI
Draymond Green,2015-16,14300000,GSW
Drew Gooden,2015-16,3300000,WAS
Duje Dukan,2015-16,525093,SAC
Dwight Howard,2015-16,22359364,HOU
Dwight Powell,2015-16,845059,DAL
Dwyane Wade,2015-16,20000000,MIA
E.J. Singler,2015-16,50000,UTA
E\'Twaun Moore,2015-16,1015421,CHI
Ed Davis,2015-16,7000000,POR
Elfrid Payton,2015-16,2505720,ORL
Elijah Millsap,2015-16,362878,UTA
Elliot Williams,2015-16,55722,MEM
Elton Brand,2015-16,890693,PHI
Emmanuel Mudiay,2015-16,3102240,DEN
Enes Kanter,2015-16,16400000,OKC
Eric Bledsoe,2015-16,13086957,PHO
Eric Gordon,2015-16,15514031,NOH
Eric Moreland,2015-16,845059,SAC
Erick Green,2015-16,99418,UTA
Ersan Ilyasova,2015-16,7900000,ORL
Evan Fournier,2015-16,2288205,ORL
Evan Turner,2015-16,3425510,BOS
Festus Ezeli,2015-16,2008748,GSW
Frank Kaminsky,2015-16,2612500,CHA
Furkan Aldemir,2015-16,3000000,PHI
Gal Mekel,2015-16,315760,DAL
Garrett Temple,2015-16,1100602,WAS
Gary Harris,2015-16,1587480,DEN
Gary Neal,2015-16,2100000,WAS
George Hill,2015-16,8000000,IND
Gerald Green,2015-16,1356000,MIA
Gerald Henderson,2015-16,6000000,POR
Gerald Wallace,2015-16,10105855,PHI
Giannis Antetokounmpo,2015-16,1953960,MIL
Glenn Robinson,2015-16,845000,IND
Goran Dragic,2015-16,14780000,MIA
Gordon Hayward,2015-16,15409570,UTA
Gorgui Dieng,2015-16,1474440,MIN
Grant Jerrett,2015-16,947276,UTA
Greg Monroe,2015-16,16400000,MIL
Greg Smith,2015-16,247623,MIN
Greivis Vasquez,2015-16,6600000,MIL
Harrison Barnes,2015-16,3873398,GSW
Hassan Whiteside,2015-16,981348,MIA
Henry Sims,2015-16,161622,NJN
Hollis Thompson,2015-16,947276,PHI
Ian Clark,2015-16,947276,GSW
Ian Mahinmi,2015-16,4000000,IND
Iman Shumpert,2015-16,9000000,CLE
Isaiah Canaan,2015-16,947276,PHI
Isaiah Thomas,2015-16,6912869,BOS
Ish Smith,2015-16,1100602,PHI
J.J. Barea,2015-16,4000000,DAL
J.J. Hickson,2015-16,366337,WAS
J.J. O\'Brien,2015-16,105888,UTA
J.J. Redick,2015-16,6867000,LAC
J.R. Smith,2015-16,5000000,CLE
JaKarr Sampson,2015-16,845059,PHI
JaMychal Green,2015-16,845059,MEM
JaVale McGee,2015-16,12000000,PHI
Jabari Parker,2015-16,5152440,MIL
Jae Crowder,2015-16,6000000,BOS
Jahlil Okafor,2015-16,4582680,PHI
Jamal Crawford,2015-16,5675000,LAC
Jameer Nelson,2015-16,4500000,DEN
James Anderson,2015-16,1015421,SAC
James Ennis,2015-16,74564,NOH
James Harden,2015-16,15756438,HOU
James Johnson,2015-16,2500000,TOR
James Jones,2015-16,1499000,CLE
James Michael McAdoo,2015-16,845059,GSW
James Young,2015-16,1749840,BOS
Jamil Wilson,2015-16,50000,DAL
Jared Cunningham,2015-16,981348,ORL
Jared Dudley,2015-16,4250000,WAS
Jared Sullinger,2015-16,2269260,BOS
Jarell Eddie,2015-16,561716,WAS
Jarell Martin,2015-16,1230840,MEM
Jarnell Stokes,2015-16,845059,NOH
Jarrett Jack,2015-16,6300000,NJN
Jarrid Famous,2015-16,10000,DAL
Jason Smith,2015-16,4300000,ORL
Jason Terry,2015-16,1499187,HOU
Jason Thompson,2015-16,328955,TOR
Jeff Ayres,2015-16,317232,LAC
Jeff Green,2015-16,9200000,LAC
Jeff Teague,2015-16,8000000,ATL
Jeff Withey,2015-16,947276,UTA
Jerami Grant,2015-16,845059,PHI
Jeremy Evans,2015-16,1100602,DAL
Jeremy Lamb,2015-16,3034356,CHA
Jeremy Lin,2015-16,2100000,CHA
Jerian Grant,2015-16,1572360,NYK
Jerryd Bayless,2015-16,3000000,MIL
Jimmer Fredette,2015-16,507711,SAS
Jimmy Butler,2015-16,15260000,CHI
Joakim Noah,2015-16,13400000,CHI
Jodie Meeks,2015-16,6270000,DET
Joe Harris,2015-16,845059,ORL
Joe Ingles,2015-16,2250000,UTA
Joe Johnson,2015-16,24894863,NJN
Joel Anthony,2015-16,2500000,DET
Joel Embiid,2015-16,4626960,PHI
Joey Dorsey,2015-16,1015421,DEN
Joffrey Lauvergne,2015-16,1709720,DEN
John Henson,2015-16,2943221,MIL
John Holland,2015-16,9266,BOS
John Jenkins,2015-16,981000,PHO
John Wall,2015-16,15851950,WAS
Johnny O\'Bryant,2015-16,845059,MIL
Jon Leuer,2015-16,1035000,PHO
Jonas Jerebko,2015-16,5000000,BOS
Jonas Valanciunas,2015-16,4660482,TOR
Jonathan Holmes,2015-16,100000,LAL
Jonathon Simmons,2015-16,525093,SAS
Jordan Adams,2015-16,1404600,MEM
Jordan Clarkson,2015-16,845059,LAL
Jordan Farmar,2015-16,191456,MEM
Jordan Hamilton,2015-16,119462,NOH
Jordan Hill,2015-16,4000000,IND
Jordan McRae,2015-16,61776,PHO
Jordan Mickey,2015-16,1200000,BOS
Jordan Sibert,2015-16,100000,ORL
Jorge Gutierrez,2015-16,301444,CHA
Jose Calderon,2015-16,7402812,NYK
Joseph Young,2015-16,1000000,IND
Josh Huestis,2015-16,1140240,OKC
Josh McRoberts,2015-16,5543725,MIA
Josh Richardson,2015-16,525093,MIA
Josh Smith,2015-16,1499000,HOU
Jrue Holiday,2015-16,10595507,NOH
Julius Randle,2015-16,3132240,LAL
Justin Anderson,2015-16,1449000,DAL
Justin Harper,2015-16,99418,DET
Justin Holiday,2015-16,947300,CHI
Justise Winslow,2015-16,2481720,MIA
Jusuf Nurkic,2015-16,1842000,DEN
K.J. McDaniels,2015-16,3333333,HOU
Karl-Anthony Towns,2015-16,5703600,MIN
Kawhi Leonard,2015-16,16500000,SAS
Keith Appling,2015-16,161776,ORL
Kelly Olynyk,2015-16,2165160,BOS
Kelly Oubre,2015-16,1920240,WAS
Kemba Walker,2015-16,12000000,CHA
Kendall Marshall,2015-16,2144722,PHI
Kendrick Perkins,2015-16,1499200,NOH
Kenneth Faried,2015-16,11235955,DEN
Kent Bazemore,2015-16,2000000,ATL
Kentavious Caldwell-Pope,2015-16,2891760,DET
Kevin Durant,2015-16,20158622,OKC
Kevin Garnett,2015-16,8500000,MIN
Kevin Love,2015-16,19500000,CLE
Kevin Martin,2015-16,317475,SAS
Kevin Seraphin,2015-16,2800000,NYK
Kevon Looney,2015-16,1131960,GSW
Khris Middleton,2015-16,15000000,MIL
Kirk Hinrich,2015-16,2870000,ATL
Klay Thompson,2015-16,15500000,GSW
Kobe Bryant,2015-16,25000000,LAL
Kosta Koufos,2015-16,7500000,SAC
Kostas Papanikolaou,2015-16,350000,DEN
Kris Humphries,2015-16,4600000,PHO
Kristaps Porzingis,2015-16,4131720,NYK
Kyle Anderson,2015-16,1142879,SAS
Kyle Korver,2015-16,5746479,ATL
Kyle Lowry,2015-16,12000000,TOR
Kyle O\'Quinn,2015-16,3750000,NYK
Kyle Singler,2015-16,5000000,OKC
Kyrie Irving,2015-16,14746000,CLE
LaMarcus Aldridge,2015-16,19500000,SAS
Lamar Patterson,2015-16,525093,ATL
Lance Stephenson,2015-16,9000000,MEM
Lance Thomas,2015-16,1650000,NYK
Langston Galloway,2015-16,845059,NYK
Larry Nance Jr.,2015-16,1155600,LAL
Larry Sanders,2015-16,1865547,MIL
Lavoy Allen,2015-16,3700000,IND
LeBron James,2015-16,22971000,CLE
Leandro Barbosa,2015-16,2500000,GSW
Levi Randolph,2015-16,25000,BOS
Lorenzo Brown,2015-16,111444,PHO
Lou Amundson,2015-16,1650000,NYK
Lou Williams,2015-16,7000000,LAL
Luc Mbah a Moute,2015-16,1270964,LAC
Lucas Nogueira,2015-16,1842000,TOR
Luis Montero,2015-16,525093,POR
Luis Scola,2015-16,3000000,TOR
Luke Babbitt,2015-16,1100000,NOH
Luol Deng,2015-16,10151612,MIA
Malcolm Miller,2015-16,25000,BOS
Manu Ginobili,2015-16,2814000,SAS
Marc Gasol,2015-16,19700000,MEM
Marcelo Huertas,2015-16,525093,LAL
Marcin Gortat,2015-16,11217391,WAS
Marco Belinelli,2015-16,6333333,SAC
Marcus Morris,2015-16,5000000,DET
Marcus Smart,2015-16,3431040,BOS
Marcus Thornton,2015-16,251107,WAS
Mario Chalmers,2015-16,4300000,MEM
Mario Hezonja,2015-16,3741480,ORL
Markel Brown,2015-16,845059,NJN
Markieff Morris,2015-16,8000000,WAS
Marreese Speights,2015-16,3815000,GSW
Marshall Henderson,2015-16,35000,SAC
Martell Webster,2015-16,5613500,WAS
Marvin Williams,2015-16,7000000,CHA
Mason Plumlee,2015-16,1415520,POR
Matt Barnes,2015-16,3542500,MEM
Matt Bonner,2015-16,1499187,SAS
Matthew Dellavedova,2015-16,1147280,CLE
Maurice Harkless,2015-16,2894059,POR
Maurice Ndour,2015-16,525094,DAL
Metta World Peace,2015-16,1499187,LAL
Meyers Leonard,2015-16,3075880,POR
Michael Beasley,2015-16,306527,HOU
Michael Carter-Williams,2015-16,2399040,MIL
Michael Frazier,2015-16,50000,LAL
Michael Kidd-Gilchrist,2015-16,6331404,CHA
Michale Kyser,2015-16,25000,TOR
Mike Conley,2015-16,9588426,MEM
Mike Dunleavy,2015-16,4500000,CHI
Mike Miller,2015-16,2854940,POR
Mike Muscala,2015-16,947276,ATL
Mike Scott,2015-16,3333333,ATL
Miles Plumlee,2015-16,2109294,MIL
Miroslav Raduljica,2015-16,300000,LAC
Mirza Teletovic,2015-16,5500000,PHO
Mitch McGary,2015-16,1463040,OKC
Mo Williams,2015-16,2100000,CLE
Monta Ellis,2015-16,10300000,IND
Montrezl Harrell,2015-16,1000000,HOU
Myles Turner,2015-16,2357760,IND
Nate Robinson,2015-16,44000,NOH
Nazr Mohammed,2015-16,352750,OKC
Nemanja Bjelica,2015-16,4000000,MIN
Nene Hilario,2015-16,13000000,WAS
Nerlens Noel,2015-16,3457800,PHI
Nick Collison,2015-16,3750000,OKC
Nick Johnson,2015-16,845059,DEN
Nick Young,2015-16,5219169,LAL
Nicolas Batum,2015-16,12235750,CHA
Nik Stauskas,2015-16,2869440,PHI
Nikola Jokic,2015-16,1300000,DEN
Nikola Mirotic,2015-16,5543725,CHI
Nikola Pekovic,2015-16,12100000,MIN
Nikola Vucevic,2015-16,11250000,ORL
Noah Vonleh,2015-16,2637720,POR
Norman Powell,2015-16,650000,TOR
Norris Cole,2015-16,3036927,NOH
O.J. Mayo,2015-16,8000000,MIL
Omer Asik,2015-16,11000000,NOH
Omri Casspi,2015-16,3000000,SAC
Orlando Johnson,2015-16,55722,PHO
Otto Porter,2015-16,4662960,WAS
P.J. Hairston,2015-16,1201440,MEM
P.J. Tucker,2015-16,5500000,PHO
Pablo Prigioni,2015-16,981348,LAC
Pat Connaughton,2015-16,525093,POR
Patrick Beverley,2015-16,6500000,HOU
Patrick Mills,2015-16,3578947,SAS
Patrick Patterson,2015-16,6268675,TOR
Pau Gasol,2015-16,7448760,CHI
Paul George,2015-16,17120106,IND
Paul Pierce,2015-16,3400000,LAC
Perry Jones,2015-16,2038206,BOS
Phil Pressey,2015-16,111444,PHO
Pierre Jackson,2015-16,750000,PHI
Quincy Acy,2015-16,981348,SAC
Quincy Miller,2015-16,50000,NJN
Quincy Pondexter,2015-16,3382023,NOH
R.J. Hunter,2015-16,1148640,BOS
Rajon Rondo,2015-16,9500000,SAC
Rakeem Christmas,2015-16,1000000,IND
Ramon Sessions,2015-16,2170465,WAS
Randy Foye,2015-16,3270000,OKC
Rashad Vaughn,2015-16,1733040,MIL
Rasual Butler,2015-16,1499187,SAS
Raul Neto,2015-16,1000000,UTA
Ray McCallum,2015-16,947276,SAS
Raymond Felton,2015-16,3950313,DAL
Reggie Bullock,2015-16,1252440,DET
Reggie Jackson,2015-16,14000000,DET
Richard Jefferson,2015-16,1499000,CLE
Richaun Holmes,2015-16,1050000,PHI
Ricky Rubio,2015-16,12365000,MIN
Robert Covington,2015-16,1000000,PHI
Robert Sacre,2015-16,981348,LAL
Robert Upshaw,2015-16,35000,LAL
Robin Lopez,2015-16,13000000,NYK
Rodney Hood,2015-16,1348440,UTA
Rodney Stuckey,2015-16,6500000,IND
Ronald Roberts,2015-16,75000,TOR
Rondae Hollis-Jefferson,2015-16,1335480,NJN
Ronnie Price,2015-16,1499187,PHO
Roy Hibbert,2015-16,15500000,LAL
Rudy Gay,2015-16,12403101,SAC
Rudy Gobert,2015-16,1175880,UTA
Russ Smith,2015-16,816482,MEM
Russell Westbrook,2015-16,16744218,OKC
Ryan Anderson,2015-16,8500000,NOH
Ryan Boatright,2015-16,75000,NJN
Ryan Hollins,2015-16,176375,WAS
Ryan Kelly,2015-16,1724250,LAL
Salah Mejri,2015-16,525093,DAL
Sam Dekker,2015-16,1646400,HOU
Samuel Dalembert,2015-16,1499187,DAL
Sasha Kaun,2015-16,1300000,CLE
Sasha Vujacic,2015-16,1356146,NYK
Sean Kilpatrick,2015-16,320594,NJN
Serge Ibaka,2015-16,12350000,OKC
Sergey Karasev,2015-16,1599840,NJN
Seth Curry,2015-16,947276,SAC
Shabazz Muhammad,2015-16,2056920,MIN
Shabazz Napier,2015-16,1294440,ORL
Shane Larkin,2015-16,1500000,NJN
Shannon Scott,2015-16,25000,TOR
Shaun Livingston,2015-16,5543725,GSW
Shayne Whittington,2015-16,845059,IND
Shelvin Mack,2015-16,2433333,UTA
Solomon Hill,2015-16,1358880,IND
Sonny Weems,2015-16,2800000,PHI
Spencer Dinwiddie,2015-16,845059,DET
Spencer Hawes,2015-16,5543725,CHA
Stanley Johnson,2015-16,2841960,DET
Stephen Curry,2015-16,11370786,GSW
Steve Blake,2015-16,2170465,DET
Steve Novak,2015-16,416886,MIL
Steven Adams,2015-16,2279040,OKC
T.J. McConnell,2015-16,525093,PHI
T.J. Warren,2015-16,2041080,PHO
Taj Gibson,2015-16,8500000,CHI
Tarik Black,2015-16,845059,LAL
Tayshaun Prince,2015-16,1499187,MIN
Terran Petteway,2015-16,75000,ATL
Terrence Jones,2015-16,2489530,HOU
Terrence Ross,2015-16,3553917,TOR
Terry Rozier,2015-16,1824360,BOS
Thabo Sefolosha,2015-16,4000000,ATL
Thaddeus Young,2015-16,11200000,NJN
Thanasis Antetokounmpo,2015-16,105888,NYK
Thomas Robinson,2015-16,981300,NJN
Tiago Splitter,2015-16,8500000,ATL
Tibor Pleiss,2015-16,3000000,UTA
Tim Duncan,2015-16,5000000,SAS
Tim Frazier,2015-16,845059,POR
Tim Hardaway,2015-16,1304520,ATL
Timofey Mozgov,2015-16,4950000,CLE
Tobias Harris,2015-16,16000000,DET
Toney Douglas,2015-16,1164858,NOH
Tony Allen,2015-16,5168539,MEM
Tony Parker,2015-16,13437500,SAS
Tony Snell,2015-16,1535880,CHI
Tony Wroten,2015-16,2179354,PHI
Travis Trice,2015-16,50000,NYK
Treveon Graham,2015-16,75000,UTA
Trevor Ariza,2015-16,8193030,HOU
Trevor Booker,2015-16,4775000,UTA
Trey Burke,2015-16,2658240,UTA
Trey Lyles,2015-16,2239800,UTA
Tristan Thompson,2015-16,14260870,CLE
Troy Daniels,2015-16,947276,CHA
Ty Lawson,2015-16,265058,IND
Tyler Ennis,2015-16,1662360,MIL
Tyler Hansbrough,2015-16,1185784,CHA
Tyler Johnson,2015-16,845059,MIA
Tyler Zeller,2015-16,2616975,BOS
Tyreke Evans,2015-16,11227000,NOH
Tyson Chandler,2015-16,13000000,PHO
Tyus Jones,2015-16,1282080,MIN
Udonis Haslem,2015-16,2854940,MIA
Victor Oladipo,2015-16,5192520,ORL
Vince Carter,2015-16,4088091,MEM
Vince Hunter,2015-16,35000,SAC
Walter Tavares,2015-16,1000000,ATL
Wayne Ellington,2015-16,923670,SAC
Wesley Johnson,2015-16,1100600,LAC
Wesley Matthews,2015-16,16400000,DAL
Wesley Saunders,2015-16,75000,NYK
Will Barton,2015-16,3333333,DEN
Willie Cauley-Stein,2015-16,3398280,SAC
Willie Reed,2015-16,947276,NJN
Wilson Chandler,2015-16,10500000,DEN
Xavier Munford,2015-16,89588,MEM
Zach LaVine,2015-16,2148360,MIN
Zach Randolph,2015-16,9638555,MEM
Zaza Pachulia,2015-16,5200000,DAL
Zoran Dragic,2015-16,2050397,BOS
A.J. Hammons,2016-17,650000,DAL
Aaron Brooks,2016-17,2700000,IND
Aaron Gordon,2016-17,4351320,ORL
Aaron Gray,2016-17,452059,DET
Aaron Harrison,2016-17,375579,CHA
Adreian Payne,2016-17,2022240,MIN
Al Horford,2016-17,26540100,BOS
Al Jefferson,2016-17,10230179,IND
Al-Farouq Aminu,2016-17,7680965,POR
Alan Anderson,2016-17,1315448,LAC
Alan Williams,2016-17,874636,PHO
Alec Burks,2016-17,10154495,UTA
Alex Abrines,2016-17,5994764,OKC
Alex Caruso,2016-17,50000,OKC
Alex Len,2016-17,4823621,PHO
Alex Poythress,2016-17,38903,PHI
Alexis Ajinca,2016-17,4600000,NOH
Allen Crabbe,2016-17,18500000,POR
Alonzo Gee,2016-17,1400000,NOH
Amir Johnson,2016-17,12000000,BOS
Anderson Varejao,2016-17,1984005,POR
Andre Drummond,2016-17,22116750,DET
Andre Iguodala,2016-17,11131368,GSW
Andre Roberson,2016-17,2183072,OKC
Andrea Bargnani,2016-17,323599,NJN
Andrew Bogut,2016-17,11027027,PHI
Andrew Harrison,2016-17,945000,MEM
Andrew Nicholson,2016-17,6088993,NJN
Andrew Wiggins,2016-17,6006600,MIN
Anthony Bennett,2016-17,1015696,NJN
Anthony Brown,2016-17,51449,ORL
Anthony Davis,2016-17,22116750,NOH
Anthony Morrow,2016-17,3488000,CHI
Anthony Tolliver,2016-17,8000000,SAC
Archie Goodwin,2016-17,2094089,PHO
Arinze Onuaku,2016-17,440078,ORL
Aron Baynes,2016-17,6500000,DET
Arron Afflalo,2016-17,12500000,SAC
Austin Rivers,2016-17,11000000,LAC
Avery Bradley,2016-17,8269663,BOS
Axel Toupane,2016-17,20580,NOH
Beau Beech,2016-17,45000,NJN
Ben Bentil,2016-17,50000,IND
Ben McLemore,2016-17,4008882,SAC
Ben Simmons,2016-17,5903160,PHI
Beno Udrih,2016-17,1551659,DET
Bismack Biyombo,2016-17,17000000,ORL
Blake Griffin,2016-17,20140838,LAC
Boban Marjanovic,2016-17,7000000,DET
Bobby Brown,2016-17,934293,HOU
Bobby Portis,2016-17,1453680,CHI
Bojan Bogdanovic,2016-17,3730653,WAS
Boris Diaw,2016-17,7000000,UTA
Bradley Beal,2016-17,22116750,WAS
Brady Heslip,2016-17,56500,TOR
Brandan Wright,2016-17,5700000,MEM
Brandon Bass,2016-17,1551659,LAC
Brandon Ingram,2016-17,5281680,LAL
Brandon Jennings,2016-17,1200000,WAS
Brandon Knight,2016-17,12606250,PHO
Brandon Paul,2016-17,155000,PHI
Brandon Rush,2016-17,3500000,MIN
Brian Roberts,2016-17,1050961,CHA
Briante Weber,2016-17,328000,MIA
Brice Johnson,2016-17,1273920,LAC
Brook Lopez,2016-17,21165675,NJN
Bruno Caboclo,2016-17,1589640,TOR
Bryn Forbes,2016-17,543471,SAS
Buddy Hield,2016-17,3517200,SAC
C.J. McCollum,2016-17,3219579,POR
C.J. Miles,2016-17,4583450,IND
C.J. Watson,2016-17,5000000,ORL
C.J. Wilcox,2016-17,1209680,ORL
Cameron Jones,2016-17,50000,GSW
Cameron Payne,2016-17,2112480,CHI
Caris LeVert,2016-17,1562280,NJN
Carl Landry,2016-17,6500000,PHI
Carlos Delfino,2016-17,650000,LAC
Carmelo Anthony,2016-17,24559380,NYK
Caron Butler,2016-17,517220,SAC
Cat Barber,2016-17,50000,PHI
Chandler Parsons,2016-17,22116750,MEM
Channing Frye,2016-17,7806971,CLE
Chasson Randle,2016-17,297311,PHI
Cheick Diallo,2016-17,543471,NOH
Chinanu Onuaku,2016-17,543471,HOU
Chris Andersen,2016-17,1551659,CHA
Chris Bosh,2016-17,23741060,MIA
Chris McCullough,2016-17,1191480,WAS
Chris Paul,2016-17,22868827,LAC
Chris Wright,2016-17,100000,OKC
Christian Wood,2016-17,874636,CHA
Cliff Alexander,2016-17,51449,NJN
Clint Capela,2016-17,1296240,HOU
Cody Zeller,2016-17,5318313,CHA
Cole Aldrich,2016-17,7643979,MIN
Corey Brewer,2016-17,7600000,LAL
Cory Joseph,2016-17,7330000,TOR
Courtney Lee,2016-17,11242000,NYK
Cristiano Felicio,2016-17,874636,CHI
D.J. Augustin,2016-17,7250000,ORL
D.J. Kennedy,2016-17,50000,DEN
D.J. Stephens,2016-17,35000,MEM
D\'Angelo Russell,2016-17,5332800,LAL
Dahntay Jones,2016-17,24022,CLE
Damian Jones,2016-17,1171560,GSW
Damian Lillard,2016-17,24328425,POR
Damion Lee,2016-17,50000,BOS
Damjan Rudez,2016-17,980431,ORL
Daniel Ochefu,2016-17,543471,WAS
Danilo Gallinari,2016-17,15050000,DEN
Danny Green,2016-17,10000000,SAS
Dante Cunningham,2016-17,2978250,NOH
Dante Exum,2016-17,3940320,UTA
Danuel House,2016-17,543471,WAS
Dario Saric,2016-17,2318280,PHI
Darrell Arthur,2016-17,8070175,DEN
Darren Collison,2016-17,5229454,SAC
Darrun Hilliard,2016-17,874636,DET
David Lee,2016-17,1551659,SAS
David Nwaba,2016-17,137466,LAL
David West,2016-17,1551659,GSW
Davis Bertans,2016-17,543471,SAS
DeAndre Jordan,2016-17,21165675,LAC
DeAndre Liggins,2016-17,1015696,DAL
DeAndre\' Bembry,2016-17,1499760,ATL
DeMar DeRozan,2016-17,26540100,TOR
DeMarcus Cousins,2016-17,16957900,NOH
DeMarre Carroll,2016-17,14200000,TOR
Dejounte Murray,2016-17,1180080,SAS
Delon Wright,2016-17,1577280,TOR
Demetrius Jackson,2016-17,1450000,BOS
Dennis Schroder,2016-17,2708582,ATL
Denzel Valentine,2016-17,2092200,CHI
Deron Williams,2016-17,5500000,NJN
Derrick Favors,2016-17,11050000,UTA
Derrick Jones,2016-17,543471,PHO
Derrick Rose,2016-17,21323250,NYK
Derrick Williams,2016-17,4598000,MIA
Devin Booker,2016-17,2223600,PHO
Devin Harris,2016-17,4228000,DAL
Dewayne Dedmon,2016-17,2898000,SAS
Deyonta Davis,2016-17,1369229,MEM
Diamond Stone,2016-17,543471,LAC
Dion Waiters,2016-17,2898000,MIA
Dionte Christmas,2016-17,50000,PHI
Dirk Nowitzki,2016-17,25000000,DAL
Domantas Sabonis,2016-17,2440200,OKC
Donatas Motiejunas,2016-17,576724,NOH
Dorian Finney-Smith,2016-17,543471,DAL
Doug McDermott,2016-17,2483040,OKC
Dragan Bender,2016-17,4276320,PHO
Draymond Green,2016-17,15330435,GSW
Dwight Howard,2016-17,23180275,ATL
Dwight Powell,2016-17,8375000,DAL
Dwyane Wade,2016-17,23200000,CHI
E.J. Singler,2016-17,50000,TOR
E\'Twaun Moore,2016-17,8081363,NOH
Ed Davis,2016-17,6666667,POR
Edy Tavares,2016-17,5145,CLE
Egidijus Mockevicius,2016-17,100000,NJN
Elfrid Payton,2016-17,2613600,ORL
Elgin Cook,2016-17,50000,GSW
Elijah Millsap,2016-17,23069,PHO
Elliot Williams,2016-17,250000,GSW
Elton Brand,2016-17,1000000,PHI
Emmanuel Mudiay,2016-17,3241800,DEN
Enes Kanter,2016-17,17145838,OKC
Eric Bledsoe,2016-17,14000000,PHO
Eric Gordon,2016-17,12385364,HOU
Ersan Ilyasova,2016-17,8400000,ATL
Evan Fournier,2016-17,17000000,ORL
Evan Turner,2016-17,16393443,POR
Festus Ezeli,2016-17,7400000,POR
Frank Kaminsky,2016-17,2730000,CHA
Fred VanVleet,2016-17,543471,TOR
Gal Mekel,2016-17,315760,DAL
Garrett Temple,2016-17,8000000,SAC
Gary Harris,2016-17,1655880,DEN
Gary Neal,2016-17,72193,ATL
Gary Payton,2016-17,35166,MIL
George Hill,2016-17,8000000,UTA
Georges Niang,2016-17,650000,IND
Georgios Papagiannis,2016-17,2202240,SAC
Gerald Green,2016-17,1410598,BOS
Gerald Henderson,2016-17,9000000,PHI
Giannis Antetokounmpo,2016-17,2995421,MIL
Glenn Robinson,2016-17,1050500,IND
Goran Dragic,2016-17,15890000,MIA
Gordon Hayward,2016-17,16073140,UTA
Gorgui Dieng,2016-17,2348783,MIN
Greg Monroe,2016-17,17100000,MIL
Greivis Vasquez,2016-17,4347826,NJN
Harrison Barnes,2016-17,22116750,DAL
Hassan Whiteside,2016-17,22116750,MIA
Henry Ellenson,2016-17,1704120,DET
Henry Sims,2016-17,75000,UTA
Hollis Thompson,2016-17,442126,PHI
Ian Clark,2016-17,1015696,GSW
Ian Mahinmi,2016-17,15944154,WAS
Iman Shumpert,2016-17,9700000,CLE
Isaiah Canaan,2016-17,1015696,CHI
Isaiah Cousins,2016-17,100000,SAC
Isaiah Taylor,2016-17,305000,HOU
Isaiah Thomas,2016-17,6587132,BOS
Isaiah Whitehead,2016-17,1074145,NJN
Ish Smith,2016-17,6000000,DET
Ivica Zubac,2016-17,1034956,LAL
J.J. Barea,2016-17,4096950,DAL
J.J. Redick,2016-17,7377500,LAC
J.P. Tokoto,2016-17,100000,NYK
J.R. Smith,2016-17,12800000,CLE
JaMychal Green,2016-17,980431,MEM
JaVale McGee,2016-17,1403611,GSW
Jabari Parker,2016-17,5374320,MIL
Jae Crowder,2016-17,6286408,BOS
Jahlil Okafor,2016-17,4788840,PHI
Jake Layman,2016-17,600000,POR
Jakob Poeltl,2016-17,2703960,TOR
Jalen Jones,2016-17,25000,BOS
Jamal Crawford,2016-17,13253012,LAC
Jamal Murray,2016-17,3210840,DEN
Jameel Warney,2016-17,20000,DAL
Jameer Nelson,2016-17,4540525,DEN
James Ennis,2016-17,2898000,MEM
James Harden,2016-17,26540100,HOU
James Johnson,2016-17,4000000,MIA
James Jones,2016-17,1551659,CLE
James Michael McAdoo,2016-17,980431,GSW
James Webb,2016-17,65000,PHI
James Young,2016-17,1825200,BOS
Jared Dudley,2016-17,10470000,PHO
Jared Sullinger,2016-17,5628000,PHO
Jarell Eddie,2016-17,175000,WAS
Jarell Martin,2016-17,1286160,MEM
Jarnell Stokes,2016-17,150000,DEN
Jarrett Jack,2016-17,91274,NOH
Jarrod Uthoff,2016-17,50000,TOR
Jason Smith,2016-17,5000000,WAS
Jason Terry,2016-17,1551659,MIL
Jason Thompson,2016-17,945126,GSW
Jaylen Brown,2016-17,4743000,BOS
Jeff Green,2016-17,15000000,ORL
Jeff Teague,2016-17,8800000,IND
Jeff Withey,2016-17,1015696,UTA
Jerami Grant,2016-17,980431,OKC
Jeremy Evans,2016-17,1227286,IND
Jeremy Lamb,2016-17,6511628,CHA
Jeremy Lin,2016-17,11483254,NJN
Jerian Grant,2016-17,1643040,CHI
Jerryd Bayless,2016-17,9424084,PHI
Jimmy Butler,2016-17,17552209,CHI
Joakim Noah,2016-17,17000000,NYK
Jodie Meeks,2016-17,6540000,ORL
Joe Harris,2016-17,980431,NJN
Joe Ingles,2016-17,2250000,UTA
Joe Johnson,2016-17,11000000,UTA
Joe Young,2016-17,1052342,IND
Joel Anthony,2016-17,663810,SAS
Joel Bolomboy,2016-17,600000,UTA
Joel Embiid,2016-17,4826160,PHI
Joffrey Lauvergne,2016-17,1709720,CHI
John Henson,2016-17,12517606,MIL
John Jenkins,2016-17,469841,PHO
John Lucas III,2016-17,635753,MIN
John Wall,2016-17,16957900,WAS
Johnny O\'Bryant,2016-17,115344,DEN
Jon Leuer,2016-17,10991957,DET
Jonas Jerebko,2016-17,5000000,BOS
Jonas Valanciunas,2016-17,14382022,TOR
Jonathan Gibson,2016-17,680937,DAL
Jonathon Simmons,2016-17,874636,SAS
Jordan Adams,2016-17,1465080,MEM
Jordan Clarkson,2016-17,12500000,LAL
Jordan Crawford,2016-17,234915,NOH
Jordan Farmar,2016-17,82979,SAC
Jordan Hill,2016-17,3911380,MIN
Jordan McRae,2016-17,874636,CLE
Jordan Mickey,2016-17,1223653,BOS
Jose Calderon,2016-17,7708427,LAL
Josh Huestis,2016-17,1191480,OKC
Josh McRoberts,2016-17,5782450,MIA
Josh Richardson,2016-17,874636,MIA
Josh Smith,2016-17,5400000,DET
Jrue Holiday,2016-17,11286518,NOH
Juan Hernangomez,2016-17,1987440,DEN
Julius Randle,2016-17,3267120,LAL
Julyan Stone,2016-17,50000,IND
Justin Anderson,2016-17,1514160,PHI
Justin Hamilton,2016-17,3000000,NJN
Justin Harper,2016-17,57672,PHI
Justin Holiday,2016-17,1015696,NYK
Justise Winslow,2016-17,2593440,MIA
Jusuf Nurkic,2016-17,1921320,POR
K.J. McDaniels,2016-17,3333333,NJN
Kaleb Tarczewski,2016-17,75000,OKC
Karl-Anthony Towns,2016-17,5960160,MIN
Kawhi Leonard,2016-17,17638063,SAS
Kay Felder,2016-17,543471,CLE
Keith Benson,2016-17,75000,MIA
Kelly Olynyk,2016-17,3094014,BOS
Kelly Oubre,2016-17,2006640,WAS
Kemba Walker,2016-17,12000000,CHA
Kenneth Faried,2016-17,12078652,DEN
Kent Bazemore,2016-17,15730338,ATL
Kentavious Caldwell-Pope,2016-17,3678319,DET
Kevin Durant,2016-17,26540100,GSW
Kevin Garnett,2016-17,8000000,MIN
Kevin Love,2016-17,21165675,CLE
Kevin Martin,2016-17,1360305,MIN
Kevin Seraphin,2016-17,1800000,IND
Kevon Looney,2016-17,1182840,GSW
Khris Middleton,2016-17,15200000,MIL
Klay Thompson,2016-17,16663575,GSW
Kosta Koufos,2016-17,8046500,SAC
Kris Dunn,2016-17,3872520,MIN
Kris Humphries,2016-17,4000000,ATL
Kristaps Porzingis,2016-17,4317720,NYK
Kyle Anderson,2016-17,1192080,SAS
Kyle Collinsworth,2016-17,70000,DAL
Kyle Korver,2016-17,5239437,CLE
Kyle Lowry,2016-17,12000000,TOR
Kyle O\'Quinn,2016-17,3900000,NYK
Kyle Singler,2016-17,4837500,OKC
Kyrie Irving,2016-17,17638063,CLE
LaMarcus Aldridge,2016-17,20575005,SAS
Lamar Patterson,2016-17,100000,SAC
Lance Stephenson,2016-17,1227286,NOH
Lance Thomas,2016-17,6191000,NYK
Langston Galloway,2016-17,5200000,SAC
Larry Nance Jr.,2016-17,1207680,LAL
Larry Sanders,2016-17,1865547,MIL
Lavoy Allen,2016-17,4000000,IND
LeBron James,2016-17,30963450,CLE
Leandro Barbosa,2016-17,4000000,PHO
Livio Jean-Charles,2016-17,1188840,SAS
Lou Amundson,2016-17,1551659,NYK
Lou Williams,2016-17,7000000,HOU
Luc Mbah a Moute,2016-17,2203000,LAC
Lucas Nogueira,2016-17,1921320,TOR
Luis Scola,2016-17,5000000,NJN
Luke Babbitt,2016-17,1227000,MIA
Luol Deng,2016-17,18000000,LAL
Malachi Richardson,2016-17,1439880,SAC
Malcolm Brogdon,2016-17,925000,MIL
Malcolm Delaney,2016-17,2500000,ATL
Malik Beasley,2016-17,1627320,DEN
Manny Harris,2016-17,119494,DAL
Manu Ginobili,2016-17,14000000,SAS
Marc Gasol,2016-17,21165675,MEM
Marcelo Huertas,2016-17,1500000,HOU
Marcin Gortat,2016-17,12000000,WAS
Marco Belinelli,2016-17,6333333,CHA
Marcus Georges-Hunt,2016-17,31969,ORL
Marcus Morris,2016-17,4625000,DET
Marcus Paige,2016-17,125000,UTA
Marcus Smart,2016-17,3578880,BOS
Marcus Thornton,2016-17,1315448,NJN
Mario Hezonja,2016-17,3909840,ORL
Markieff Morris,2016-17,7400000,WAS
Marquese Chriss,2016-17,2941440,PHO
Marreese Speights,2016-17,1403611,LAC
Marshall Plumlee,2016-17,543471,NYK
Martell Webster,2016-17,830000,WAS
Marvin Williams,2016-17,12250000,CHA
Mason Plumlee,2016-17,2328530,DEN
Matt Barnes,2016-17,6125000,SAC
Matt Costello,2016-17,31500,MEM
Matthew Dellavedova,2016-17,9607500,MIL
Maurice Harkless,2016-17,8988764,POR
Maurice Ndour,2016-17,543471,NYK
Metta World Peace,2016-17,1551659,LAL
Meyers Leonard,2016-17,9213484,POR
Michael Beasley,2016-17,777777,PHO
Michael Carter-Williams,2016-17,3183526,CHI
Michael Gbinije,2016-17,650000,DET
Michael Kidd-Gilchrist,2016-17,13000000,CHA
Mike Conley,2016-17,26540100,MEM
Mike Dunleavy,2016-17,4837500,ATL
Mike Miller,2016-17,3500000,DEN
Mike Muscala,2016-17,1015696,ATL
Mike Scott,2016-17,3333334,PHO
Mike Tobey,2016-17,138938,CHA
Miles Plumlee,2016-17,12500000,MIL
Mindaugas Kuzminskas,2016-17,2898000,NYK
Miroslav Raduljica,2016-17,300000,LAC
Mirza Teletovic,2016-17,10500000,MIL
Mitch McGary,2016-17,1526040,OKC
Mo Williams,2016-17,2200000,DEN
Monta Ellis,2016-17,10770000,IND
Montrezl Harrell,2016-17,1045000,HOU
Myles Turner,2016-17,2463840,IND
Nate Wolters,2016-17,50000,DEN
Nemanja Bjelica,2016-17,3800000,MIN
Nene Hilario,2016-17,2898000,HOU
Nerlens Noel,2016-17,4384490,DAL
Nick Collison,2016-17,3750000,OKC
Nick Johnson,2016-17,980431,DEN
Nick Young,2016-17,5443918,LAL
Nick Zeisloft,2016-17,25000,IND
Nicolas Batum,2016-17,20869566,CHA
Nicolas Brussino,2016-17,543471,DAL
Nicolas Laprovittola,2016-17,210995,SAS
Nik Stauskas,2016-17,2993040,PHI
Nikola Jokic,2016-17,1358500,DEN
Nikola Jovanovic,2016-17,30000,DET
Nikola Mirotic,2016-17,5782450,CHI
Nikola Pekovic,2016-17,12100000,MIN
Nikola Vucevic,2016-17,11750000,ORL
Noah Vonleh,2016-17,2751360,POR
Norman Powell,2016-17,874636,TOR
Norris Cole,2016-17,247991,OKC
Okaro White,2016-17,374933,MIA
Omer Asik,2016-17,9904494,NOH
Omri Casspi,2016-17,3000000,NOH
Otto Porter,2016-17,5893981,WAS
P.J. Hairston,2016-17,11534,HOU
P.J. Tucker,2016-17,5300000,TOR
Pablo Prigioni,2016-17,1050961,HOU
Pascal Siakam,2016-17,1196040,TOR
Pat Connaughton,2016-17,874636,POR
Patricio Garino,2016-17,100000,SAS
Patrick Beverley,2016-17,6000000,HOU
Patrick McCaw,2016-17,543471,GSW
Patrick Patterson,2016-17,6050000,TOR
Patty Mills,2016-17,3578948,SAS
Pau Gasol,2016-17,15500000,SAS
Paul George,2016-17,18314532,IND
Paul Millsap,2016-17,20072033,ATL
Paul Pierce,2016-17,3500000,LAC
Paul Zipser,2016-17,750000,CHI
Phil Pressey,2016-17,35000,GSW
Pierre Jackson,2016-17,105498,DAL
Prince Ibeh,2016-17,31969,NJN
Quincy Acy,2016-17,1914544,NJN
Quincy Ford,2016-17,75000,UTA
Quincy Pondexter,2016-17,3617978,NOH
Quinn Cook,2016-17,79922,NOH
R.J. Hunter,2016-17,425000,CHI
Rajon Rondo,2016-17,14000000,CHI
Rakeem Christmas,2016-17,1052342,IND
Ramon Sessions,2016-17,6000000,CHA
Randy Foye,2016-17,2500000,NJN
Rashad Vaughn,2016-17,1811040,MIL
Raul Neto,2016-17,937800,UTA
Ray McCallum,2016-17,11949,DET
Raymond Felton,2016-17,1551659,LAC
Reggie Bullock,2016-17,2255644,DET
Reggie Jackson,2016-17,14956522,DET
Reggie Williams,2016-17,50000,OKC
Richard Jefferson,2016-17,2500000,CLE
Richaun Holmes,2016-17,1025831,PHI
Ricky Rubio,2016-17,13550000,MIN
Robbie Hummel,2016-17,150000,DEN
Robert Covington,2016-17,1015696,PHI
Robin Lopez,2016-17,13219250,CHI
Rodney Hood,2016-17,1406520,UTA
Rodney McGruder,2016-17,543471,MIA
Rodney Stuckey,2016-17,7000000,IND
Ron Baker,2016-17,543471,NYK
Rondae Hollis-Jefferson,2016-17,1395600,NJN
Ronnie Price,2016-17,465143,PHO
Roy Hibbert,2016-17,5000000,DEN
Rudy Gay,2016-17,13333333,SAC
Rudy Gobert,2016-17,2121288,UTA
Russell Westbrook,2016-17,26540100,OKC
Ryan Anderson,2016-17,18735364,HOU
Ryan Arcidiacono,2016-17,75000,SAS
Ryan Kelly,2016-17,418228,ATL
Salah Mejri,2016-17,874636,DAL
Sam Dekker,2016-17,1720560,HOU
Sasha Kaun,2016-17,1333420,PHI
Sasha Vujacic,2016-17,1410598,NYK
Scott Wood,2016-17,50000,GSW
Sean Kilpatrick,2016-17,980431,NJN
Semaj Christon,2016-17,543471,OKC
Serge Ibaka,2016-17,12250000,TOR
Sergio Rodriguez,2016-17,8000000,PHI
Seth Curry,2016-17,2898000,DAL
Shabazz Muhammad,2016-17,3046299,MIN
Shabazz Napier,2016-17,1350120,POR
Shaun Livingston,2016-17,5782450,GSW
Shawn Long,2016-17,96969,PHI
Sheldon McClellan,2016-17,543471,WAS
Shelvin Mack,2016-17,2433334,UTA
Skal Labissiere,2016-17,1188840,SAC
Solomon Hill,2016-17,11241218,NOH
Spencer Dinwiddie,2016-17,726672,NJN
Spencer Hawes,2016-17,6348759,MIL
Stanley Johnson,2016-17,2969880,DET
Stefan Jankovic,2016-17,100000,MIA
Stephen Curry,2016-17,12112359,GSW
Stephen Zimmerman,2016-17,950000,ORL
Steve Novak,2016-17,1551659,MIL
Steven Adams,2016-17,3140517,OKC
T.J. McConnell,2016-17,874636,PHI
T.J. Warren,2016-17,2128920,PHO
Taj Gibson,2016-17,8950000,OKC
Tarik Black,2016-17,6191000,LAL
Taurean Waller-Prince,2016-17,2318280,ATL
Terrence Jones,2016-17,1050961,NOH
Terrence Ross,2016-17,10000000,ORL
Terry Rozier,2016-17,1906440,BOS
Thabo Sefolosha,2016-17,3850000,ATL
Thaddeus Young,2016-17,14153652,IND
Thomas Robinson,2016-17,1050961,LAL
Thomas Walkup,2016-17,69500,CHI
Thon Maker,2016-17,2568600,MIL
Tiago Splitter,2016-17,8550000,PHI
Tibor Pleiss,2016-17,3000000,PHI
Tim Duncan,2016-17,1881250,SAS
Tim Frazier,2016-17,2090000,NOH
Tim Hardaway,2016-17,2281605,ATL
Timofey Mozgov,2016-17,16000000,LAL
Timothe Luwawu-Cabarrot,2016-17,1326960,PHI
Tobias Harris,2016-17,17200000,DET
Tomas Satoransky,2016-17,2870813,WAS
Toney Douglas,2016-17,603558,MEM
Tony Allen,2016-17,5505618,MEM
Tony Parker,2016-17,14445313,SAS
Tony Snell,2016-17,2368327,MIL
Tony Wroten,2016-17,25000,MEM
Treveon Graham,2016-17,543471,CHA
Trevor Ariza,2016-17,7806971,HOU
Trevor Booker,2016-17,9250000,NJN
Trey Burke,2016-17,3386598,WAS
Trey Lyles,2016-17,2340600,UTA
Tristan Thompson,2016-17,15330435,CLE
Troy Daniels,2016-17,3332940,MEM
Troy Williams,2016-17,543471,MEM
Ty Lawson,2016-17,1315448,SAC
Tyler Ennis,2016-17,1733880,LAL
Tyler Johnson,2016-17,5628000,MIA
Tyler Ulis,2016-17,918369,PHO
Tyler Zeller,2016-17,8000000,BOS
Tyreke Evans,2016-17,10661286,SAC
Tyson Chandler,2016-17,12415000,PHO
Tyus Jones,2016-17,1339680,MIN
Udonis Haslem,2016-17,4000000,MIA
Victor Oladipo,2016-17,6552960,OKC
Vince Carter,2016-17,4264057,MEM
Wade Baldwin,2016-17,1793760,MEM
Wayne Ellington,2016-17,923670,SAC
Wayne Selden,2016-17,31969,NOH
Wesley Johnson,2016-17,5628000,LAC
Wesley Matthews,2016-17,17100000,DAL
Will Barton,2016-17,3533333,DEN
Willie Cauley-Stein,2016-17,3551160,SAC
Willie Reed,2016-17,1015696,MIA
Willy Hernangomez,2016-17,1375000,NYK
Wilson Chandler,2016-17,11200000,DEN
Yanick Moreira,2016-17,50000,TOR
Yi Jianlian,2016-17,250000,LAL
Yogi Ferrell,2016-17,202300,NJN
Zach Auguste,2016-17,60000,LAL
Zach LaVine,2016-17,2240880,MIN
Zach Randolph,2016-17,10361445,MEM
Zaza Pachulia,2016-17,2898000,GSW
A.J. Hammons,2017-18,1312611,MIA
Aaron Brooks,2017-18,2116955,MIN
Aaron Gordon,2017-18,5504420,ORL
Aaron Gray,2017-18,452059,DET
Abdel Nader,2017-18,1167333,BOS
Al Horford,2017-18,27734405,BOS
Al Jefferson,2017-18,9769821,IND
Al-Farouq Aminu,2017-18,7319035,POR
Alan Williams,2017-18,6000000,PHO
Alec Burks,2017-18,10845506,UTA
Alex Abrines,2017-18,5725000,OKC
Alex Len,2017-18,4187599,PHO
Alexis Ajinca,2017-18,4961798,NOH
Alfonzo McKinnie,2017-18,815615,TOR
Allen Crabbe,2017-18,19332500,NJN
Amir Johnson,2017-18,11000000,PHI
Anderson Varejao,2017-18,1913345,POR
Andre Drummond,2017-18,23775506,DET
Andre Iguodala,2017-18,14814815,GSW
Andre Roberson,2017-18,9259259,OKC
Andrew Bogut,2017-18,2328652,LAL
Andrew Harrison,2017-18,1312611,MEM
Andrew Nicholson,2017-18,2844429,POR
Andrew Wiggins,2017-18,7574322,MIN
Ante Zizic,2017-18,1645200,CLE
Anthony Davis,2017-18,23775506,NOH
Anthony Tolliver,2017-18,2000000,SAC
Aron Baynes,2017-18,4328000,BOS
Arron Afflalo,2017-18,1500000,SAC
Austin Rivers,2017-18,11825000,LAC
Avery Bradley,2017-18,8808989,DET
Axel Toupane,2017-18,25000,NOH
Bam Adebayo,2017-18,2490360,MIA
Ben McLemore,2017-18,5200000,MEM
Ben Simmons,2017-18,6168840,PHI
Beno Udrih,2017-18,25000,DET
Bismack Biyombo,2017-18,17000000,ORL
Blake Griffin,2017-18,29512900,LAC
Boban Marjanovic,2017-18,7000000,DET
Bobby Brown,2017-18,1524305,HOU
Bobby Portis,2017-18,1516320,CHI
Bogdan Bogdanovic,2017-18,9470614,SAC
Bojan Bogdanovic,2017-18,10500000,IND
Bradley Beal,2017-18,23775506,WAS
Brandan Wright,2017-18,5955760,MEM
Brandon Ingram,2017-18,5519400,LAL
Brandon Knight,2017-18,13618750,PHO
Brandon Paul,2017-18,815615,SAS
Briante Weber,2017-18,50000,LAL
Brice Johnson,2017-18,1331160,LAC
Brook Lopez,2017-18,22642350,LAL
Bruno Caboclo,2017-18,2451225,TOR
Bryn Forbes,2017-18,1312611,SAS
Buddy Hield,2017-18,3675480,SAC
C.J. McCollum,2017-18,23962573,POR
C.J. Miles,2017-18,7936509,TOR
C.J. Watson,2017-18,333334,ORL
Caleb Swanigan,2017-18,1465920,POR
Cameron Oliver,2017-18,300000,HOU
Cameron Payne,2017-18,2203440,CHI
Caris LeVert,2017-18,1632480,NJN
Carlos Delfino,2017-18,650000,LAC
Carmelo Anthony,2017-18,26243760,OKC
Caron Butler,2017-18,517220,SAC
Carrick Felix,2017-18,140902,WAS
Cedi Osman,2017-18,2642857,CLE
Chandler Parsons,2017-18,23112004,MEM
Channing Frye,2017-18,7420912,CLE
Chasson Randle,2017-18,1312611,NYK
Cheick Diallo,2017-18,1312611,NOH
Chinanu Onuaku,2017-18,1312611,HOU
Chris Bosh,2017-18,25289390,MIA
Chris Johnson,2017-18,25000,HOU
Chris McCullough,2017-18,1471382,WAS
Chris Paul,2017-18,24599495,HOU
Clint Capela,2017-18,2334520,HOU
Cody Zeller,2017-18,12584270,CHA
Cole Aldrich,2017-18,7300000,MIN
Corey Brewer,2017-18,7579366,LAL
Cory Joseph,2017-18,7630000,IND
Courtney Lee,2017-18,11747890,NYK
Cristiano Felicio,2017-18,7843500,CHI
D.J. Augustin,2017-18,7250000,ORL
D.J. Wilson,2017-18,2135040,MIL
D\'Angelo Russell,2017-18,5562360,NJN
Dakari Johnson,2017-18,815615,OKC
Damian Jones,2017-18,1312611,GSW
Damian Lillard,2017-18,26153057,POR
Damien Wilkins,2017-18,2116955,IND
Damyean Dotson,2017-18,1100000,NYK
Daniel Ochefu,2017-18,50000,WAS
Daniel Theis,2017-18,815615,BOS
Danilo Gallinari,2017-18,20559599,LAC
Danny Green,2017-18,10000000,SAS
Dante Cunningham,2017-18,2300000,NOH
Dante Exum,2017-18,4992385,UTA
Dario Saric,2017-18,2422560,PHI
Darius Miller,2017-18,2100000,NOH
Darrell Arthur,2017-18,7464912,DEN
Darren Collison,2017-18,10000000,IND
David Nwaba,2017-18,1312611,CHI
David West,2017-18,2328652,GSW
Davis Bertans,2017-18,1312611,SAS
Davon Reed,2017-18,815615,PHO
DeAndre Jordan,2017-18,22642350,LAC
DeAndre Liggins,2017-18,1577230,MIL
DeAndre\' Bembry,2017-18,1567200,ATL
DeMar DeRozan,2017-18,27739975,TOR
DeMarcus Cousins,2017-18,18063850,NOH
DeMarre Carroll,2017-18,14800000,NJN
De\'Aaron Fox,2017-18,4609200,SAC
Dejounte Murray,2017-18,1312611,SAS
Delon Wright,2017-18,1645200,TOR
Demetrius Jackson,2017-18,92858,BOS
Dennis Schroder,2017-18,15500000,ATL
Dennis Smith,2017-18,3218280,DAL
Denzel Valentine,2017-18,2186400,CHI
Deron Williams,2017-18,5500000,NJN
Derrick Favors,2017-18,12000000,UTA
Derrick Jones,2017-18,1312611,PHO
Derrick Rose,2017-18,2116955,CLE
Derrick White,2017-18,1404600,SAS
Devin Booker,2017-18,2319360,PHO
Devin Harris,2017-18,4402546,DAL
Dewayne Dedmon,2017-18,6000000,ATL
Deyonta Davis,2017-18,1312611,MEM
Diamond Stone,2017-18,50000,CHI
Dillon Brooks,2017-18,815615,MEM
Dion Waiters,2017-18,11000000,MIA
Dirk Nowitzki,2017-18,5000000,DAL
Domantas Sabonis,2017-18,2550000,IND
Donovan Mitchell,2017-18,2621280,UTA
Dorian Finney-Smith,2017-18,1312611,DAL
Doug McDermott,2017-18,3294994,NYK
Dragan Bender,2017-18,4468800,PHO
Draymond Green,2017-18,16400000,GSW
Dwayne Bacon,2017-18,815615,CHA
Dwight Howard,2017-18,23500000,CHA
Dwight Powell,2017-18,9003125,DAL
Dwyane Wade,2017-18,2328652,CLE
E\'Twaun Moore,2017-18,8445024,NOH
Ed Davis,2017-18,6352531,POR
Ekpe Udoh,2017-18,3200000,UTA
Elfrid Payton,2017-18,3332340,ORL
Emmanuel Mudiay,2017-18,3381480,DEN
Enes Kanter,2017-18,20566802,NYK
Eric Bledsoe,2017-18,14500000,MIL
Eric Gordon,2017-18,12943020,HOU
Eric Moreland,2017-18,1739333,DET
Ersan Ilyasova,2017-18,6000000,ATL
Evan Fournier,2017-18,17000000,ORL
Evan Turner,2017-18,17131148,POR
Festus Ezeli,2017-18,333334,POR
Frank Jackson,2017-18,815615,NOH
Frank Kaminsky,2017-18,2847600,CHA
Frank Mason,2017-18,1184385,SAC
Frank Ntilikina,2017-18,3501120,NYK
Fred VanVleet,2017-18,1312611,TOR
Furkan Korkmaz,2017-18,1465920,PHI
Gal Mekel,2017-18,315760,DAL
Garrett Temple,2017-18,8000000,SAC
Gary Harris,2017-18,2550055,DEN
George Hill,2017-18,20000000,SAC
Georges Niang,2017-18,100000,IND
Georgios Papagiannis,2017-18,2301360,SAC
Gerald Henderson,2017-18,1000000,PHI
Gian Clavell,2017-18,50000,DAL
Giannis Antetokounmpo,2017-18,22471910,MIL
Glenn Robinson,2017-18,1524305,IND
Goran Dragic,2017-18,17000450,MIA
Gordon Hayward,2017-18,29727900,BOS
Gorgui Dieng,2017-18,14112360,MIN
Greg Monroe,2017-18,17884176,PHO
Guerschon Yabusele,2017-18,2247480,BOS
Harrison Barnes,2017-18,23112004,DAL
Harry Giles,2017-18,1859400,SAC
Hassan Whiteside,2017-18,23775506,MIA
Henry Ellenson,2017-18,1780800,DET
Ian Clark,2017-18,1577230,NOH
Ian Mahinmi,2017-18,16661641,WAS
Ike Anigbogu,2017-18,950000,IND
Iman Shumpert,2017-18,10337079,CLE
Isaiah Canaan,2017-18,53465,HOU
Isaiah Taylor,2017-18,1312611,ATL
Isaiah Thomas,2017-18,6261395,CLE
Isaiah Whitehead,2017-18,1312611,NJN
Ish Smith,2017-18,6000000,DET
Ivan Rabb,2017-18,950000,MEM
Ivica Zubac,2017-18,1312611,LAL
J.J. Barea,2017-18,3903900,DAL
J.J. Redick,2017-18,23000000,PHI
J.R. Smith,2017-18,13760000,CLE
JaMychal Green,2017-18,8533333,MEM
JaVale McGee,2017-18,2116955,GSW
Jabari Parker,2017-18,6782392,MIL
Jae Crowder,2017-18,6796117,CLE
Jahlil Okafor,2017-18,4995120,PHI
Jake Layman,2017-18,1312611,POR
Jakob Poeltl,2017-18,2825640,TOR
Jalen Moore,2017-18,50000,MIL
Jamal Crawford,2017-18,4328000,MIN
Jamal Murray,2017-18,3355320,DEN
Jameer Nelson,2017-18,2262871,NOH
James Ennis,2017-18,3028410,MEM
James Harden,2017-18,28299399,HOU
James Johnson,2017-18,13954000,MIA
Jared Dudley,2017-18,10000000,PHO
Jarell Eddie,2017-18,17224,CHI
Jarell Martin,2017-18,1471382,MEM
Jarrett Allen,2017-18,1713720,NJN
Jarrett Jack,2017-18,2328652,NYK
Jason Smith,2017-18,5225000,WAS
Jason Terry,2017-18,2328652,MIL
Jason Thompson,2017-18,945126,GSW
Jawun Evans,2017-18,815615,LAC
Jaylen Brown,2017-18,4956480,BOS
Jayson Tatum,2017-18,5645400,BOS
Jeff Green,2017-18,2116955,CLE
Jeff Teague,2017-18,19000000,MIN
Jeff Withey,2017-18,1577320,DAL
Jerami Grant,2017-18,1524305,OKC
Jeremy Evans,2017-18,50000,ATL
Jeremy Lamb,2017-18,7000000,CHA
Jeremy Lin,2017-18,12000000,NJN
Jerian Grant,2017-18,1713840,CHI
Jerryd Bayless,2017-18,9000000,PHI
Jimmy Butler,2017-18,19301070,MIN
Joakim Noah,2017-18,17765000,NYK
Jodie Meeks,2017-18,3290000,WAS
Joe Harris,2017-18,1524305,NJN
Joe Ingles,2017-18,14136364,UTA
Joe Johnson,2017-18,10505000,UTA
Joe Young,2017-18,1471382,IND
Joel Bolomboy,2017-18,1312611,UTA
Joel Embiid,2017-18,6100266,PHI
Joffrey Lauvergne,2017-18,1524305,SAS
John Collins,2017-18,1936920,ATL
John Henson,2017-18,11422536,MIL
John Wall,2017-18,18063850,WAS
Johnny O\'Bryant,2017-18,1524305,CHA
Jon Leuer,2017-18,10497319,DET
Jonas Jerebko,2017-18,4000000,UTA
Jonas Valanciunas,2017-18,15460675,TOR
Jonathan Isaac,2017-18,4186320,ORL
Jonathon Simmons,2017-18,6300000,ORL
Jordan Bell,2017-18,815615,GSW
Jordan Clarkson,2017-18,11562500,LAL
Jordan Crawford,2017-18,250000,NOH
Jordan Farmar,2017-18,510921,LAC
Jordan Mickey,2017-18,1471382,MIA
Jose Calderon,2017-18,2328652,CLE
Josh Hart,2017-18,1394520,LAL
Josh Huestis,2017-18,1471382,OKC
Josh Jackson,2017-18,5090040,PHO
Josh McRoberts,2017-18,6021175,DAL
Josh Richardson,2017-18,1471382,MIA
Josh Smith,2017-18,2183934,NOH
Jrue Holiday,2017-18,25686667,NOH
Juan Hernangomez,2017-18,2076840,DEN
Julius Randle,2017-18,4149242,LAL
Julyan Stone,2017-18,1524305,CHA
Justin Anderson,2017-18,1579440,PHI
Justin Hamilton,2017-18,1000000,TOR
Justin Holiday,2017-18,4615385,CHI
Justin Jackson,2017-18,2365560,SAC
Justin Patton,2017-18,2247480,MIN
Justise Winslow,2017-18,2705040,MIA
Jusuf Nurkic,2017-18,2947305,POR
K.J. McDaniels,2017-18,100000,TOR
Karl-Anthony Towns,2017-18,6216840,MIN
Kawhi Leonard,2017-18,18868625,SAS
Kay Felder,2017-18,1312611,CHI
Kelly Olynyk,2017-18,10607169,MIA
Kelly Oubre,2017-18,2093040,WAS
Kemba Walker,2017-18,12000000,CHA
Kenneth Faried,2017-18,12921348,DEN
Kent Bazemore,2017-18,16910113,ATL
Kentavious Caldwell-Pope,2017-18,17745894,LAL
Kevin Durant,2017-18,25000000,GSW
Kevin Love,2017-18,22642350,CLE
Kevin Martin,2017-18,1360305,MIN
Kevon Looney,2017-18,1471382,GSW
Khem Birch,2017-18,815615,ORL
Khris Middleton,2017-18,14100000,MIL
Klay Thompson,2017-18,17826150,GSW
Kosta Koufos,2017-18,8393000,SAC
Kris Dunn,2017-18,4046760,CHI
Kristaps Porzingis,2017-18,4503600,NYK
Kyle Anderson,2017-18,2151704,SAS
Kyle Korver,2017-18,7000000,CLE
Kyle Kuzma,2017-18,1423560,LAL
Kyle Lowry,2017-18,28703704,TOR
Kyle O\'Quinn,2017-18,4087500,NYK
Kyle Singler,2017-18,4666500,OKC
Kyrie Irving,2017-18,18868625,BOS
LaMarcus Aldridge,2017-18,21461010,SAS
Lance Stephenson,2017-18,4180000,IND
Lance Thomas,2017-18,6655325,NYK
Langston Galloway,2017-18,6666667,DET
Larry Nance,2017-18,1471382,LAL
Larry Sanders,2017-18,1865547,MIL
Lauri Markkanen,2017-18,3821640,CHI
LeBron James,2017-18,33285709,CLE
Leandro Barbosa,2017-18,500000,PHO
Livio Jean-Charles,2017-18,1035200,SAS
Lonzo Ball,2017-18,6286560,LAL
Lou Williams,2017-18,7000000,LAC
Luc Mbah a Moute,2017-18,2116955,HOU
Lucas Nogueira,2017-18,2947305,TOR
Luke Babbitt,2017-18,1974159,ATL
Luke Kennard,2017-18,2759280,DET
Luol Deng,2017-18,17190000,LAL
Malachi Richardson,2017-18,1504560,SAC
Malcolm Brogdon,2017-18,1312611,MIL
Malcolm Delaney,2017-18,2500000,ATL
Malik Beasley,2017-18,1700640,DEN
Malik Monk,2017-18,2904480,CHA
Manu Ginobili,2017-18,2500000,SAS
Marc Gasol,2017-18,22642350,MEM
Marcin Gortat,2017-18,12782609,WAS
Marco Belinelli,2017-18,6606060,ATL
Marcus Georges-Hunt,2017-18,1312611,MIN
Marcus Morris,2017-18,5000000,BOS
Marcus Smart,2017-18,4538020,BOS
Mario Chalmers,2017-18,2106407,MEM
Mario Hezonja,2017-18,4078320,ORL
Markelle Fultz,2017-18,7026240,PHI
Markieff Morris,2017-18,8000000,WAS
Marquese Chriss,2017-18,3073800,PHO
Marreese Speights,2017-18,2116955,ORL
Marshall Plumlee,2017-18,100000,NYK
Martell Webster,2017-18,830000,WAS
Marvin Williams,2017-18,13168750,CHA
Mason Plumlee,2017-18,14041096,DEN
Matt Barnes,2017-18,2133542,SAC
Matthew Dellavedova,2017-18,9607500,MIL
Maurice Harkless,2017-18,10162922,POR
Maxi Kleber,2017-18,815615,DAL
Meyers Leonard,2017-18,9904495,POR
Michael Beasley,2017-18,2116955,NYK
Michael Carter-Williams,2017-18,2700000,CHA
Michael Gbinije,2017-18,500000,DET
Michael Kidd-Gilchrist,2017-18,13000000,CHA
Mike Conley,2017-18,28530608,MEM
Mike Dunleavy,2017-18,1662500,ATL
Mike Muscala,2017-18,5000000,ATL
Mike Scott,2017-18,1709538,WAS
Miles Plumlee,2017-18,12500000,ATL
Milos Teodosic,2017-18,6000000,LAC
Mindaugas Kuzminskas,2017-18,3025035,NYK
Miroslav Raduljica,2017-18,300000,LAC
Mirza Teletovic,2017-18,10500000,MIL
Monta Ellis,2017-18,2245400,IND
Montrezl Harrell,2017-18,1471382,LAC
Myles Turner,2017-18,2569920,IND
Nemanja Bjelica,2017-18,3949999,MIN
Nene Hilario,2017-18,3477600,HOU
Nerlens Noel,2017-18,4187599,DAL
Nick Collison,2017-18,2328652,OKC
Nick Young,2017-18,5192000,GSW
Nicolas Batum,2017-18,22434783,CHA
Nicolas Brussino,2017-18,1312611,ATL
Nigel Hayes,2017-18,50000,NYK
Nik Stauskas,2017-18,3807146,PHI
Nikola Jokic,2017-18,1471382,DEN
Nikola Mirotic,2017-18,12500000,CHI
Nikola Pekovic,2017-18,11600000,MIN
Nikola Vucevic,2017-18,12250000,ORL
Noah Vonleh,2017-18,3505233,POR
Norman Powell,2017-18,1471382,TOR
OG Anunoby,2017-18,1645200,TOR
Okaro White,2017-18,1312611,MIA
Omer Asik,2017-18,10595505,NOH
Omri Casspi,2017-18,2106470,GSW
Otto Porter,2017-18,24773250,WAS
P.J. Tucker,2017-18,7590035,HOU
Pascal Siakam,2017-18,1312611,TOR
Pat Connaughton,2017-18,1471382,POR
Patrick Beverley,2017-18,5513514,LAC
Patrick McCaw,2017-18,1312611,GSW
Patrick Patterson,2017-18,5192000,OKC
Patty Mills,2017-18,10714286,SAS
Pau Gasol,2017-18,16000000,SAS
Paul George,2017-18,19508958,OKC
Paul Millsap,2017-18,31269231,DEN
Paul Pierce,2017-18,1096080,LAC
Paul Zipser,2017-18,1312611,CHI
Quincy Acy,2017-18,1709538,NJN
Quincy Pondexter,2017-18,3853931,CHI
Quinn Cook,2017-18,25000,NOH
Rade Zagorac,2017-18,950000,MEM
Rajon Rondo,2017-18,3300000,NOH
Rakeem Christmas,2017-18,172552,IND
Ramon Sessions,2017-18,2328652,NYK
Rashad Vaughn,2017-18,1889040,MIL
Raul Neto,2017-18,1471382,UTA
Raymond Felton,2017-18,2328652,OKC
Reggie Bullock,2017-18,2500000,DET
Reggie Jackson,2017-18,16000000,DET
Richard Jefferson,2017-18,2328652,DEN
Richaun Holmes,2017-18,1471382,PHI
Ricky Rubio,2017-18,14275000,UTA
Robert Covington,2017-18,16698103,PHI
Robin Lopez,2017-18,13788500,CHI
Rodney Hood,2017-18,2386864,UTA
Rodney McGruder,2017-18,1312611,MIA
Ron Baker,2017-18,4328000,NYK
Rondae Hollis-Jefferson,2017-18,1471382,NJN
Ronnie Price,2017-18,2442455,OKC
Royce O\'Neale,2017-18,815615,UTA
Rudy Gay,2017-18,8406000,SAS
Rudy Gobert,2017-18,21974719,UTA
Russell Westbrook,2017-18,28530608,OKC
Ryan Anderson,2017-18,19578455,HOU
Salah Mejri,2017-18,1471382,DAL
Sam Dekker,2017-18,1794600,LAC
Sean Kilpatrick,2017-18,1524305,NJN
Semi Ojeleye,2017-18,1291892,BOS
Serge Ibaka,2017-18,20061729,TOR
Seth Curry,2017-18,3028410,DAL
Shabazz Muhammad,2017-18,1577230,MIN
Shabazz Napier,2017-18,2361360,POR
Shane Larkin,2017-18,1524305,BOS
Shaun Livingston,2017-18,7692308,GSW
Sheldon Mac,2017-18,1312611,WAS
Shelvin Mack,2017-18,6000000,ORL
Sindarius Thornwell,2017-18,815615,LAC
Skal Labissiere,2017-18,1312611,SAC
Solomon Hill,2017-18,12236535,NOH
Spencer Dinwiddie,2017-18,1524305,NJN
Spencer Hawes,2017-18,6021175,MIL
Stanley Johnson,2017-18,3097800,DET
Stephen Curry,2017-18,34682550,GSW
Stephen Zimmerman,2017-18,1312611,LAL
Sterling Brown,2017-18,815615,MIL
Steven Adams,2017-18,22471910,OKC
T.J. Leaf,2017-18,2028360,IND
T.J. McConnell,2017-18,1471382,PHI
T.J. Warren,2017-18,3152931,PHO
Taj Gibson,2017-18,14000000,MIN
Tarik Black,2017-18,3290000,HOU
Taurean Waller-Prince,2017-18,2422560,ATL
Terrance Ferguson,2017-18,1785000,OKC
Terrence Ross,2017-18,10500000,ORL
Terry Rozier,2017-18,1988520,BOS
Thabo Sefolosha,2017-18,5250000,UTA
Thaddeus Young,2017-18,14796348,IND
Thomas Bryant,2017-18,815615,LAL
Thon Maker,2017-18,2684160,MIL
Tibor Pleiss,2017-18,500000,PHI
Tim Duncan,2017-18,1881250,SAS
Tim Frazier,2017-18,2000000,WAS
Tim Hardaway,2017-18,16500000,NYK
Timofey Mozgov,2017-18,15280000,NJN
Timothe Luwawu-Cabarrot,2017-18,1386600,PHI
Tobias Harris,2017-18,16000000,DET
Tomas Satoransky,2017-18,3000000,WAS
Tony Allen,2017-18,2116955,NOH
Tony Bradley,2017-18,1414920,UTA
Tony Parker,2017-18,15453126,SAS
Tony Snell,2017-18,9821429,MIL
Treveon Graham,2017-18,1312611,CHA
Trevor Ariza,2017-18,7420912,HOU
Trevor Booker,2017-18,9125000,NJN
Trey Lyles,2017-18,2441400,DEN
Tristan Thompson,2017-18,16400000,CLE
Troy Daniels,2017-18,3408520,PHO
Troy Williams,2017-18,1471382,HOU
Tyler Cavanaugh,2017-18,50000,ATL
Tyler Dorsey,2017-18,815615,ATL
Tyler Ennis,2017-18,1524305,LAL
Tyler Johnson,2017-18,5881260,MIA
Tyler Lydon,2017-18,1579440,DEN
Tyler Ulis,2017-18,1312611,PHO
Tyler Zeller,2017-18,1709538,NJN
Tyreke Evans,2017-18,3290000,MEM
Tyson Chandler,2017-18,13000000,PHO
Tyus Jones,2017-18,1471382,MIN
Udonis Haslem,2017-18,2328652,MIA
V.J. Beachem,2017-18,50000,LAL
Vander Blue,2017-18,50000,LAL
Victor Oladipo,2017-18,21000000,IND
Vince Carter,2017-18,8000000,SAC
Wade Baldwin,2017-18,1874400,MEM
Wayne Ellington,2017-18,6270000,MIA
Wayne Selden,2017-18,1312611,MEM
Wesley Iwundu,2017-18,1050000,ORL
Wesley Johnson,2017-18,5881260,LAC
Wesley Matthews,2017-18,17884176,DAL
Will Barton,2017-18,3533333,DEN
Willie Cauley-Stein,2017-18,3704160,SAC
Willie Reed,2017-18,1577230,LAC
Willy Hernangomez,2017-18,1435750,NYK
Wilson Chandler,2017-18,12016854,DEN
Yogi Ferrell,2017-18,1312611,DAL
Zach Collins,2017-18,3057240,POR
Zach LaVine,2017-18,3202217,CHI
Zach Randolph,2017-18,12307692,SAC
Zaza Pachulia,2017-18,3477600,GSW
Zhou Qi,2017-18,815615,HOU
Aaron Gordon,2025-26,22841455,
Aaron Holiday,2025-26,2296274,
Aaron Nesmith,2025-26,11000000,
Aaron Wiggins,2025-26,10102803,
Ace Bailey,2025-26,9069840,
Adamaalpha Bal,2025-26,117045,
Adem Bona,2025-26,1955377,
Adou Thiero,2025-26,1272870,
Aj Green,2025-26,2301587,
Aj Johnson,2025-26,3090480,
Aj Lawson,2025-26,26394,
Ajay Mitchell,2025-26,3000000,
Al Horford,2025-26,5685000,
Alex Caruso,2025-26,18102000,
Alex Sarr,2025-26,11808240,
Alondes Williams,2025-26,131970,
Alperen Åengã¼n,2025-26,33944954,
Amari Williams,2025-26,490128,
Amen Thompson,2025-26,9690600,
Amir Coffey,2025-26,2296274,
Andersson Garcia,2025-26,73153,
Andre Drummond,2025-26,5000000,
Andre Jackson,2025-26,2221677,
Andrew Nembhard,2025-26,18102000,
Andrew Wiggins,2025-26,28223215,
Anfernee Simons,2025-26,27678571,
Anthony Black,2025-26,7970280,
Anthony Davis,2025-26,54126450,
Anthony Edwards,2025-26,45550512,
Anthony Gill,2025-26,2296274,
Ariel Hukporti,2025-26,1955377,
Asa Newell,2025-26,3237480,
Ausar Thompson,2025-26,8775000,
Austin Reaves,2025-26,13937574,
Ayo Dosunmu,2025-26,7518518,
Bam Adebayo,2025-26,37096620,
Baylor Scheierman,2025-26,2619000,
Ben Saraf,2025-26,2884560,
Ben Sheppard,2025-26,2790720,
Bennedict Mathurin,2025-26,9187573,
Bez Mbeng,2025-26,219459,
Bilal Coulibaly,2025-26,7275600,
Bismack Biyombo,2025-26,2296274,
Blake Wesley,2025-26,5643732,
Bobby Portis,2025-26,13445754,
Bobi Klintman,2025-26,1955377,
Bogdan Bogdanoviä,2025-26,16020000,
Bones Hyland,2025-26,2296274,
Bradley Beal,2025-26,24737010,
Brandin Podziemski,2025-26,3687960,
Brandon Clarke,2025-26,12500000,
Brandon Ingram,2025-26,38095238,
Brandon Miller,2025-26,11968800,
Brandon Williams,2025-26,2270735,
Brice Sensabaugh,2025-26,2693760,
Bronny James,2025-26,1955377,
Brook Lopez,2025-26,8750000,
Bruce Brown,2025-26,2296274,
Bryce Mcgowens,2025-26,724598,
Bub Carrington,2025-26,4677600,
Buddy Hield,2025-26,9219512,
Cade Cunningham,2025-26,46394100,
Caleb Houstan,2025-26,699440,
Caleb Martin,2025-26,9594044,
Cam Christie,2025-26,1955377,
Cam Spencer,2025-26,2537989,
Cam Thomas,2025-26,6837779,
Cam Whitmore,2025-26,3539760,
Cameron Johnson,2025-26,21057065,
Cameron Payne,2025-26,712637,
Caris Levert,2025-26,14104000,
Carter Bryant,2025-26,4900320,
Cason Wallace,2025-26,5820240,
Cedric Coward,2025-26,5715120,
Charles Bassey,2025-26,633456,
Chaz Lanier,2025-26,1372870,
Chet Holmgren,2025-26,13731368,
Chris Boucher,2025-26,2296274,
Chris Paul,2025-26,2296274,
Christian Braun,2025-26,4921797,
Christian Koloko,2025-26,263940,
Cj Mccollum,2025-26,30666666,
Clint Capela,2025-26,6700000,
Coby White,2025-26,12888889,
Cody Williams,2025-26,5742480,
Cole Anthony,2025-26,5996274,
Collin Gillespie,2025-26,2296274,
Collin Murrayboyles,2025-26,6332520,
Collin Sexton,2025-26,18975000,
Cooper Flagg,2025-26,13825920,
Corey Kispert,2025-26,13975000,
Craig Porter,2025-26,2221677,
Dalano Banton,2025-26,292233,
Dalen Terry,2025-26,5525049,
Dalton Knecht,2025-26,4010160,
Damian Lillard,2025-26,36620603,
Dangelo Russell,2025-26,5685000,
Daniel Gafford,2025-26,14386320,
Daniss Jenkins,2025-26,3809524,
Danny Wolf,2025-26,2801280,
Dantã© Exum,2025-26,2296274,
Daquan Jeffries,2025-26,131970,
Dario Å Ariä,2025-26,5426400,
Dariq Whitehead,2025-26,3394530,
Darius Garland,2025-26,39446090,
Daron Holmes,2025-26,3218760,
Davion Mitchell,2025-26,11600000,
Dayron Sharpe,2025-26,6250000,
Deaaron Fox,2025-26,37096620,
Dean Wade,2025-26,6623456,
Deandre Ayton,2025-26,33654814,
Deandre Hunter,2025-26,23303571,
Deandre Jordan,2025-26,2269880,
Deanthony Melton,2025-26,3080921,
Dejon Jarreau,2025-26,263940,
Dejounte Murray,2025-26,30801103,
Demar Derozan,2025-26,24570000,
Deni Avdija,2025-26,14375000,
Dennis Schrã¶der,2025-26,14104000,
Dereck Lively,2025-26,5253360,
Derik Queen,2025-26,5157960,
Derrick Jones,2025-26,10000000,
Derrick White,2025-26,28100000,
Desmond Bane,2025-26,36725670,
Devin Booker,2025-26,53142264,
Devin Carter,2025-26,4923720,
Devin Vassell,2025-26,27000000,
Didi Louzada,2025-26,268032,
Dillon Brooks,2025-26,21124110,
Dillon Jones,2025-26,2753280,
Domantas Sabonis,2025-26,42336000,
Dominick Barlow,2025-26,3415000,
Donovan Clingan,2025-26,7178400,
Donovan Mitchell,2025-26,46394100,
Donte Divincenzo,2025-26,11990000,
Dorian Finneysmith,2025-26,12700000,
Doug Mcdermott,2025-26,2296274,
Drake Powell,2025-26,3372240,
Draymond Green,2025-26,25892857,
Drew Eubanks,2025-26,2296274,
Drew Timme,2025-26,1955377,
Dru Smith,2025-26,2378870,
Duncan Robinson,2025-26,16834692,
Duop Reath,2025-26,2221677,
Dwight Powell,2025-26,4000000,
Dylan Harper,2025-26,12370320,
Dyson Daniels,2025-26,7707709,
Egor Dñmin,2025-26,6889200,
Ej Liddell,2025-26,706898,
Eric Gordon,2025-26,2296274,
Evan Mobley,2025-26,46394100,
Franz Wagner,2025-26,38661750,
Fred Vanvleet,2025-26,25000000,
Gabe Mcglothan,2025-26,73153,
Gabe Vincent,2025-26,11500000,
Garrett Temple,2025-26,2296274,
Garrison Mathews,2025-26,429325,
Gary Harris,2025-26,3634153,
Gary Payton,2025-26,2296274,
Gary Trent,2025-26,3697105,
Georges Niang,2025-26,8200000,
Gg Jackson,2025-26,2221677,
Giannis Antetokounmpo,2025-26,54126450,
Goga Bitadze,2025-26,8333333,
Gradey Dick,2025-26,4990560,
Grant Nelson,2025-26,73153,
Grant Williams,2025-26,13645500,
Grayson Allen,2025-26,16875000,
Guerschon Yabusele,2025-26,5500000,
Gui Santos,2025-26,2221677,
Harrison Barnes,2025-26,19000000,
Hayden Gray,2025-26,14631,
Haywood Highsmith,2025-26,6443984,
Herbert Jones,2025-26,13937574,
Hugo Gonzã¡lez,2025-26,2783880,
Hunter Tyson,2025-26,2221677,
Immanuel Quickley,2025-26,32500000,
Isaac Jones,2025-26,1955377,
Isaac Okoro,2025-26,11000000,
Isaiah Collier,2025-26,2638200,
Isaiah Hartenstein,2025-26,28500000,
Isaiah Jackson,2025-26,7600000,
Isaiah Joe,2025-26,12362338,
Isaiah Stewart,2025-26,15000000,
Ivica Zubac,2025-26,18893980,
Ja Morant,2025-26,39446090,
Jabari Smith,2025-26,12350392,
Jabari Walker,2025-26,724598,
Jaden Hardy,2025-26,6000000,
Jaden Ivey,2025-26,10107163,
Jaden Mcdaniels,2025-26,24393104,
Jaden Springer,2025-26,70732,
Jaesean Tate,2025-26,2296274,
Jahmir Young,2025-26,23546,
Jaime Jaquez,2025-26,3861600,
Jake Laravia,2025-26,6000000,
Jakob Poeltl,2025-26,19500000,
Jakobe Walter,2025-26,3638160,
Jalen Brunson,2025-26,34944001,
Jalen Duren,2025-26,6483144,
Jalen Green,2025-26,33584499,
Jalen Johnson,2025-26,30000000,
Jalen Pickett,2025-26,2221677,
Jalen Smith,2025-26,9000000,
Jalen Suggs,2025-26,35000000,
Jalen Williams,2025-26,6580997,
Jalen Wilson,2025-26,2221677,
Jamal Cain,2025-26,328120,
Jamal Murray,2025-26,46394100,
Jamal Shead,2025-26,1955377,
Jamaree Bouyea,2025-26,574210,
James Harden,2025-26,39446090,
James Wiseman,2025-26,1131970,
Jamir Watkins,2025-26,1131970,
Jamison Battle,2025-26,1955377,
Jarace Walker,2025-26,6665520,
Jared Mccain,2025-26,4221360,
Jaren Jackson,2025-26,35000000,
Jarred Vanderbilt,2025-26,11571429,
Jarrett Allen,2025-26,20000000,
Jase Richardson,2025-26,2983320,
Javale Mcgee,2025-26,2208856,
Javonte Green,2025-26,2296274,
Jaxson Hayes,2025-26,3449323,
Jay Huff,2025-26,2349578,
Jaylen Brown,2025-26,53142264,
Jaylen Clark,2025-26,2191897,
Jaylen Wells,2025-26,1955377,
Jaylin Williams,2025-26,8450704,
Jaylon Tyson,2025-26,3492480,
Jayson Tatum,2025-26,54126450,
Jd Davison,2025-26,2352765,
Jeff Green,2025-26,2296274,
Jerami Grant,2025-26,32000001,
Jeremiah Fears,2025-26,7520040,
Jeremiah Robinsonearl,2025-26,131970,
Jeremy Sochan,2025-26,7874853,
Jericho Sims,2025-26,2461463,
Jett Howard,2025-26,5529720,
Jevon Carter,2025-26,7680524,
Jimmy Butler,2025-26,54126450,
Joan Beringer,2025-26,4201080,
Jock Landale,2025-26,2296274,
Joe Ingles,2025-26,2296274,
Joel Embiid,2025-26,55224526,
John Collins,2025-26,26580000,
John Konchar,2025-26,6165000,
John Tonje,2025-26,73153,
Johni Broome,2025-26,1272870,
Johnny Furphy,2025-26,1955377,
Jonas Valanäiå«nas,2025-26,10395000,
Jonathan Isaac,2025-26,15000000,
Jonathan Kuminga,2025-26,23799569,
Jonathan Mogbo,2025-26,1955377,
Jordan Clarkson,2025-26,12947835,
Jordan Goodwin,2025-26,2349578,
Jordan Hawkins,2025-26,4741320,
Jordan Mclaughlin,2025-26,2296274,
Jordan Miller,2025-26,712637,
Jordan Poole,2025-26,31848215,
Jordan Walsh,2025-26,2221677,
Jose Alvarado,2025-26,4500000,
Josh Giddey,2025-26,25000000,
Josh Green,2025-26,13666667,
Josh Hart,2025-26,19472240,
Josh Minott,2025-26,2378870,
Josh Okogie,2025-26,2296274,
Jrue Holiday,2025-26,32400000,
Julian Champagnie,2025-26,3000000,
Julian Phillips,2025-26,2221677,
Julian Strawther,2025-26,2674200,
Julius Randle,2025-26,30864198,
Justin Champagnie,2025-26,2349578,
Justin Edwards,2025-26,2048494,
Jusuf Nurkiä,2025-26,19375000,
Kadary Richmond,2025-26,73153,
Kam Jones,2025-26,1272870,
Karlanthony Towns,2025-26,53142264,
Karlo Matkoviä,2025-26,1955377,
Kasparas Jakuäionis,2025-26,3658800,
Kawhi Leonard,2025-26,50000000,
Keaton Wallace,2025-26,2296274,
Keegan Murray,2025-26,11144093,
Keldon Johnson,2025-26,17500000,
Kelel Ware,2025-26,4443360,
Kelly Olynyk,2025-26,13445122,
Kelly Oubre,2025-26,8382150,
Kennedy Chandler,2025-26,235460,
Kenrich Williams,2025-26,7163000,
Kentavious Caldwellpope,2025-26,21621500,
Keon Ellis,2025-26,2301587,
Keon Johnson,2025-26,2349578,
Keshad Johnson,2025-26,1955377,
Keshon Gilbert,2025-26,73153,
Kevin Durant,2025-26,54708609,
Kevin Huerter,2025-26,17991071,
Kevin Love,2025-26,4150000,
Kevin Porter,2025-26,5134000,
Kevon Looney,2025-26,8000000,
Keyonte George,2025-26,4278960,
Khaman Maluach,2025-26,6016080,
Khris Middleton,2025-26,33296296,
Killian Hayes,2025-26,708598,
Klay Thompson,2025-26,16666667,
Kobe Brown,2025-26,2654880,
Kobe Bufkin,2025-26,5480297,
Kobe Sanders,2025-26,475497,
Kon Knueppel,2025-26,10015680,
Kris Dunn,2025-26,5426400,
Kris Murray,2025-26,3132000,
Kristaps Porziåä£is,2025-26,30731707,
Kyle Anderson,2025-26,9786982,
Kyle Filipowski,2025-26,3000000,
Kyle Kuzma,2025-26,22410605,
Kyle Lowry,2025-26,2296274,
Kyrie Irving,2025-26,36566002,
Kyshawn George,2025-26,2966760,
Lamelo Ball,2025-26,37958760,
Landry Shamet,2025-26,2296274,
Larry Nance,2025-26,2296274,
Lauri Markkanen,2025-26,46394100,
Lawson Lovering,2025-26,87784,
Lebron James,2025-26,52627153,
Leonard Miller,2025-26,2221677,
Liam Mcneeley,2025-26,2763960,
Lindy Waters,2025-26,2296274,
Lonzo Ball,2025-26,10000000,
Lucas Williamson,2025-26,95099,
Luguentz Dort,2025-26,18222222,
Luka Donäiä,2025-26,45999660,
Luka Garza,2025-26,2461463,
Luke Kennard,2025-26,11000000,
Luke Kornet,2025-26,11000000,
Mac Mcclung,2025-26,164060,
Malachi Smith,2025-26,212144,
Malaki Branham,2025-26,4962033,
Malik Monk,2025-26,18797619,
Mamadi Diakite,2025-26,464050,
Marcus Sasser,2025-26,2886720,
Marcus Smart,2025-26,19920855,
Mark Williams,2025-26,6276531,
Markelle Fultz,2025-26,131970,
Marvin Bagley,2025-26,2296274,
Mason Plumlee,2025-26,3022108,
Matas Buzelis,2025-26,5455560,
Matisse Thybulle,2025-26,11550000,
Max Christie,2025-26,7714286,
Max Shulga,2025-26,212145,
Max Strus,2025-26,15936452,
Maxi Kleber,2025-26,11000000,
Maxime Raynaud,2025-26,1272870,
Micah Peavy,2025-26,1272870,
Micah Potter,2025-26,1527805,
Michael Porter,2025-26,38333050,
Mikal Bridges,2025-26,24900000,
Mike Conley,2025-26,11499872,
Miles Bridges,2025-26,25000000,
Miles Mcbride,2025-26,4333333,
Mitchell Robinson,2025-26,12954546,
Mo Bamba,2025-26,458711,
Mohamed Diawara,2025-26,1272870,
Monte Morris,2025-26,321184,
Moritz Wagner,2025-26,5000000,
Moses Moody,2025-26,11574075,
Mouhamadou Gueye,2025-26,47092,
Mouhamed Gueye,2025-26,2221677,
Moussa Diabatã©,2025-26,2270735,
Myles Turner,2025-26,25318251,
Myron Gardner,2025-26,395029,
Naeqwan Tomlin,2025-26,718150,
Naji Marshall,2025-26,9000000,
Nassir Little,2025-26,3107143,
Naz Reid,2025-26,21551724,
Neemias Queta,2025-26,2349578,
Nfaly Dante,2025-26,2048494,
Nic Claxton,2025-26,25352272,
Nick Richards,2025-26,5000000,
Nick Smith,2025-26,2723877,
Nickeil Alexanderwalker,2025-26,15161800,
Nicolas Batum,2025-26,5601600,
Nigel Hayesdavis,2025-26,2048494,
Nikola Djurisic,2025-26,1272870,
Nikola Jokiä,2025-26,55224526,
Nikola Joviä,2025-26,4445417,
Nikola Topiä,2025-26,5182920,
Nikola Vuäeviä,2025-26,21481481,
Nique Clifford,2025-26,3108120,
Noa Essengue,2025-26,5429520,
Noah Clowney,2025-26,3398640,
Noah Penda,2025-26,1272870,
Nolan Traorã©,2025-26,3811560,
Norman Powell,2025-26,20482758,
Obi Toppin,2025-26,14000000,
Ochai Agbaji,2025-26,6383525,
Og Anunoby,2025-26,39568966,
Oliviermaxence Prosper,2025-26,1530239,
Omer Yurtseven,2025-26,263940,
Onyeka Okongwu,2025-26,15000000,
Oso Ighodaro,2025-26,1955377,
Ousmane Dieng,2025-26,6670882,
Pacã´me Dadiet,2025-26,2847600,
Paolo Banchero,2025-26,15334769,
Pascal Siakam,2025-26,45550512,
Pat Connaughton,2025-26,10739683,
Pat Spencer,2025-26,857804,
Patrick Baldwin,2025-26,263940,
Patrick Williams,2025-26,18000000,
Paul George,2025-26,51666090,
Paul Reed,2025-26,5335894,
Payton Pritchard,2025-26,7232143,
Pelle Larsson,2025-26,1955377,
Pete Nance,2025-26,600000,
Peyton Watson,2025-26,4356476,
Pj Washington,2025-26,14152174,
Precious Achiuwa,2025-26,2111516,
Quentin Grimes,2025-26,8741209,
Quenton Jackson,2025-26,601553,
Quinten Post,2025-26,1955377,
Rasheer Fleming,2025-26,1272870,
Rayan Rupert,2025-26,2353647,
Reed Sheppard,2025-26,10603560,
Ricky Rubio,2025-26,424672,
Rj Barrett,2025-26,27705357,
Rob Dillingham,2025-26,6576120,
Robert Williams,2025-26,13285713,
Ron Harper,2025-26,123045,
Ron Holland,2025-26,8657280,
Royce Oneale,2025-26,10125000,
Rudy Gobert,2025-26,35000000,
Rui Hachimura,2025-26,18259259,
Russell Westbrook,2025-26,2296274,
Ryan Dunn,2025-26,2657760,
Ryan Kalkbrenner,2025-26,2296274,
Ryan Nembhard,2025-26,321875,
Ryan Rollins,2025-26,4000000,
Saddiq Bey,2025-26,6118644,
Sam Hauser,2025-26,10044644,
Sam Merrill,2025-26,8482144,
Sandro Mamukelashvili,2025-26,2461463,
Santi Aldama,2025-26,18485916,
Scoot Henderson,2025-26,10748040,
Scottie Barnes,2025-26,38661750,
Scotty Pippen,2025-26,2270735,
Seth Curry,2025-26,1755198,
Shaedon Sharpe,2025-26,8399983,
Shai Gilgeousalexander,2025-26,38333050,
Sidy Cissoko,2025-26,686243,
Simone Fontecchio,2025-26,8307692,
Sion James,2025-26,2296274,
Skal Labissiã¨re,2025-26,131970,
Spencer Jones,2025-26,623967,
Stephen Curry,2025-26,59606817,
Stephon Castle,2025-26,9560520,
Steven Adams,2025-26,14130434,
Svi Mykhailiuk,2025-26,3675000,
Taj Gibson,2025-26,960753,
Tari Eason,2025-26,5675766,
Taurean Prince,2025-26,3303774,
Taylor Hendricks,2025-26,6127080,
Terance Mann,2025-26,15500000,
Terrence Shannon,2025-26,2674080,
Terry Rozier,2025-26,26643031,
Thanasis Antetokounmpo,2025-26,2296274,
Thomas Bryant,2025-26,2296274,
Thomas Sorber,2025-26,4655040,
Tidjane Salaã¼n,2025-26,7863240,
Tim Hardaway,2025-26,2296274,
Tj Mcconnell,2025-26,10200000,
Tobias Harris,2025-26,26634146,
Toby Okani,2025-26,73153,
Tolu Smith,2025-26,70638,
Tony Bradley,2025-26,3297195,
Toumani Camara,2025-26,2221677,
Trae Young,2025-26,46394100,
Trayce Jacksondavis,2025-26,2221677,
Tre Johnson,2025-26,8237640,
Tre Jones,2025-26,8000000,
Tre Mann,2025-26,8000000,
Tre Scott,2025-26,129503,
Trendon Watford,2025-26,2461463,
Trey Murphy,2025-26,25000000,
Tristan Da Silva,2025-26,3809520,
Tristan Vukcevic,2025-26,2857143,
Ty Jerome,2025-26,8781000,
Tyler Burton,2025-26,146306,
Tyler Herro,2025-26,31000000,
Tyler Kolek,2025-26,2191897,
Tyler Smith,2025-26,1955377,
Tyreke Key,2025-26,51207,
Tyrese Haliburton,2025-26,45550512,
Tyrese Martin,2025-26,2191897,
Tyrese Maxey,2025-26,37958760,
Tyrese Proctor,2025-26,1272870,
Tyus Jones,2025-26,7514682,
Vasilije Miciä,2025-26,666667,
Victor Wembanyama,2025-26,13376880,
Vince Williams,2025-26,2301587,
Vj Edgecombe,2025-26,11108880,
Vã­t Krejäã­,2025-26,2349578,
Walker Kessler,2025-26,4878938,
Walter Clayton,2025-26,3991320,
Wendell Carter,2025-26,10850000,
Will Richard,2025-26,1272870,
Will Riley,2025-26,3512520,
Xavier Tillman,2025-26,2546675,
Yang Hansen,2025-26,4422360,
Yanic Konan Niederhã¤user,2025-26,2743800,
Yves Missi,2025-26,3353040,
Zaccharie Risacher,2025-26,13197720,
Zach Collins,2025-26,18080496,
Zach Edey,2025-26,6045000,
Zach Lavine,2025-26,47499660,
Zeke Nnaji,2025-26,8177778,
Ziaire Williams,2025-26,6250000,
Zion Williamson,2025-26,39446090,
Aaron Gordon,2026-27,33658037,
Aaron Nesmith,2026-27,11000000,
Aaron Wiggins,2026-27,9224300,
Ace Bailey,2026-27,9523080,
Adem Bona,2026-27,2296271,
Adou Thiero,2026-27,2150917,
Aj Green,2026-27,10044644,
Aj Johnson,2026-27,3237120,
Ajay Mitchell,2026-27,2850000,
Al Horford,2026-27,5969250,
Alex Caruso,2026-27,19550160,
Alex Sarr,2026-27,12370680,
Alperen Åengã¼n,2026-27,35642202,
Amari Williams,2026-27,2150917,
Amen Thompson,2026-27,12258609,
Andre Jackson,2026-27,2406205,
Andrew Nembhard,2026-27,19550160,
Andrew Wiggins,2026-27,30169644,
Anthony Black,2026-27,10106316,
Anthony Davis,2026-27,58456566,
Anthony Edwards,2026-27,48924624,
Asa Newell,2026-27,3399480,
Ausar Thompson,2026-27,11117925,
Austin Reaves,2026-27,14898786,
Bam Adebayo,2026-27,49800000,
Baylor Scheierman,2026-27,2744040,
Ben Saraf,2026-27,3028560,
Ben Sheppard,2026-27,5031669,
Bilal Coulibaly,2026-27,9240012,
Bobby Portis,2026-27,14521414,
Bogdan Bogdanoviä,2026-27,16020000,
Bradley Beal,2026-27,25004710,
Brandin Podziemski,2026-27,5679459,
Brandon Clarke,2026-27,12500000,
Brandon Ingram,2026-27,40000000,
Brandon Miller,2026-27,15104626,
Brice Sensabaugh,2026-27,4862237,
Bronny James,2026-27,2296271,
Brook Lopez,2026-27,9187500,
Bryce Mcgowens,2026-27,2584539,
Bub Carrington,2026-27,4900560,
Buddy Hield,2026-27,9658536,
Cade Cunningham,2026-27,50105628,
Caleb Martin,2026-27,10001493,
Cam Christie,2026-27,2296271,
Cam Spencer,2026-27,2411090,
Cam Whitmore,2026-27,5458310,
Cameron Johnson,2026-27,23062500,
Caris Levert,2026-27,14809200,
Carter Bryant,2026-27,5145360,
Cason Wallace,2026-27,7420806,
Cedric Coward,2026-27,6001080,
Chaz Lanier,2026-27,2150917,
Chet Holmgren,2026-27,41500000,
Christian Braun,2026-27,21551726,
Cj Mccollum,2026-27,21000000,
Clint Capela,2026-27,7035000,
Cody Williams,2026-27,6015600,
Cole Anthony,2026-27,3700000,
Collin Murrayboyles,2026-27,6649560,
Cooper Flagg,2026-27,14517480,
Corey Kispert,2026-27,13975000,
Craig Porter,2026-27,2406205,
Dalano Banton,2026-27,2801346,
Dalen Terry,2026-27,2584539,
Dalton Knecht,2026-27,4201080,
Damian Lillard,2026-27,35915403,
Dangelo Russell,2026-27,5969250,
Daniel Gafford,2026-27,17263584,
Daniss Jenkins,2026-27,4000000,
Danny Wolf,2026-27,2941440,
Darius Garland,2026-27,42166510,
Daron Holmes,2026-27,3372120,
Davion Mitchell,2026-27,12400000,
Dayron Sharpe,2026-27,6250000,
Deaaron Fox,2026-27,49800000,
Deandre Ayton,2026-27,8104000,
Deandre Hunter,2026-27,24910714,
Deanthony Melton,2026-27,3451779,
Dejounte Murray,2026-27,32785071,
Demar Derozan,2026-27,25740000,
Deni Avdija,2026-27,13125000,
Dennis Schrã¶der,2026-27,14809200,
Dereck Lively,2026-27,7239131,
Derik Queen,2026-27,5416080,
Derrick Jones,2026-27,10476190,
Derrick White,2026-27,30348000,
Desmond Bane,2026-27,39446090,
Devin Booker,2026-27,57078728,
Devin Carter,2026-27,5158080,
Devin Vassell,2026-27,27000000,
Didi Louzada,2026-27,268032,
Dillon Brooks,2026-27,19992727,
Domantas Sabonis,2026-27,45472000,
Dominick Barlow,2026-27,3415000,
Donovan Clingan,2026-27,7519920,
Donovan Mitchell,2026-27,50105628,
Donte Divincenzo,2026-27,12535000,
Dorian Finneysmith,2026-27,13335000,
Drake Powell,2026-27,3540600,
Draymond Green,2026-27,27678571,
Dru Smith,2026-27,2584539,
Duncan Robinson,2026-27,15992957,
Dylan Harper,2026-27,12989040,
Dyson Daniels,2026-27,25000000,
Egor Dñmin,2026-27,7233720,
Ej Liddell,2026-27,706898,
Evan Mobley,2026-27,50105628,
Franz Wagner,2026-27,41754690,
Fred Vanvleet,2026-27,25000000,
Gary Harris,2026-27,3815861,
Gary Trent,2026-27,3881960,
Gg Jackson,2026-27,2406205,
Giannis Antetokounmpo,2026-27,58456566,
Goga Bitadze,2026-27,7608696,
Gradey Dick,2026-27,7131511,
Grant Williams,2026-27,14265750,
Grayson Allen,2026-27,18125000,
Gui Santos,2026-27,4629630,
Haywood Highsmith,2026-27,3018158,
Herbert Jones,2026-27,14898786,
Hugo Gonzã¡lez,2026-27,2923560,
Immanuel Quickley,2026-27,32500000,
Isaac Okoro,2026-27,11814814,
Isaiah Collier,2026-27,2763960,
Isaiah Hartenstein,2026-27,28500000,
Isaiah Jackson,2026-27,7000000,
Isaiah Joe,2026-27,11323006,
Isaiah Stewart,2026-27,15000000,
Ivica Zubac,2026-27,20342140,
Ja Morant,2026-27,42166510,
Jabari Smith,2026-27,23643411,
Jabari Walker,2026-27,2584539,
Jaden Hardy,2026-27,6000000,
Jaden Mcdaniels,2026-27,26200001,
Jaime Jaquez,2026-27,5939141,
Jake Laravia,2026-27,6000000,
Jakob Poeltl,2026-27,19500000,
Jakobe Walter,2026-27,3811800,
Jalen Brunson,2026-27,37739521,
Jalen Green,2026-27,36251166,
Jalen Johnson,2026-27,30000000,
Jalen Pickett,2026-27,2406205,
Jalen Smith,2026-27,9428571,
Jalen Suggs,2026-27,32400000,
Jalen Williams,2026-27,41500000,
Jamal Cain,2026-27,2584539,
Jamal Murray,2026-27,50105628,
Jamal Shead,2026-27,2296271,
Jamaree Bouyea,2026-27,2584539,
James Harden,2026-27,42317307,
Jamison Battle,2026-27,2296271,
Jarace Walker,2026-27,8478542,
Jared Mccain,2026-27,4422600,
Jaren Jackson,2026-27,49000000,
Jarred Vanderbilt,2026-27,12428571,
Jarrett Allen,2026-27,28000000,
Jase Richardson,2026-27,3132360,
Javale Mcgee,2026-27,2208856,
Jay Huff,2026-27,2667944,
Jaylen Brown,2026-27,57078728,
Jaylen Wells,2026-27,2296271,
Jaylin Williams,2026-27,7774648,
Jaylon Tyson,2026-27,3658560,
Jayson Tatum,2026-27,58456566,
Jd Davison,2026-27,2584539,
Jerami Grant,2026-27,34206898,
Jeremiah Fears,2026-27,7896240,
Jericho Sims,2026-27,2801346,
Jett Howard,2026-27,7337939,
Jimmy Butler,2026-27,56832773,
Joan Beringer,2026-27,4411200,
Joel Embiid,2026-27,58100000,
John Konchar,2026-27,6165000,
Johni Broome,2026-27,2150917,
Johnny Furphy,2026-27,2296271,
Jonas Valanäiå«nas,2026-27,10000000,
Jonathan Isaac,2026-27,8000000,
Jonathan Kuminga,2026-27,24300000,
Jonathan Mogbo,2026-27,2296271,
Jordan Hawkins,2026-27,7021895,
Jordan Miller,2026-27,2497812,
Jordan Poole,2026-27,34044642,
Jordan Walsh,2026-27,2406205,
Jose Alvarado,2026-27,4500000,
Josh Giddey,2026-27,25000000,
Josh Green,2026-27,14679012,
Josh Hart,2026-27,20923760,
Josh Minott,2026-27,2584539,
Jrue Holiday,2026-27,34800000,
Julian Champagnie,2026-27,13888889,
Julian Phillips,2026-27,2406205,
Julian Strawther,2026-27,4826931,
Julius Randle,2026-27,33333334,
Justin Champagnie,2026-27,2667944,
Justin Edwards,2026-27,2411090,
Karlanthony Towns,2026-27,57078728,
Karlo Matkoviä,2026-27,2296271,
Kasparas Jakuäionis,2026-27,3841680,
Kawhi Leonard,2026-27,50300000,
Keegan Murray,2026-27,24137936,
Keldon Johnson,2026-27,17500000,
Kelel Ware,2026-27,4654920,
Kenrich Williams,2026-27,7163000,
Kentavious Caldwellpope,2026-27,21621500,
Kevin Durant,2026-27,43902439,
Kevin Porter,2026-27,5390700,
Kevon Looney,2026-27,8000000,
Keyonte George,2026-27,6563925,
Khaman Maluach,2026-27,6316680,
Klay Thompson,2026-27,17460317,
Kobe Brown,2026-27,4792059,
Kobe Sanders,2026-27,2150917,
Kon Knueppel,2026-27,10516560,
Kris Dunn,2026-27,5684800,
Kris Murray,2026-27,5315004,
Kristaps Porziåä£is,2026-27,19512195,
Kyle Filipowski,2026-27,3000000,
Kyle Kuzma,2026-27,20345152,
Kyrie Irving,2026-27,39491282,
Kyshawn George,2026-27,3108000,
Lamelo Ball,2026-27,40770520,
Lauri Markkanen,2026-27,46113154,
Leonard Miller,2026-27,2406205,
Liam Mcneeley,2026-27,2902080,
Luguentz Dort,2026-27,18222222,
Luka Donäiä,2026-27,49800000,
Luka Garza,2026-27,2801346,
Luke Kornet,2026-27,10450000,
Malachi Smith,2026-27,2150917,
Malik Monk,2026-27,20190035,
Mamadi Diakite,2026-27,464050,
Marcus Sasser,2026-27,5198983,
Marcus Smart,2026-27,5390700,
Matas Buzelis,2026-27,5715360,
Max Christie,2026-27,8285714,
Max Strus,2026-27,16660836,
Maxime Raynaud,2026-27,2150917,
Micah Peavy,2026-27,2150917,
Micah Potter,2026-27,2801346,
Michael Porter,2026-27,40806150,
Mikal Bridges,2026-27,33482145,
Miles Bridges,2026-27,22826087,
Miles Mcbride,2026-27,3956523,
Moses Moody,2026-27,12500000,
Mouhamadou Gueye,2026-27,2411090,
Mouhamed Gueye,2026-27,2406205,
Moussa Diabatã©,2026-27,2461462,
Myles Turner,2026-27,26584164,
Myron Gardner,2026-27,2150917,
Naeqwan Tomlin,2026-27,2411090,
Naji Marshall,2026-27,9428571,
Nassir Little,2026-27,3107143,
Naz Reid,2026-27,23275862,
Neemias Queta,2026-27,2667944,
Nic Claxton,2026-27,23147727,
Nickeil Alexanderwalker,2026-27,14403710,
Nicolas Batum,2026-27,5881680,
Nikola Jokiä,2026-27,59033114,
Nikola Joviä,2026-27,16200000,
Nikola Topiä,2026-27,5429760,
Nique Clifford,2026-27,3263400,
Noa Essengue,2026-27,5701200,
Noah Clowney,2026-27,5414034,
Noah Penda,2026-27,2150917,
Nolan Traorã©,2026-27,4002000,
Obi Toppin,2026-27,15000000,
Og Anunoby,2026-27,42500000,
Oliviermaxence Prosper,2026-27,3500172,
Onyeka Okongwu,2026-27,16120000,
Oso Ighodaro,2026-27,2296271,
Pacã´me Dadiet,2026-27,2983680,
Paolo Banchero,2026-27,41500000,
Pascal Siakam,2026-27,48924624,
Pat Connaughton,2026-27,3815861,
Patrick Williams,2026-27,18000000,
Paul George,2026-27,54126380,
Paul Reed,2026-27,5602689,
Payton Pritchard,2026-27,7767857,
Pelle Larsson,2026-27,2296271,
Pj Washington,2026-27,19813044,
Rasheer Fleming,2026-27,2150917,
Reed Sheppard,2026-27,11108880,
Ricky Rubio,2026-27,424672,
Rj Barrett,2026-27,29616071,
Rob Dillingham,2026-27,6889320,
Robert Williams,2026-27,13968254,
Ron Holland,2026-27,9069600,
Royce Oneale,2026-27,10875000,
Rudy Gobert,2026-27,36500000,
Ryan Dunn,2026-27,2784240,
Ryan Kalkbrenner,2026-27,2411090,
Ryan Nembhard,2026-27,2150917,
Ryan Rollins,2026-27,4000000,
Saddiq Bey,2026-27,6440678,
Sam Hauser,2026-27,10848215,
Sam Merrill,2026-27,9160715,
Sandro Mamukelashvili,2026-27,2801346,
Santi Aldama,2026-27,17007043,
Scoot Henderson,2026-27,13585523,
Scottie Barnes,2026-27,41754690,
Scotty Pippen,2026-27,2461462,
Shaedon Sharpe,2026-27,20089287,
Shai Gilgeousalexander,2026-27,40806150,
Sidy Cissoko,2026-27,2497812,
Sion James,2026-27,2411090,
Stephen Curry,2026-27,62587158,
Stephon Castle,2026-27,10015920,
Steven Adams,2026-27,13000000,
Svi Mykhailiuk,2026-27,3850000,
Taurean Prince,2026-27,3815861,
Taylor Hendricks,2026-27,7805900,
Terance Mann,2026-27,15500000,
Terrence Shannon,2026-27,2801640,
Thomas Sorber,2026-27,4887720,
Tidjane Salaã¼n,2026-27,8237880,
Tj Mcconnell,2026-27,11000000,
Tolu Smith,2026-27,2411090,
Toumani Camara,2026-27,18080358,
Trayce Jacksondavis,2026-27,2406205,
Tre Johnson,2026-27,8649600,
Tre Jones,2026-27,8000000,
Tre Mann,2026-27,8000000,
Trendon Watford,2026-27,2801346,
Trey Murphy,2026-27,27000000,
Tristan Da Silva,2026-27,3991200,
Ty Jerome,2026-27,9220050,
Tyler Herro,2026-27,33000000,
Tyler Kolek,2026-27,2296271,
Tyrese Haliburton,2026-27,48924624,
Tyrese Maxey,2026-27,40770520,
Tyrese Proctor,2026-27,2150917,
Vasilije Miciä,2026-27,666667,
Victor Wembanyama,2026-27,16868246,
Vj Edgecombe,2026-27,11663880,
Vã­t Krejäã­,2026-27,2667944,
Walter Clayton,2026-27,4190520,
Wendell Carter,2026-27,18102000,
Will Richard,2026-27,2150917,
Will Riley,2026-27,3688320,
Yang Hansen,2026-27,4643520,
Yanic Konan Niederhã¤user,2026-27,2880960,
Yves Missi,2026-27,3512760,
Zaccharie Risacher,2026-27,13826040,
Zach Collins,2026-27,8292683,
Zach Edey,2026-27,6332760,
Zach Lavine,2026-27,48967380,
Zeke Nnaji,2026-27,7466667,
Ziaire Williams,2026-27,6250000,
Zion Williamson,2026-27,42166510,
Aaron Gordon,2027-28,36350680,
Aaron Nesmith,2027-28,19418000,
Aaron Wiggins,2027-28,8345797,
Ace Bailey,2027-28,9976560,
Adem Bona,2027-28,2486995,
Adou Thiero,2027-28,2525901,
Aj Green,2027-28,10848215,
Aj Johnson,2027-28,5493394,
Ajay Mitchell,2027-28,2850000,
Alex Caruso,2027-28,20998320,
Alex Sarr,2027-28,15611798,
Alperen Åengã¼n,2027-28,37339450,
Andrew Nembhard,2027-28,20998320,
Anthony Davis,2027-28,62786682,
Anthony Edwards,2027-28,52298736,
Asa Newell,2027-28,3560880,
Bam Adebayo,2027-28,53784000,
Baylor Scheierman,2027-28,4952993,
Ben Saraf,2027-28,3172920,
Bobby Portis,2027-28,15597074,
Bradley Beal,2027-28,19383010,
Brandon Ingram,2027-28,41904762,
Bronny James,2027-28,2486995,
Bryce Mcgowens,2027-28,2934742,
Bub Carrington,2027-28,7257730,
Buddy Hield,2027-28,10097560,
Cade Cunningham,2027-28,53817156,
Caleb Martin,2027-28,9371351,
Cam Christie,2027-28,2486995,
Cam Spencer,2027-28,2616754,
Carter Bryant,2027-28,5390640,
Cedric Coward,2027-28,6286920,
Chaz Lanier,2027-28,2525901,
Chet Holmgren,2027-28,44820000,
Christian Braun,2027-28,23275863,
Clint Capela,2027-28,7370000,
Cody Williams,2027-28,7669890,
Cole Anthony,2027-28,3700000,
Collin Murrayboyles,2027-28,6966000,
Cooper Flagg,2027-28,15208680,
Corey Kispert,2027-28,13050000,
Dalton Knecht,2027-28,6452860,
Damian Lillard,2027-28,36620603,
Daniel Gafford,2027-28,18126763,
Danny Wolf,2027-28,3081840,
Darius Garland,2027-28,44886930,
Daron Holmes,2027-28,5547138,
Deaaron Fox,2027-28,53784000,
Dejounte Murray,2027-28,30751504,
Deni Avdija,2027-28,11875000,
Dennis Schrã¶der,2027-28,15514400,
Derik Queen,2027-28,5673840,
Derrick White,2027-28,32596000,
Desmond Bane,2027-28,42166510,
Devin Booker,2027-28,61015192,
Devin Carter,2027-28,7370897,
Devin Vassell,2027-28,24652174,
Didi Louzada,2027-28,268032,
Domantas Sabonis,2027-28,48608000,
Donovan Clingan,2027-28,9550298,
Donovan Mitchell,2027-28,53817156,
Dorian Finneysmith,2027-28,13335000,
Drake Powell,2027-28,3709320,
Dru Smith,2027-28,2934742,
Duncan Robinson,2027-28,15151222,
Dylan Harper,2027-28,13607760,
Dyson Daniels,2027-28,25000000,
Egor Dñmin,2027-28,7578240,
Evan Mobley,2027-28,53817156,
Franz Wagner,2027-28,44847630,
Giannis Antetokounmpo,2027-28,62786682,
Grayson Allen,2027-28,19375000,
Gui Santos,2027-28,5000000,
Herbert Jones,2027-28,20858300,
Hugo Gonzã¡lez,2027-28,3062640,
Immanuel Quickley,2027-28,32500000,
Isaiah Collier,2027-28,4988948,
Isaiah Jackson,2027-28,6400000,
Isaiah Joe,2027-28,11323006,
Isaiah Stewart,2027-28,15000000,
Ivica Zubac,2027-28,21790300,
Ja Morant,2027-28,44886930,
Jabari Smith,2027-28,21751940,
Jaden Hardy,2027-28,6000000,
Jaden Mcdaniels,2027-28,28006898,
Jakob Poeltl,2027-28,27300000,
Jakobe Walter,2027-28,5870172,
Jalen Brunson,2027-28,40535041,
Jalen Green,2027-28,36000000,
Jalen Johnson,2027-28,30000000,
Jalen Suggs,2027-28,29600000,
Jalen Williams,2027-28,44820000,
Jamal Murray,2027-28,53817156,
Jared Mccain,2027-28,6784268,
Jaren Jackson,2027-28,50500000,
Jarred Vanderbilt,2027-28,13285714,
Jarrett Allen,2027-28,30240000,
Jase Richardson,2027-28,3282000,
Javale Mcgee,2027-28,2208856,
Jay Huff,2027-28,3005085,
Jaylen Brown,2027-28,61015192,
Jaylen Wells,2027-28,2486995,
Jaylin Williams,2027-28,7774648,
Jaylon Tyson,2027-28,5641500,
Jayson Tatum,2027-28,62786682,
Jerami Grant,2027-28,36413790,
Jeremiah Fears,2027-28,8271960,
Joan Beringer,2027-28,4621200,
Joel Embiid,2027-28,62748000,
Johni Broome,2027-28,2525901,
Johnny Furphy,2027-28,2486995,
Josh Giddey,2027-28,25000000,
Josh Hart,2027-28,22375280,
Jrue Holiday,2027-28,37200000,
Julian Champagnie,2027-28,15000000,
Julius Randle,2027-28,35802468,
Justin Champagnie,2027-28,3005085,
Justin Edwards,2027-28,2616754,
Karlanthony Towns,2027-28,61015192,
Kasparas Jakuäionis,2027-28,4024440,
Keegan Murray,2027-28,26068965,
Kelel Ware,2027-28,7135992,
Kevin Durant,2027-28,46097561,
Khaman Maluach,2027-28,6617160,
Kon Knueppel,2027-28,11017560,
Kristaps Porziåä£is,2027-28,20487805,
Kyle Filipowski,2027-28,3000000,
Kyrie Irving,2027-28,42416562,
Kyshawn George,2027-28,5435892,
Lamelo Ball,2027-28,43582280,
Lauri Markkanen,2027-28,49824681,
Liam Mcneeley,2027-28,3040320,
Luka Donäiä,2027-28,53784000,
Luke Kornet,2027-28,9900000,
Malik Monk,2027-28,21582451,
Matas Buzelis,2027-28,7584283,
Max Christie,2027-28,8857143,
Maxime Raynaud,2027-28,2525901,
Micah Peavy,2027-28,2525901,
Mikal Bridges,2027-28,36160714,
Moses Moody,2027-28,13425925,
Myles Turner,2027-28,27850077,
Myron Gardner,2027-28,2525901,
Nassir Little,2027-28,3107143,
Naz Reid,2027-28,25000000,
Nic Claxton,2027-28,20943184,
Nickeil Alexanderwalker,2027-28,15161800,
Nikola Jokiä,2027-28,62841702,
Nikola Joviä,2027-28,14904000,
Nikola Topiä,2027-28,7482210,
Nique Clifford,2027-28,3418800,
Noa Essengue,2027-28,5972760,
Noah Penda,2027-28,2525901,
Nolan Traorã©,2027-28,4193040,
Obi Toppin,2027-28,16025000,
Og Anunoby,2027-28,45431034,
Oliviermaxence Prosper,2027-28,1002360,
Onyeka Okongwu,2027-28,16880000,
Oso Ighodaro,2027-28,2486995,
Pacã´me Dadiet,2027-28,5373608,
Paolo Banchero,2027-28,44820000,
Pascal Siakam,2027-28,52298736,
Patrick Williams,2027-28,18000000,
Paul George,2027-28,56586670,
Payton Pritchard,2027-28,8303571,
Pj Washington,2027-28,21398088,
Rasheer Fleming,2027-28,2525901,
Reed Sheppard,2027-28,14041625,
Rob Dillingham,2027-28,8763216,
Robert Williams,2027-28,14666667,
Ron Holland,2027-28,11491183,
Royce Oneale,2027-28,11625000,
Rudy Gobert,2027-28,38000000,
Ryan Dunn,2027-28,5025553,
Ryan Kalkbrenner,2027-28,2525901,
Ryan Rollins,2027-28,4000000,
Sam Hauser,2027-28,11651785,
Sam Merrill,2027-28,9839285,
Santi Aldama,2027-28,17007043,
Scottie Barnes,2027-28,44847630,
Scotty Pippen,2027-28,2789215,
Shaedon Sharpe,2027-28,21696429,
Shai Gilgeousalexander,2027-28,61005000,
Sion James,2027-28,2525901,
Stephon Castle,2027-28,12670139,
Steven Adams,2027-28,11869566,
Svi Mykhailiuk,2027-28,4025000,
Terance Mann,2027-28,16000000,
Terrence Shannon,2027-28,5054159,
Thomas Sorber,2027-28,5120400,
Tidjane Salaã¼n,2027-28,10445633,
Tj Mcconnell,2027-28,11800000,
Toumani Camara,2027-28,19526786,
Tre Johnson,2027-28,9061680,
Tre Jones,2027-28,8000000,
Tre Mann,2027-28,8000000,
Trey Murphy,2027-28,29000000,
Tristan Da Silva,2027-28,6138466,
Ty Jerome,2027-28,9659100,
Tyler Kolek,2027-28,2486995,
Tyrese Haliburton,2027-28,52298736,
Tyrese Maxey,2027-28,43582280,
Tyrese Proctor,2027-28,2525901,
Vasilije Miciä,2027-28,666667,
Vj Edgecombe,2027-28,12219720,
Vã­t Krejäã­,2027-28,3005085,
Walter Clayton,2027-28,4390320,
Wendell Carter,2027-28,19550160,
Will Richard,2027-28,2525901,
Will Riley,2027-28,3864000,
Yang Hansen,2027-28,4864920,
Yanic Konan Niederhã¤user,2027-28,3018480,
Yves Missi,2027-28,5595827,
Zaccharie Risacher,2027-28,17434637,
Zach Collins,2027-28,8707317,
Zach Edey,2027-28,8067937,
Zeke Nnaji,2027-28,7466667,
Zion Williamson,2027-28,44886930,
Aaron Gordon,2028-29,39043323,
Aaron Nesmith,2028-29,20971440,
Aaron Wiggins,2028-29,8345797,
Ace Bailey,2028-29,12640302,
Aj Green,2028-29,11651786,
Alex Caruso,2028-29,22446480,
Alperen Åengã¼n,2028-29,39036697,
Anthony Edwards,2028-29,55672848,
Asa Newell,2028-29,6042814,
Bam Adebayo,2028-29,57768000,
Ben Saraf,2028-29,5720776,
Bradley Beal,2028-29,19383010,
Cade Cunningham,2028-29,57528684,
Cam Spencer,2028-29,2830685,
Carter Bryant,2028-29,7983539,
Cedric Coward,2028-29,8342743,
Chaz Lanier,2028-29,2735698,
Chet Holmgren,2028-29,48140000,
Christian Braun,2028-29,25000000,
Collin Murrayboyles,2028-29,8874684,
Cooper Flagg,2028-29,19178146,
Corey Kispert,2028-29,13050000,
Damian Lillard,2028-29,22516603,
Daniel Gafford,2028-29,18989942,
Danny Wolf,2028-29,5559640,
Deaaron Fox,2028-29,57768000,
Derik Queen,2028-29,8107918,
Derrick White,2028-29,34844000,
Desmond Bane,2028-29,44886930,
Devin Booker,2028-29,64065952,
Devin Vassell,2028-29,27000000,
Didi Louzada,2028-29,268032,
Dorian Finneysmith,2028-29,13335000,
Drake Powell,2028-29,6101832,
Dylan Harper,2028-29,17172994,
Dyson Daniels,2028-29,25000000,
Egor Dñmin,2028-29,9639522,
Evan Mobley,2028-29,57528684,
Franz Wagner,2028-29,47940570,
Gui Santos,2028-29,5370370,
Herbert Jones,2028-29,22526964,
Hugo Gonzã¡lez,2028-29,5528065,
Immanuel Quickley,2028-29,32500000,
Jabari Smith,2028-29,23643411,
Jaden Mcdaniels,2028-29,29813790,
Jakob Poeltl,2028-29,29484000,
Jalen Brunson,2028-29,43330561,
Jalen Johnson,2028-29,30000000,
Jalen Suggs,2028-29,26800000,
Jalen Williams,2028-29,48140000,
Jamal Murray,2028-29,57528684,
Jaren Jackson,2028-29,52000000,
Jarrett Allen,2028-29,32480000,
Jase Richardson,2028-29,5910882,
Jaylen Brown,2028-29,64951656,
Jayson Tatum,2028-29,67116798,
Jeremiah Fears,2028-29,10505389,
Joan Beringer,2028-29,7098163,
Joel Embiid,2028-29,67396000,
Johni Broome,2028-29,2735698,
Josh Giddey,2028-29,25000000,
Julian Champagnie,2028-29,16111111,
Kasparas Jakuäionis,2028-29,6205687,
Keegan Murray,2028-29,27999999,
Khaman Maluach,2028-29,8436880,
Kon Knueppel,2028-29,13937214,
Lamelo Ball,2028-29,46394040,
Lauri Markkanen,2028-29,53536209,
Liam Mcneeley,2028-29,5487778,
Luka Donäiä,2028-29,57768000,
Luke Kornet,2028-29,9350000,
Micah Peavy,2028-29,2735698,
Mikal Bridges,2028-29,38839285,
Myles Turner,2028-29,29115990,
Nassir Little,2028-29,3107143,
Naz Reid,2028-29,26724138,
Nickeil Alexanderwalker,2028-29,15919890,
Nikola Joviä,2028-29,15096000,
Nique Clifford,2028-29,5979481,
Noa Essengue,2028-29,8230464,
Noah Penda,2028-29,2735698,
Nolan Traorã©,2028-29,6457282,
Og Anunoby,2028-29,48362068,
Paolo Banchero,2028-29,48140000,
Patrick Williams,2028-29,18000000,
Pj Washington,2028-29,22983132,
Rasheer Fleming,2028-29,2735698,
Robert Williams,2028-29,15365079,
Ryan Kalkbrenner,2028-29,2735698,
Sam Hauser,2028-29,12455356,
Sam Merrill,2028-29,10517856,
Scottie Barnes,2028-29,47940570,
Shaedon Sharpe,2028-29,23303571,
Shai Gilgeousalexander,2028-29,65885400,
Sion James,2028-29,2735698,
Thomas Sorber,2028-29,7849573,
Tj Mcconnell,2028-29,11800000,
Toumani Camara,2028-29,20973214,
Tre Johnson,2028-29,11490211,
Trey Murphy,2028-29,31000000,
Tyrese Haliburton,2028-29,55672848,
Tyrese Maxey,2028-29,46394040,
Tyrese Proctor,2028-29,2735698,
Vj Edgecombe,2028-29,15445727,
Walter Clayton,2028-29,6752312,
Wendell Carter,2028-29,20998320,
Will Richard,2028-29,2735698,
Will Riley,2028-29,6155352,
Yang Hansen,2028-29,7462788,
Yanic Konan Niederhã¤user,2028-29,5448356,
Aj Green,2029-30,12455355,
Alperen Åengã¼n,2029-30,39036697,
Bradley Beal,2029-30,19383010,
Cade Cunningham,2029-30,61240212,
Chet Holmgren,2029-30,51460000,
Christian Braun,2029-30,26724137,
Damian Lillard,2029-30,22516603,
Deaaron Fox,2029-30,61752000,
Devin Booker,2029-30,69191228,
Dyson Daniels,2029-30,25000000,
Evan Mobley,2029-30,61240212,
Franz Wagner,2029-30,51033510,
Herbert Jones,2029-30,24195628,
Jabari Smith,2029-30,25534883,
Jakob Poeltl,2029-30,27300000,
Jalen Johnson,2029-30,30000000,
Jalen Suggs,2029-30,26700000,
Jalen Williams,2029-30,51460000,
Jaren Jackson,2029-30,53500000,
Jayson Tatum,2029-30,71446914,
Keegan Murray,2029-30,29931033,
Mikal Bridges,2029-30,41517856,
Naz Reid,2029-30,28448276,
Nikola Joviä,2029-30,16200000,
Paolo Banchero,2029-30,51460000,
Pj Washington,2029-30,24568176,
Scottie Barnes,2029-30,51033510,
Shaedon Sharpe,2029-30,24910713,
Shai Gilgeousalexander,2029-30,70765800,
Toumani Camara,2029-30,22419642,
Chet Holmgren,2030-31,54780000,
Christian Braun,2030-31,28448274,
Jabari Smith,2030-31,27426355,
Jalen Williams,2030-31,54780000,
Keegan Murray,2030-31,31862067,
Paolo Banchero,2030-31,54780000,
Shai Gilgeousalexander,2030-31,75646200,
Stephen Curry,2018-19,37457154,GSW,
Chris Paul,2018-19,35654150,HOU,
LeBron James,2018-19,35654150,LAL,
Russell Westbrook,2018-19,35654150,OKC,
Blake Griffin,2018-19,32088932,DET,
Gordon Hayward,2018-19,31214295,BOS,
Kyle Lowry,2018-19,31200000,TOR,
Paul George,2018-19,30560700,OKC,
Mike Conley,2018-19,30521116,MEM,
James Harden,2018-19,30421854,HOU,
Kevin Durant,2018-19,30000000,GSW,
Paul Millsap,2018-19,29230769,DEN,
Al Horford,2018-19,28928710,BOS,
Damian Lillard,2018-19,27977689,POR,
DeMar DeRozan,2018-19,27739975,SAS,
Chris Bosh,2018-19,26837720,MIA,
Otto Porter,2018-19,26011913,CHI,
Jrue Holiday,2018-19,25976111,NOP,
CJ McCollum,2018-19,25759766,POR,
Carmelo Anthony,2018-19,25534253,ATL,
Andrew Wiggins,2018-19,25467250,MIN,
Joel Embiid,2018-19,25467250,PHI,
Andre Drummond,2018-19,25434263,DET,
Hassan Whiteside,2018-19,25434263,MIA,
Anthony Davis,2018-19,25434262,NOP,
Bradley Beal,2018-19,25434262,WAS,
Nikola Jokic,2018-19,24605181,DEN,
Giannis Antetokounmpo,2018-19,24157304,MIL,
Steven Adams,2018-19,24157304,OKC,
Kevin Love,2018-19,24119025,CLE,
Marc Gasol,2018-19,24119025,TOR,
Chandler Parsons,2018-19,24107258,MEM,
Harrison Barnes,2018-19,24107258,SAC,
Nicolas Batum,2018-19,24000000,CHA,
Rudy Gobert,2018-19,23241573,UTA,
Kawhi Leonard,2018-19,23114067,TOR,
DeAndre Jordan,2018-19,22897200,NYK,
LaMarcus Aldridge,2018-19,22347015,SAS,
Serge Ibaka,2018-19,21666667,TOR,
Aaron Gordon,2018-19,21590909,ORL,
Danilo Gallinari,2018-19,21587579,LAC,
Victor Oladipo,2018-19,21000000,IND,
Jimmy Butler,2018-19,20445779,PHI,
Ryan Anderson,2018-19,20421546,MIA,
Kyrie Irving,2018-19,20099189,BOS,
Jabari Parker,2018-19,20000000,WAS,
Zach LaVine,2018-19,19500000,CHI,
Tyler Johnson,2018-19,19245370,PHX,
John Wall,2018-19,19169800,WAS,
George Hill,2018-19,19000000,MIL,
Jeff Teague,2018-19,19000000,MIN,
Klay Thompson,2018-19,18988725,GSW,
Dwight Howard,2018-19,18919725,BKN,
Wesley Matthews,2018-19,18622514,NYK,
Enes Kanter,2018-19,18622514,NYK,
Joakim Noah,2018-19,18530000,NYK,
Allen Crabbe,2018-19,18500000,BKN,
Goran Dragic,2018-19,18109175,MIA,
Kent Bazemore,2018-19,18089887,ATL,
Evan Turner,2018-19,17868853,POR,
Tristan Thompson,2018-19,17469565,CLE,
Draymond Green,2018-19,17469565,GSW,
Tim Hardaway,2018-19,17325000,DAL,
Reggie Jackson,2018-19,17043478,DET,
Bismack Biyombo,2018-19,17000000,CHA,
Evan Fournier,2018-19,17000000,ORL,
Jonas Valanciunas,2018-19,16539326,MEM,
Gary Harris,2018-19,16517857,DEN,
Andre Iguodala,2018-19,16000000,GSW,
Timofey Mozgov,2018-19,16000000,ORL,
Derrick Favors,2018-19,16000000,UTA,
Ian Mahinmi,2018-19,15944154,WAS,
Pau Gasol,2018-19,15925144,SAS,
Dennis Schroder,2018-19,15500000,OKC,
DeMarre Carroll,2018-19,15400000,BKN,
Clint Capela,2018-19,15293104,HOU,
Gorgui Dieng,2018-19,15170787,MIN,
Eric Bledsoe,2018-19,15000000,MIL,
Trevor Ariza,2018-19,15000000,WAS,
Ricky Rubio,2018-19,14975000,UTA,
Tobias Harris,2018-19,14800000,PHI,
J.R. Smith,2018-19,14720000,CLE,
James Johnson,2018-19,14651700,MIA,
Brandon Knight,2018-19,14631250,CLE,
Robin Lopez,2018-19,14357750,CHI,
Luol Deng,2018-19,14354067,LAL,
Marvin Williams,2018-19,14087500,CHA,
Taj Gibson,2018-19,14000000,MIN,
Kenneth Faried,2018-19,13764045,BKN,
Thaddeus Young,2018-19,13764045,IND,
Marcin Gortat,2018-19,13565218,LAC,
Cody Zeller,2018-19,13528090,CHA,
Eric Gordon,2018-19,13500375,HOU,
Jeremy Lin,2018-19,13071063,ATL,
Joe Ingles,2018-19,13045455,UTA,
Michael Kidd-Gilchrist,2018-19,13000000,CHA,
Khris Middleton,2018-19,13000000,MIL,
Mason Plumlee,2018-19,12917808,DEN,
Wilson Chandler,2018-19,12800562,LAC,
Nikola Vucevic,2018-19,12750000,ORL,
Miles Plumlee,2018-19,12500000,ATL,
Jordan Clarkson,2018-19,12500000,CLE,
Nikola Mirotic,2018-19,12500000,MIL,
Tyreke Evans,2018-19,12400000,IND,
Courtney Lee,2018-19,12253780,DAL,
Solomon Hill,2018-19,12252928,NOP,
J.J. Redick,2018-19,12250000,PHI,
Kelly Olynyk,2018-19,12137527,MIA,
Kemba Walker,2018-19,12000000,CHA,
Austin Rivers,2018-19,12000000,PHX,
Kentavious Caldwell-Pope,2018-19,12000000,LAL,
Avery Bradley,2018-19,12000000,MEM,
Will Barton,2018-19,11830358,DEN,
T.J. Warren,2018-19,11750000,PHX,
Zach Randolph,2018-19,11692308,DAL,
Marcus Smart,2018-19,11660716,BOS,
Patty Mills,2018-19,11571429,SAS,
Dion Waiters,2018-19,11550000,MIA,
Alec Burks,2018-19,11536515,SAC,
Tyson Chandler,2018-19,11475133,PHX,
John Henson,2018-19,11327466,CLE,
Omer Asik,2018-19,11286516,CHI,
Jusuf Nurkic,2018-19,11111111,POR,
Iman Shumpert,2018-19,11011234,HOU,
Maurice Harkless,2018-19,10837079,POR,
Tony Snell,2018-19,10607143,MIL,
Meyers Leonard,2018-19,10595506,POR,
Bojan Bogdanovic,2018-19,10500000,IND,
Terrence Ross,2018-19,10500000,ORL,
Robert Covington,2018-19,10464092,MIN,
Rudy Gay,2018-19,10087200,SAS,
Jon Leuer,2018-19,10002681,DET,
Darren Collison,2018-19,10000000,IND,
Andre Roberson,2018-19,10000000,OKC,
Danny Green,2018-19,10000000,TOR,
Dwight Powell,2018-19,9631250,DAL,
Matthew Dellavedova,2018-19,9607500,CLE,
Jared Dudley,2018-19,9530000,BKN,
Josh Richardson,2018-19,9367200,MIA,
Norman Powell,2018-19,9367200,TOR,
Dante Exum,2018-19,9100000,UTA,
Rajon Rondo,2018-19,9000000,LAL,
Bogdan Bogdanovic,2018-19,9000000,SAC,
E'Twaun Moore,2018-19,8808685,NOP,
Kosta Koufos,2018-19,8739500,SAC,
Jerami Grant,2018-19,8653847,OKC,
Fred VanVleet,2018-19,8653847,TOR,
Kyle Anderson,2018-19,8641000,MEM,
Julius Randle,2018-19,8641000,NOP,
Markieff Morris,2018-19,8600000,NOP,
Jerryd Bayless,2018-19,8575916,MIN,
Cristiano Felicio,2018-19,8470980,CHI,
Markelle Fultz,2018-19,8339880,ORL,
Joe Harris,2018-19,8333333,BKN,
C.J. Miles,2018-19,8333333,MEM,
Shaun Livingston,2018-19,8307692,GSW,
Deandre Ayton,2018-19,8165160,PHX,
Lou Williams,2018-19,8000000,LAC,
Garrett Temple,2018-19,8000000,LAC,
P.J. Tucker,2018-19,7969537,HOU,
Cory Joseph,2018-19,7945000,IND,
Karl-Anthony Towns,2018-19,7839435,MIN,
JaMychal Green,2018-19,7666667,LAC,
Kyle Korver,2018-19,7560000,UTA,
Jeremy Lamb,2018-19,7488372,CHA,
Darrell Arthur,2018-19,7464912,PHX,
Lonzo Ball,2018-19,7461960,LAL,
Doug McDermott,2018-19,7333334,IND,
Jae Crowder,2018-19,7305825,UTA,
Marvin Bagley,2018-19,7305600,SAC,
D.J. Augustin,2018-19,7250000,ORL,
Dewayne Dedmon,2018-19,7200000,ATL,
Lance Thomas,2018-19,7119650,NYK,
D'Angelo Russell,2018-19,7019698,BKN,
Langston Galloway,2018-19,7000000,DET,
Ersan Ilyasova,2018-19,7000000,MIL,
Boban Marjanovic,2018-19,7000000,PHI,
Davis Bertans,2018-19,7000000,SAS,
Al-Farouq Aminu,2018-19,6957105,POR,
Jayson Tatum,2018-19,6700800,BOS,
Luka Doncic,2018-19,6560640,DAL,
Mario Hezonja,2018-19,6500000,NYK,
Nemanja Bjelica,2018-19,6500000,SAC,
Ben Simmons,2018-19,6434520,PHI,
Milos Teodosic,2018-19,6300000,LAC,
Wayne Ellington,2018-19,6270000,PHX,
Marco Belinelli,2018-19,6153846,SAS,
Wesley Johnson,2018-19,6134520,WAS,
Josh Jackson,2018-19,6041520,PHX,
Ish Smith,2018-19,6000000,DET,
Montrezl Harrell,2018-19,6000000,LAC,
Jonathon Simmons,2018-19,6000000,PHI,
Jaren Jackson,2018-19,5915040,MEM,
Brandon Ingram,2018-19,5757120,LAL,
Anthony Tolliver,2018-19,5750000,MIN,
Kristaps Porzingis,2018-19,5697054,DAL,
Deron Williams,2018-19,5474787,BKN,
De'Aaron Fox,2018-19,5470920,SAC,
Ben McLemore,2018-19,5460000,SAC,
Patrick Patterson,2018-19,5451600,OKC,
Jason Smith,2018-19,5450000,NOP,
Marcus Morris,2018-19,5375000,BOS,
Trae Young,2018-19,5356440,ATL,
DeMarcus Cousins,2018-19,5337000,GSW,
Josh Smith,2018-19,5331729,DET,
Alexis Ajinca,2018-19,5285394,LAC,
Thabo Sefolosha,2018-19,5250000,UTA,
Aron Baynes,2018-19,5193600,BOS,
Jaylen Brown,2018-19,5169960,BOS,
Patrick Beverley,2018-19,5027028,LAC,
Tony Parker,2018-19,5000000,CHA,
Dirk Nowitzki,2018-19,5000000,DAL,
Mike Muscala,2018-19,5000000,LAL,
Jonathan Isaac,2018-19,4969080,ORL,
Mohamed Bamba,2018-19,4865040,ORL,
Willie Cauley-Stein,2018-19,4696875,SAC,
Dragan Bender,2018-19,4661280,PHX,
Ron Baker,2018-19,4544400,NYK,
Lauri Markkanen,2018-19,4536120,CHI,
Ed Davis,2018-19,4449000,BKN,
Kyle O'Quinn,2018-19,4449000,IND,
Lance Stephenson,2018-19,4449000,LAL,
Wendell Carter,2018-19,4441200,CHI,
Justin Holiday,2018-19,4384616,MEM,
Alex Len,2018-19,4350000,ATL,
Luc Mbah a Moute,2018-19,4320500,LAC,
Mike Scott,2018-19,4320500,PHI,
Emmanuel Mudiay,2018-19,4294480,NYK,
Kris Dunn,2018-19,4221000,CHI,
Frank Ntilikina,2018-19,4155720,NYK,
Glenn Robinson,2018-19,4075000,DET,
Collin Sexton,2018-19,4068600,CLE,
Al Jefferson,2018-19,4000000,IND,
Stanley Johnson,2018-19,3940402,NOP,
Buddy Hield,2018-19,3833760,SAC,
Dennis Smith,2018-19,3819960,NYK,
Kevin Knox,2018-19,3739920,NYK,
J.J. Barea,2018-19,3710850,DAL,
Nene Hilario,2018-19,3651480,HOU,
Zach Collins,2018-19,3628920,POR,
Frank Kaminsky,2018-19,3627842,CHA,
Alex Abrines,2018-19,3575183,OKC,
Mikal Bridges,2018-19,3552960,PHX,
Michael Beasley,2018-19,3500000,LAC,
Mirza Teletovic,2018-19,3500000,MIL,
Jamal Murray,2018-19,3499800,DEN,
Rodney Hood,2018-19,3472888,POR,
Jodie Meeks,2018-19,3454500,MIL,
Justise Winslow,2018-19,3448926,MIA,
Malik Monk,2018-19,3447480,CHA,
Myles Turner,2018-19,3410284,IND,
Brook Lopez,2018-19,3382000,MIL,
Allonzo Trier,2018-19,3382000,NYK,
Shai Gilgeous-Alexander,2018-19,3375360,LAC,
Trey Lyles,2018-19,3364249,DEN,
Ekpe Udoh,2018-19,3360000,UTA,
Devin Booker,2018-19,3314365,PHX,
Luke Kennard,2018-19,3275280,DET,
Cameron Payne,2018-19,3263295,CHI,
Troy Daniels,2018-19,3258539,PHX,
Kelly Oubre,2018-19,3208630,PHX,
Miles Bridges,2018-19,3206640,CHA,
Marquese Chriss,2018-19,3206160,CLE,
Tomas Satoransky,2018-19,3129187,WAS,
Bryn Forbes,2018-19,3125000,SAS,
Donovan Mitchell,2018-19,3111480,UTA,
Terry Rozier,2018-19,3050390,BOS,
Jerome Robinson,2018-19,3046200,LAC,
Elfrid Payton,2018-19,3000000,NOP,
Yogi Ferrell,2018-19,3000000,SAC,
Bam Adebayo,2018-19,2955840,MIA,
Jakob Poltl,2018-19,2947320,SAS,
Michael Porter,2018-19,2894160,DEN,
Andrew Nicholson,2018-19,2844430,POR,
Justin Jackson,2018-19,2807880,DAL,
Thon Maker,2018-19,2799720,DET,
Seth Curry,2018-19,2795000,POR,
Cedi Osman,2018-19,2775000,CLE,
Sam Dekker,2018-19,2760095,WAS,
Troy Brown,2018-19,2749080,WAS,
Guerschon Yabusele,2018-19,2667600,BOS,
Justin Patton,2018-19,2667600,PHI,
Domantas Sabonis,2018-19,2659800,IND,
Jerian Grant,2018-19,2639314,ORL,
Zhaire Smith,2018-19,2611800,PHI,
Delon Wright,2018-19,2536898,MEM,
D.J. Wilson,2018-19,2534280,MIL,
Taurean Waller-Prince,2018-19,2526840,ATL,
Dario Saric,2018-19,2526840,MIN,
Justin Anderson,2018-19,2516048,ATL,
Reggie Bullock,2018-19,2500000,LAL,
Manu Ginobili,2018-19,2500000,SAS,
Bobby Portis,2018-19,2494346,WAS,
Dante Cunningham,2018-19,2487000,SAS,
Donte DiVincenzo,2018-19,2481000,MIL,
Rondae Hollis-Jefferson,2018-19,2470357,BKN,
Tyus Jones,2018-19,2444053,MIN,
Jarell Martin,2018-19,2416222,ORL,
T.J. Leaf,2018-19,2407560,IND,
Vince Carter,2018-19,2393887,ATL,
Jamal Crawford,2018-19,2393887,PHX,
Channing Frye,2018-19,2393887,CLE,
Devin Harris,2018-19,2393887,DAL,
Jose Calderon,2018-19,2393887,DET,
Zaza Pachulia,2018-19,2393887,DET,
Gerald Green,2018-19,2393887,HOU,
JaVale McGee,2018-19,2393887,LAL,
Udonis Haslem,2018-19,2393887,MIA,
Dwyane Wade,2018-19,2393887,MIA,
Raymond Felton,2018-19,2393887,OKC,
Amir Johnson,2018-19,2393887,PHI,
Jeff Green,2018-19,2393887,WAS,
Lonnie Walker,2018-19,2357160,SAS,
John Collins,2018-19,2299080,ATL,
Denzel Valentine,2018-19,2280600,CHI,
Larry Nance,2018-19,2272391,CLE,
Corey Brewer,2018-19,2270496,SAC,
Kevin Huerter,2018-19,2250960,ATL,
Monta Ellis,2018-19,2245400,IND,
Harry Giles,2018-19,2207040,SAC,
Darius Miller,2018-19,2205000,NOP,
Omri Casspi,2018-19,2176260,MEM,
Derrick Rose,2018-19,2176260,MIN,
Juan Hernangomez,2018-19,2166360,DEN,
Greg Monroe,2018-19,2165481,BKN,
Jonas Jerebko,2018-19,2165481,GSW,
Quincy Pondexter,2018-19,2165481,SAS,
Josh Okogie,2018-19,2160720,MIN,
Raul Neto,2018-19,2150000,UTA,
Matt Barnes,2018-19,2133542,SAC,
Terrance Ferguson,2018-19,2118840,OKC,
Salah Mejri,2018-19,2098196,DAL,
Grayson Allen,2018-19,2074320,UTA,
Jarrett Allen,2018-19,2034120,BKN,
Shelvin Mack,2018-19,2029463,CHA,
Isaiah Thomas,2018-19,2029463,DEN,
Spencer Hawes,2018-19,2007058,MIL,
Georgios Papagiannis,2018-19,2000400,SAC,
Torrey Craig,2018-19,2000000,DEN,
Chandler Hutchison,2018-19,1991520,CHI,
Ante Zizic,2018-19,1952760,CLE,
OG Anunoby,2018-19,1952760,TOR,
Shabazz Napier,2018-19,1942422,BKN,
Anderson Varejao,2018-19,1913345,POR,
Aaron Holiday,2018-19,1911960,IND,
Tim Duncan,2018-19,1881250,SAS,
Tyler Lydon,2018-19,1874640,DEN,
Larry Sanders,2018-19,1865547,MIL,
Henry Ellenson,2018-19,1857480,DET,
Anfernee Simons,2018-19,1835520,POR,
Trey Burke,2018-19,1795015,DAL,
Malik Beasley,2018-19,1773840,DEN,
Moritz Wagner,2018-19,1762080,LAL,
Ian Clark,2018-19,1757429,NOP,
Nerlens Noel,2018-19,1757429,OKC,
Furkan Korkmaz,2018-19,1740000,PHI,
Caleb Swanigan,2018-19,1740000,SAC,
Landry Shamet,2018-19,1703640,LAC,
Caris LeVert,2018-19,1702800,BKN,
Jonah Bolden,2018-19,1690000,PHI,
Kyle Kuzma,2018-19,1689840,LAL,
Tony Bradley,2018-19,1679520,UTA,
Derrick White,2018-19,1667160,SAS,
Spencer Dinwiddie,2018-19,1656092,BKN,
MarShon Brooks,2018-19,1656092,CHI,
Josh Hart,2018-19,1655160,LAL,
Robert Williams,2018-19,1654440,BOS,
Jacob Evans,2018-19,1644240,GSW,
Pat Connaughton,2018-19,1641000,MIL,
DeAndre' Bembry,2018-19,1634640,ATL,
Dzanan Musa,2018-19,1632240,BKN,
Nik Stauskas,2018-19,1621415,IND,
Tim Frazier,2018-19,1621415,NOP,
Noah Vonleh,2018-19,1621415,NYK,
James Ennis,2018-19,1621415,PHI,
Omari Spellman,2018-19,1620480,ATL,
Luke Kornet,2018-19,1619260,NYK,
Rodions Kurucs,2018-19,1618320,BKN,
T.J. McConnell,2018-19,1600520,PHI,
Richaun Holmes,2018-19,1600520,PHX,
Malachi Richardson,2018-19,1569360,PHI,
Kevon Looney,2018-19,1567007,GSW,
Jahlil Okafor,2018-19,1567007,NOP,
Deyonta Davis,2018-19,1544951,SAC,
Willy Hernangomez,2018-19,1544951,CHA,
Timothe Luwawu-Cabarrot,2018-19,1544951,CHI,
Wayne Selden,2018-19,1544951,CHI,
Dorian Finney-Smith,2018-19,1544951,DAL,
Chinanu Onuaku,2018-19,1544951,DAL,
Quinn Cook,2018-19,1544951,GSW,
Damian Jones,2018-19,1544951,GSW,
Wade Baldwin,2018-19,1544951,IND,
Rodney McGruder,2018-19,1544951,LAC,
Ivica Zubac,2018-19,1544951,LAC,
Malcolm Brogdon,2018-19,1544951,MIL,
Cheick Diallo,2018-19,1544951,NOP,
Jake Layman,2018-19,1544951,POR,
Skal Labissiere,2018-19,1544951,POR,
Dejounte Murray,2018-19,1544951,SAS,
Pascal Siakam,2018-19,1544951,TOR,
Treveon Graham,2018-19,1512601,BKN,
David Nwaba,2018-19,1512601,CLE,
Derrick Jones,2018-19,1512601,MIA,
Christian Wood,2018-19,1512601,NOP,
Georges Niang,2018-19,1512601,UTA,
Sviatoslav Mykhailiuk,2018-19,1487694,DET,
Mitchell Robinson,2018-19,1485440,NYK,
Semi Ojeleye,2018-19,1378242,BOS,
Daniel Theis,2018-19,1378242,BOS,
Dwayne Bacon,2018-19,1378242,CHA,
Maxi Kleber,2018-19,1378242,DAL,
Jordan Bell,2018-19,1378242,GSW,
Ike Anigbogu,2018-19,1378242,IND,
Davon Reed,2018-19,1378242,PHX,
Jawun Evans,2018-19,1378242,LAC,
Sindarius Thornwell,2018-19,1378242,LAC,
Tyler Dorsey,2018-19,1378242,MEM,
Rade Zagorac,2018-19,1378242,MEM,
Ivan Rabb,2018-19,1378242,MEM,
Dillon Brooks,2018-19,1378242,MEM,
Sterling Brown,2018-19,1378242,MIL,
Frank Jackson,2018-19,1378242,NOP,
Damyean Dotson,2018-19,1378242,NYK,
Abdel Nader,2018-19,1378242,OKC,
Wesley Iwundu,2018-19,1378242,ORL,
Khem Birch,2018-19,1378242,ORL,
Frank Mason,2018-19,1378242,SAC,
Royce O'Neale,2018-19,1378242,UTA,
Thomas Bryant,2018-19,1378242,WAS,
Kevin Martin,2018-19,1360304,MIN,
Daniel Hamilton,2018-19,1349383,ATL,
Jabari Bird,2018-19,1349383,ATL,
Antonio Blakeney,2018-19,1349383,CHI,
Ryan Arcidiacono,2018-19,1349383,CHI,
Monte Morris,2018-19,1349383,DEN,
Alfonzo McKinnie,2018-19,1349383,GSW,
Tyrone Wallace,2018-19,1349383,LAC,
Shaquille Harrison,2018-19,1311265,CHI,
Elie Okobo,2018-19,1238464,PHX,
Jalen Brunson,2018-19,1230000,DAL,
Michael Carter-Williams,2018-19,1200000,CHI,
Melvin Frazier,2018-19,1050000,ORL,
Isaac Bonga,2018-19,1000000,LAL,
Justin Hamilton,2018-19,1000000,TOR,
Kyle Singler,2018-19,999200,OKC,
Chasson Randle,2018-19,991072,WAS,
Devonte' Graham,2018-19,988464,CHA,
Isaiah Taylor,2018-19,950000,CLE,
De'Anthony Melton,2018-19,949000,PHX,
Jason Thompson,2018-19,945126,GSW,
Brad Wanamaker,2018-19,838464,BOS,
Ray Spalding,2018-19,838464,DAL,
Ryan Broekhoff,2018-19,838464,DAL,
Jarred Vanderbilt,2018-19,838464,DEN,
Bruce Brown,2018-19,838464,DET,
Khyri Thomas,2018-19,838464,DET,
Isaiah Hartenstein,2018-19,838464,HOU,
Alize Johnson,2018-19,838464,IND,
Jevon Carter,2018-19,838464,MEM,
Keita Bates-Diop,2018-19,838464,MIN,
Kenrich Williams,2018-19,838464,NOP,
Hamidou Diallo,2018-19,838464,OKC,
Isaiah Briscoe,2018-19,838464,ORL,
Gary Trent,2018-19,838464,POR,
Chimezie Metu,2018-19,838464,SAS,
Martell Webster,2018-19,833333,WAS,
Lorenzo Brown,2018-19,800000,TOR,
Patrick McCaw,2018-19,786211,TOR,
Bruno Caboclo,2018-19,705361,MEM,
Cole Aldrich,2018-19,685341,MIN,
James Nunnally,2018-19,655632,MIN,
Carlos Delfino,2018-19,650000,LAC,
Gary Clark,2018-19,596873,HOU,
John Jenkins,2018-19,585810,NYK,
Caron Butler,2018-19,517219,SAC,
Zhou Qi,2018-19,506134,HOU,
Andrew Bogut,2018-19,486892,GSW,
Dakari Johnson,2018-19,459414,MEM,
Malcolm Miller,2018-19,457418,TOR,
Chris Boucher,2018-19,457418,TOR,
Isaiah Canaan,2018-19,456733,PHX,
Edmond Sumner,2018-19,449794,IND,
A.J. Hammons,2018-19,350088,MIA,
Danuel House,2018-19,341830,HOU,
C.J. Watson,2018-19,333333,ORL,
Festus Ezeli,2018-19,333333,POR,
Nick Young,2018-19,311070,DEN,
Okaro White,2018-19,264919,WAS,
Miroslav Raduljica,2018-19,252043,LAC,
Eric Moreland,2018-19,239035,PHX,
Jaylen Adams,2018-19,236854,ATL,
Quincy Acy,2018-19,213948,PHX,
Cameron Reynolds,2018-19,203695,MIN,
Andrew Harrison,2018-19,200000,MEM,
Terrence Jones,2018-19,198580,HOU,
Jimmer Fredette,2018-19,198580,PHX,
Dairis Bertans,2018-19,194220,NOP,
Jamaal Franklin,2018-19,163296,MEM,
Ben Moore,2018-19,160096,IND,
Deonte Burton,2018-19,151587,OKC,
Chris Chiozza,2018-19,137376,HOU,
Troy Williams,2018-19,122741,HOU,
Tyler Zeller,2018-19,106974,ATL,
Walt Lemon,2018-19,99107,CHI,
B.J. Johnson,2018-19,94742,ATL,
Mitch Creek,2018-19,94742,BKN,
Justin Bibbs,2018-19,94742,LAC,
Demetrius Jackson,2018-19,92857,BOS,
JaKarr Sampson,2018-19,88531,CHI,
Scotty Hopson,2018-19,85458,OKC,
Gary Payton,2018-19,85458,WAS,
Kobi Simmons,2018-19,76236,CLE,
Scott Machado,2018-19,76236,LAL,
Andre Ingram,2018-19,76236,LAL,
Charles Cooke,2018-19,76236,MIA,
Brandon Goodwin,2018-19,66319,DEN,
Donatas Motiejunas,2018-19,59820,SAS,
Jemerrio Jones,2018-19,52108,LAL,
Garlon Green,2018-19,50000,NOP,
Isaac Humphries,2018-19,47371,ATL,
Jordan Sibert,2018-19,47371,ATL,
Tahjere McCall,2018-19,47371,BKN,
Emanuel Terry,2018-19,47371,MIA,
Stephan Hicks,2018-19,47371,IND,
Dusty Hannahs,2018-19,47371,MEM,
Richard Solomon,2018-19,47371,OKC,
Cody Demps,2018-19,47371,SAC,
Billy Garrett,2018-19,42634,NYK,
Michael Frazier,2018-19,23685,HOU,
Jonathan Gibson,2018-19,17092,BOS,
Jordan McRae,2018-19,17092,WAS,
Yante Maten,2018-19,14211,MIA,
Duncan Robinson,2018-19,9474,MIA,
Tarik Phillip,2018-19,9474,WAS,
Terry Larrier,2018-19,6000,DAL,
Theo Pinson,2018-19,4737,BKN,
Ding Yanyuhang,2018-19,4737,DAL,
Kendrick Nunn,2018-19,4737,MIA,
Alex Poythress,2018-19,0,ATL,
R.J. Hunter,2018-19,0,BOS,
PJ Dozier,2018-19,0,BOS,
Alan Williams,2018-19,0,BKN,
Joe Chealey,2018-19,0,CHA,
J.P. Macura,2018-19,0,CHA,
Brandon Sampson,2018-19,0,CHI,
Rawle Alkins,2018-19,0,CHI,
Jaron Blossomgame,2018-19,0,CLE,
Deng Adel,2018-19,0,CLE,
Daryl Macon,2018-19,0,DAL,
Kostas Antetokounmpo,2018-19,0,DAL,
Thomas Welsh,2018-19,0,DEN,
Kalin Lucas,2018-19,0,DET,
Isaiah Whitehead,2018-19,0,DET,
Marcus Derrickson,2018-19,0,GSW,
Damion Lee,2018-19,0,GSW,
Vince Edwards,2018-19,0,HOU,
Trevon Duval,2018-19,0,HOU,
Johnathan Motley,2018-19,0,LAC,
Angel Delgado,2018-19,0,LAC,
Alex Caruso,2018-19,0,LAL,
Johnathan Williams,2018-19,0,LAL,
Yuta Watanabe,2018-19,0,MEM,
Julian Washburn,2018-19,0,MEM,
Bonzie Colson,2018-19,0,MIL,
Jared Terrell,2018-19,0,MIN,
C.J. Williams,2018-19,0,MIN,
Trevon Bluiett,2018-19,0,NOP,
Kadeem Allen,2018-19,0,NYK,
Isaiah Hicks,2018-19,0,NYK,
Donte Grantham,2018-19,0,OKC,
Troy Caupain,2018-19,0,ORL,
Amile Jefferson,2018-19,0,ORL,
Shake Milton,2018-19,0,PHI,
Haywood Highsmith,2018-19,0,PHI,
George King,2018-19,0,PHX,
Wenyen Gabriel,2018-19,0,SAC,
Drew Eubanks,2018-19,0,SAS,
Jordan Loyd,2018-19,0,TOR,
Naz Mitrou-Long,2018-19,0,UTA,
Tyler Cavanaugh,2018-19,0,UTA,
Devin Robinson,2018-19,0,WAS,
Stephen Curry,2019-20,40231758,GSW,
Russell Westbrook,2019-20,38506482,HOU,
Chris Paul,2019-20,38506482,OKC,
James Harden,2019-20,38199000,HOU,
John Wall,2019-20,38199000,WAS,
LeBron James,2019-20,37436858,LAL,
Kevin Durant,2019-20,37199000,BKN,
Blake Griffin,2019-20,34234964,DET,
Kyle Lowry,2019-20,33296296,TOR,
Paul George,2019-20,33005556,LAC,
Kemba Walker,2019-20,32742000,BOS,
Klay Thompson,2019-20,32742000,GSW,
Kawhi Leonard,2019-20,32742000,LAC,
Jimmy Butler,2019-20,32742000,MIA,
Tobias Harris,2019-20,32742000,PHI,
Gordon Hayward,2019-20,32700690,BOS,
Mike Conley,2019-20,32511623,UTA,
Kyrie Irving,2019-20,31742000,BKN,
Khris Middleton,2019-20,30603448,MIL,
Paul Millsap,2019-20,30500000,DEN,
Damian Lillard,2019-20,29802321,POR,
Kevin Love,2019-20,28942830,CLE,
Nikola Vucevic,2019-20,28000000,ORL,
Al Horford,2019-20,28000000,PHI,
DeMar DeRozan,2019-20,27739975,SAS,
CJ McCollum,2019-20,27556959,POR,
Andrew Wiggins,2019-20,27504630,GSW,
Joel Embiid,2019-20,27504630,PHI,
Kristaps Porzingis,2019-20,27285000,DAL,
Karl-Anthony Towns,2019-20,27285000,MIN,
D'Angelo Russell,2019-20,27285000,MIN,
Devin Booker,2019-20,27285000,PHX,
Otto Porter,2019-20,27250576,CHI,
Andre Drummond,2019-20,27093019,CLE,
Anthony Davis,2019-20,27093019,LAL,
Hassan Whiteside,2019-20,27093018,POR,
Nikola Jokic,2019-20,26573595,DEN,
Jrue Holiday,2019-20,26131111,NOP,
LaMarcus Aldridge,2019-20,26000000,SAS,
Giannis Antetokounmpo,2019-20,25842697,MIL,
Steven Adams,2019-20,25842697,OKC,
Marc Gasol,2019-20,25595700,TOR,
Nicolas Batum,2019-20,25565217,CHA,
Bradley Beal,2019-20,25399705,WAS,
Chandler Parsons,2019-20,25102511,ATL,
Rudy Gobert,2019-20,25008427,UTA,
Harrison Barnes,2019-20,24147727,SAC,
Serge Ibaka,2019-20,23271604,TOR,
Danilo Gallinari,2019-20,22615559,OKC,
Victor Oladipo,2019-20,21000000,IND,
Malcolm Brogdon,2019-20,20000000,IND,
Terry Rozier,2019-20,19894737,CHA,
Aaron Gordon,2019-20,19863636,ORL,
Zach LaVine,2019-20,19500000,CHI,
Kent Bazemore,2019-20,19269662,SAC,
Tyler Johnson,2019-20,19245370,PHX,
Goran Dragic,2019-20,19217900,MIA,
Jeff Teague,2019-20,19000000,ATL,
Evan Turner,2019-20,18606557,MIN,
Tristan Thompson,2019-20,18539130,CLE,
Draymond Green,2019-20,18539130,GSW,
Tim Hardaway,2019-20,18150000,DAL,
Julius Randle,2019-20,18000000,NYK,
Gary Harris,2019-20,17839286,DEN,
Allen Crabbe,2019-20,17818456,MIN,
Derrick Favors,2019-20,17650000,NOP,
Myles Turner,2019-20,17500000,IND,
Reggie Jackson,2019-20,17286956,DET,
Andre Iguodala,2019-20,17185185,MIA,
Bismack Biyombo,2019-20,17000000,CHA,
Evan Fournier,2019-20,17000000,ORL,
Bojan Bogdanovic,2019-20,17000000,UTA,
Gorgui Dieng,2019-20,16229213,MEM,
Ricky Rubio,2019-20,16200000,PHX,
Jonas Valanciunas,2019-20,16000000,MEM,
Brandon Knight,2019-20,15643750,DET,
Eric Bledsoe,2019-20,15625000,MIL,
Kelly Oubre,2019-20,15625000,PHX,
Dennis Schroder,2019-20,15500000,OKC,
Ian Mahinmi,2019-20,15450051,WAS,
James Johnson,2019-20,15349400,MIN,
Marcus Morris,2019-20,15000000,LAC,
Bobby Portis,2019-20,15000000,NYK,
Clint Capela,2019-20,14896552,ATL,
Danny Green,2019-20,14634146,LAL,
Cody Zeller,2019-20,14471910,CHA,
Eric Gordon,2019-20,14057730,HOU,
Marvin Williams,2019-20,14049901,CHA,
Mason Plumlee,2019-20,14041096,DEN,
Rudy Gay,2019-20,14000000,SAS,
J.J. Redick,2019-20,13486300,NOP,
Jordan Clarkson,2019-20,13437500,UTA,
Dewayne Dedmon,2019-20,13333333,ATL,
Justise Winslow,2019-20,13000000,MEM,
Thaddeus Young,2019-20,12900000,CHI,
Will Barton,2019-20,12776786,DEN,
Courtney Lee,2019-20,12759670,DAL,
Solomon Hill,2019-20,12758781,MIA,
Larry Nance,2019-20,12727273,CLE,
Miles Plumlee,2019-20,12500000,MEM,
Terrence Ross,2019-20,12500000,ORL,
Patty Mills,2019-20,12428571,SAS,
Patrick Beverley,2019-20,12345679,LAC,
Trevor Ariza,2019-20,12200000,POR,
Michael Kidd-Gilchrist,2019-20,12189237,CHA,
Dion Waiters,2019-20,12100000,MEM,
Brook Lopez,2019-20,12093024,MIL,
Jusuf Nurkic,2019-20,12000000,POR,
Cory Joseph,2019-20,12000000,SAC,
Marcus Smart,2019-20,11768879,BOS,
Kelly Olynyk,2019-20,11667885,MIA,
Maurice Harkless,2019-20,11511234,NYK,
Tony Snell,2019-20,11392857,DET,
Robert Covington,2019-20,11301219,HOU,
Meyers Leonard,2019-20,11286515,MIA,
Joe Ingles,2019-20,11207387,UTA,
T.J. Warren,2019-20,10810000,IND,
Andre Roberson,2019-20,10740741,OKC,
Spencer Dinwiddie,2019-20,10605600,BKN,
Jeremy Lamb,2019-20,10500000,IND,
Dwight Powell,2019-20,10259375,DAL,
George Hill,2019-20,10133907,MIL,
Josh Richardson,2019-20,10116576,PHI,
Norman Powell,2019-20,10116576,TOR,
DeAndre Jordan,2019-20,9881598,BKN,
Taj Gibson,2019-20,9800000,NYK,
Zion Williamson,2019-20,9757440,NOP,
Markelle Fultz,2019-20,9745200,ORL,
John Henson,2019-20,9732396,DET,
Matthew Dellavedova,2019-20,9607500,CLE,
Dante Exum,2019-20,9600000,CLE,
Deandre Ayton,2019-20,9562920,PHX,
Delon Wright,2019-20,9473684,DAL,
Tomas Satoransky,2019-20,9375000,CHI,
Jerami Grant,2019-20,9346153,DEN,
Fred VanVleet,2019-20,9346153,TOR,
Al-Farouq Aminu,2019-20,9258000,ORL,
Kyle Anderson,2019-20,9073050,MEM,
Ja Morant,2019-20,8730240,MEM,
C.J. Miles,2019-20,8730158,WAS,
Lonzo Ball,2019-20,8719320,NOP,
E'Twaun Moore,2019-20,8664928,NOP,
Marvin Bagley,2019-20,8556120,SAC,
Bogdan Bogdanovic,2019-20,8529386,SAC,
Tyus Jones,2019-20,8400000,MEM,
P.J. Tucker,2019-20,8349039,HOU,
Cristiano Felicio,2019-20,8156500,CHI,
Ben Simmons,2019-20,8113930,PHI,
Kentavious Caldwell-Pope,2019-20,8089282,LAL,
Maxi Kleber,2019-20,8000000,DAL,
Lou Williams,2019-20,8000000,LAC,
Wayne Ellington,2019-20,8000000,NYK,
Elfrid Payton,2019-20,8000000,NYK,
Thomas Bryant,2019-20,8000000,WAS,
RJ Barrett,2019-20,7839960,NYK,
Jayson Tatum,2019-20,7830000,BOS,
Jae Crowder,2019-20,7815533,MIA,
Luka Doncic,2019-20,7683360,DAL,
Joe Harris,2019-20,7666667,BKN,
Seth Curry,2019-20,7461380,DAL,
Doug McDermott,2019-20,7333334,IND,
Langston Galloway,2019-20,7333333,DET,
Derrick Rose,2019-20,7317073,DET,
Brandon Ingram,2019-20,7265485,NOP,
Darius Miller,2019-20,7250000,NOP,
D.J. Augustin,2019-20,7250000,ORL,
De'Andre Hunter,2019-20,7068360,ATL,
Josh Jackson,2019-20,7059480,MEM,
Ersan Ilyasova,2019-20,7000000,MIL,
Davis Bertans,2019-20,7000000,WAS,
Jaren Jackson,2019-20,6927480,MEM,
DeMarre Carroll,2019-20,6842307,SAS,
Nemanja Bjelica,2019-20,6825000,SAC,
Jaylen Brown,2019-20,6534829,BOS,
Jabari Parker,2019-20,6500000,SAC,
Ivica Zubac,2019-20,6481482,LAC,
Joakim Noah,2019-20,6431666,NYK,
Darius Garland,2019-20,6400920,CLE,
De'Aaron Fox,2019-20,6392760,SAC,
Trae Young,2019-20,6273000,ATL,
Montrezl Harrell,2019-20,6000000,LAC,
Ish Smith,2019-20,6000000,WAS,
Marco Belinelli,2019-20,5846154,SAS,
Jarrett Culver,2019-20,5813640,MIN,
Jonathan Isaac,2019-20,5806440,ORL,
Rodney Hood,2019-20,5718000,POR,
Mohamed Bamba,2019-20,5697600,ORL,
Timofey Mozgov,2019-20,5573333,ORL,
Trey Lyles,2019-20,5500000,SAS,
Deron Williams,2019-20,5474787,BKN,
Aron Baynes,2019-20,5453280,PHX,
Kris Dunn,2019-20,5348007,CHI,
Josh Smith,2019-20,5331729,DET,
Coby White,2019-20,5307120,CHI,
Lauri Markkanen,2019-20,5300400,CHI,
Ryan Anderson,2019-20,5214583,MIA,
Wendell Carter,2019-20,5201400,CHI,
Pau Gasol,2019-20,5074856,SAS,
Daniel Theis,2019-20,5000000,BOS,
Luol Deng,2019-20,5000000,LAL,
Jaxson Hayes,2019-20,4862040,NOP,
Buddy Hield,2019-20,4861208,SAC,
Frank Ntilikina,2019-20,4855800,NYK,
Rodney McGruder,2019-20,4807693,LAC,
Enes Freedom,2019-20,4767000,BOS,
Garrett Temple,2019-20,4767000,BKN,
Justin Holiday,2019-20,4767000,IND,
JaMychal Green,2019-20,4767000,LAC,
Avery Bradley,2019-20,4767000,LAL,
Robin Lopez,2019-20,4767000,MIL,
Mike Scott,2019-20,4767000,PHI,
Frank Kaminsky,2019-20,4767000,PHX,
Richaun Holmes,2019-20,4767000,SAC,
Ed Davis,2019-20,4767000,UTA,
Collin Sexton,2019-20,4764960,CLE,
Rui Hachimura,2019-20,4469160,WAS,
Kevon Looney,2019-20,4464286,GSW,
Dennis Smith,2019-20,4463640,NYK,
Jamal Murray,2019-20,4444746,DEN,
Kevin Knox,2019-20,4380120,NYK,
Cam Reddish,2019-20,4245720,ATL,
Zach Collins,2019-20,4240200,POR,
Mikal Bridges,2019-20,4161000,PHX,
Alex Len,2019-20,4160000,SAC,
Nicolo Melli,2019-20,4102564,NOP,
Cameron Johnson,2019-20,4033440,PHX,
Malik Monk,2019-20,4028400,CHA,
Dorian Finney-Smith,2019-20,4000000,DAL,
JaVale McGee,2019-20,4000000,LAL,
Reggie Bullock,2019-20,4000000,NYK,
Patrick McCaw,2019-20,4000000,TOR,
Shai Gilgeous-Alexander,2019-20,3952920,OKC,
P.J. Washington,2019-20,3831840,CHA,
Luke Kennard,2019-20,3827160,DET,
Miles Bridges,2019-20,3755400,CHA,
Jakob Poeltl,2019-20,3754886,SAS,
Tyler Herro,2019-20,3640200,MIA,
Donovan Mitchell,2019-20,3635760,UTA,
Stanley Johnson,2019-20,3623000,TOR,
Jake Layman,2019-20,3581986,MIN,
Thon Maker,2019-20,3569643,DET,
Jerome Robinson,2019-20,3567720,WAS,
Allonzo Trier,2019-20,3551100,NYK,
Danuel House,2019-20,3540000,HOU,
Domantas Sabonis,2019-20,3529555,IND,
Boban Marjanovic,2019-20,3500000,DAL,
T.J. McConnell,2019-20,3500000,IND,
DeMarcus Cousins,2019-20,3500000,LAL,
Mirza Teletovic,2019-20,3500000,MIL,
Taurean Prince,2019-20,3481986,BKN,
Dario Saric,2019-20,3481986,PHX,
Romeo Langford,2019-20,3458400,BOS,
Bam Adebayo,2019-20,3454080,MIA,
Kyle Korver,2019-20,3440000,PHX,
Michael Porter,2019-20,3389400,DEN,
Denzel Valentine,2019-20,3377569,CHI,
Juancho Hernangomez,2019-20,3321030,MIN,
Sekou Doumbouya,2019-20,3285120,DET,
Justin Jackson,2019-20,3280920,DAL,
Troy Brown,2019-20,3219480,WAS,
Jon Leuer,2019-20,3169348,MIL,
Yogi Ferrell,2019-20,3150000,SAC,
Zhaire Smith,2019-20,3058800,PHI,
Dwight Howard,2019-20,3039097,MEM,
Omer Asik,2019-20,3000000,CHI,
Ryan Arcidiacono,2019-20,3000000,CHI,
Quinn Cook,2019-20,3000000,LAL,
Khem Birch,2019-20,3000000,ORL,
Nickeil Alexander-Walker,2019-20,2964840,NOP,
D.J. Wilson,2019-20,2961120,MIL,
Cedi Osman,2019-20,2907143,CLE,
Donte DiVincenzo,2019-20,2905800,MIL,
Bryn Forbes,2019-20,2875000,SAS,
Andrew Nicholson,2019-20,2844430,POR,
Goga Bitadze,2019-20,2816760,IND,
T.J. Leaf,2019-20,2813280,IND,
Lonnie Walker,2019-20,2760480,SAS,
Alex Caruso,2019-20,2750000,LAL,
Malik Beasley,2019-20,2731714,MIN,
Luka Samanic,2019-20,2689920,SAS,
John Collins,2019-20,2686560,ATL,
Kevin Huerter,2019-20,2636280,ATL,
Caris LeVert,2019-20,2625718,BKN,
Marko Guduric,2019-20,2625000,MEM,
DeAndre' Bembry,2019-20,2603982,ATL,
Matisse Thybulle,2019-20,2582160,PHI,
Harry Giles,2019-20,2578800,SAC,
Nene Hilario,2019-20,2564753,ATL,
Vince Carter,2019-20,2564753,ATL,
Wilson Chandler,2019-20,2564753,BKN,
J.J. Barea,2019-20,2564753,DAL,
Gerald Green,2019-20,2564753,DEN,
Thabo Sefolosha,2019-20,2564753,HOU,
Tyson Chandler,2019-20,2564753,HOU,
Jeff Green,2019-20,2564753,UTA,
Jared Dudley,2019-20,2564753,LAL,
Rajon Rondo,2019-20,2564753,LAL,
Udonis Haslem,2019-20,2564753,MIA,
Wesley Matthews,2019-20,2564753,MIL,
Josh Okogie,2019-20,2530680,MIN,
Vincent Poirier,2019-20,2505793,BOS,
Rondae Hollis-Jefferson,2019-20,2500000,TOR,
Brandon Clarke,2019-20,2478840,MEM,
Terrance Ferguson,2019-20,2475840,OKC,
Anthony Tolliver,2019-20,2419852,SAC,
Alfonzo McKinnie,2019-20,2391985,CLE,
Grant Williams,2019-20,2379840,BOS,
Jarrett Allen,2019-20,2376840,BKN,
Pascal Siakam,2019-20,2351839,TOR,
Skal Labissiere,2019-20,2338847,ATL,
Chandler Hutchison,2019-20,2332320,CHI,
Patrick Patterson,2019-20,2331593,LAC,
Dejounte Murray,2019-20,2321735,SAS,
Isaiah Thomas,2019-20,2320044,LAC,
Alec Burks,2019-20,2320044,PHI,
Damian Jones,2019-20,2305057,ATL,
Darius Bazley,2019-20,2284800,OKC,
Ante Zizic,2019-20,2281800,CLE,
OG Anunoby,2019-20,2281800,TOR,
Grayson Allen,2019-20,2277563,MEM,
Luke Kornet,2019-20,2250000,CHI,
Monta Ellis,2019-20,2245400,IND,
Markieff Morris,2019-20,2241808,DET,
Aaron Holiday,2019-20,2239200,IND,
Ty Jerome,2019-20,2193480,PHX,
Willie Cauley-Stein,2019-20,2177483,DAL,
Austin Rivers,2019-20,2174318,HOU,
Carmelo Anthony,2019-20,2159029,POR,
Anfernee Simons,2019-20,2149560,POR,
Matt Barnes,2019-20,2133541,SAC,
Nassir Little,2019-20,2105520,POR,
Moritz Wagner,2019-20,2063520,WAS,
Dylan Windler,2019-20,2035800,CLE,
Caleb Swanigan,2019-20,2033160,POR,
Trey Burke,2019-20,2028594,PHI,
Troy Daniels,2019-20,2028594,LAL,
Ben McLemore,2019-20,2028594,HOU,
Mike Muscala,2019-20,2028594,OKC,
Nerlens Noel,2019-20,2028594,OKC,
Michael Carter-Williams,2019-20,2028594,ORL,
Kyle O'Quinn,2019-20,2028594,PHI,
Spencer Hawes,2019-20,2007058,MIL,
Noah Vonleh,2019-20,2000000,DEN,
Torrey Craig,2019-20,2000000,DEN,
Edmond Sumner,2019-20,2000000,IND,
Landry Shamet,2019-20,1995120,LAC,
Mfiondu Kabengele,2019-20,1977000,LAC,
Kyle Kuzma,2019-20,1974600,LAL,
Jordan Poole,2019-20,1964760,GSW,
Tony Bradley,2019-20,1962360,UTA,
Keldon Johnson,2019-20,1950600,SAS,
Derrick White,2019-20,1948080,SAS,
Robert Williams,2019-20,1937520,BOS,
Josh Hart,2019-20,1934160,NOP,
Jacob Evans,2019-20,1925880,MIN,
Anderson Varejao,2019-20,1913345,POR,
Dzanan Musa,2019-20,1911600,BKN,
Omari Spellman,2019-20,1897800,MIN,
Tim Frazier,2019-20,1882867,DET,
James Ennis,2019-20,1882867,ORL,
Glenn Robinson,2019-20,1882867,PHI,
Larry Sanders,2019-20,1865547,MIL,
Bruno Caboclo,2019-20,1845301,HOU,
Shabazz Napier,2019-20,1845301,WAS,
JaKarr Sampson,2019-20,1737145,IND,
Raul Neto,2019-20,1737145,PHI,
Mario Hezonja,2019-20,1737145,POR,
Emmanuel Mudiay,2019-20,1737145,UTA,
Pat Connaughton,2019-20,1723050,MIL,
Jahlil Okafor,2019-20,1702486,NOP,
Rodions Kurucs,2019-20,1699236,BKN,
Jonah Bolden,2019-20,1698450,PHI,
David Nwaba,2019-20,1678854,BKN,
Dragan Bender,2019-20,1678854,MIL,
Cheick Diallo,2019-20,1678854,PHX,
Georges Niang,2019-20,1678854,UTA,
Willy Hernangomez,2019-20,1676735,CHA,
Treveon Graham,2019-20,1645357,ATL,
Christian Wood,2019-20,1645357,DET,
Jordan McRae,2019-20,1645357,DET,
Derrick Jones,2019-20,1645357,MIA,
Jordan Bell,2019-20,1620564,MEM,
Justin Patton,2019-20,1620564,DAL,
Furkan Korkmaz,2019-20,1620564,PHI,
Semi Ojeleye,2019-20,1618520,BOS,
Dwayne Bacon,2019-20,1618520,CHA,
Dillon Brooks,2019-20,1618520,MEM,
Sterling Brown,2019-20,1618520,MIL,
Frank Jackson,2019-20,1618520,NOP,
Damyean Dotson,2019-20,1618520,NYK,
Abdel Nader,2019-20,1618520,OKC,
Wes Iwundu,2019-20,1618520,ORL,
Royce O'Neale,2019-20,1618520,UTA,
Monte Morris,2019-20,1588231,DEN,
Malcolm Miller,2019-20,1588231,TOR,
Mitchell Robinson,2019-20,1559712,NYK,
Amile Jefferson,2019-20,1519851,ORL,
Isaiah Roby,2019-20,1500000,OKC,
Nigel Williams-Goss,2019-20,1500000,UTA,
Chris Boucher,2019-20,1488967,TOR,
Antonio Blakeney,2019-20,1488231,CHI,
J.R. Smith,2019-20,1456667,CLE,
Derrick Walton,2019-20,1445697,ATL,
Thanasis Antetokounmpo,2019-20,1445697,MIL,
Theo Pinson,2019-20,1445697,NYK,
Shake Milton,2019-20,1445697,PHI,
Wenyen Gabriel,2019-20,1445697,POR,
Devonte' Graham,2019-20,1416852,CHA,
Jalen Brunson,2019-20,1416852,DAL,
Ryan Broekhoff,2019-20,1416852,DAL,
Keita Bates-Diop,2019-20,1416852,DEN,
Khyri Thomas,2019-20,1416852,DET,
Bruce Brown,2019-20,1416852,DET,
Svi Mykhailiuk,2019-20,1416852,DET,
Isaiah Hartenstein,2019-20,1416852,HOU,
Alize Johnson,2019-20,1416852,IND,
De'Anthony Melton,2019-20,1416852,MEM,
Kendrick Nunn,2019-20,1416852,MIA,
Duncan Robinson,2019-20,1416852,MIA,
Jarred Vanderbilt,2019-20,1416852,MIN,
Kenrich Williams,2019-20,1416852,NOP,
Deonte Burton,2019-20,1416852,OKC,
Hamidou Diallo,2019-20,1416852,OKC,
Melvin Frazier,2019-20,1416852,ORL,
Jevon Carter,2019-20,1416852,PHX,
Elie Okobo,2019-20,1416852,PHX,
Gary Trent,2019-20,1416852,POR,
Chimezie Metu,2019-20,1416852,SAS,
Isaac Bonga,2019-20,1416852,WAS,
Marquese Chriss,2019-20,1413272,GSW,
Bruno Fernando,2019-20,1400000,ATL,
Jaylen Nowell,2019-20,1400000,MIN,
Brad Wanamaker,2019-20,1355341,BOS,
Kevin Porter,2019-20,1290960,CLE,
Carsen Edwards,2019-20,1228026,BOS,
Cody Martin,2019-20,1173310,CHA,
Gary Payton,2019-20,1090781,WAS,
Guerschon Yabusele,2019-20,1039080,BOS,
Terance Mann,2019-20,1000000,LAC,
Justin Hamilton,2019-20,1000000,TOR,
Admiral Schofield,2019-20,1000000,WAS,
Jonathon Simmons,2019-20,1000000,WAS,
Kyle Singler,2019-20,999200,OKC,
Javonte Green,2019-20,898310,BOS,
Nic Claxton,2019-20,898310,BKN,
Jalen McDaniels,2019-20,898310,CHA,
Shaquille Harrison,2019-20,898310,CHI,
Daniel Gafford,2019-20,898310,CHI,
Vlatko Cancar,2019-20,898310,DEN,
Alen Smailagic,2019-20,898310,GSW,
Eric Paschall,2019-20,898310,GSW,
Talen Horton-Tucker,2019-20,898310,LAL,
KZ Okpala,2019-20,898310,MIA,
Naz Reid,2019-20,898310,MIN,
Ignas Brazdeikis,2019-20,898310,NYK,
Jalen Lecque,2019-20,898310,PHX,
Justin James,2019-20,898310,SAC,
Dewan Hernandez,2019-20,898310,TOR,
Terence Davis,2019-20,898310,TOR,
Matt Thomas,2019-20,898310,TOR,
Timothe Luwawu-Cabarrot,2019-20,844170,BKN,
Damion Lee,2019-20,842327,GSW,
Caleb Martin,2019-20,842166,CHA,
Miye Oni,2019-20,842166,UTA,
Juwan Morgan,2019-20,746054,UTA,
Gary Clark,2019-20,718765,ORL,
Cole Aldrich,2019-20,685340,MIN,
Shaun Livingston,2019-20,666667,GSW,
Rayjon Tucker,2019-20,578573,UTA,
Chris Clemons,2019-20,563347,HOU,
Brandon Goodwin,2019-20,522738,ATL,
Tyrone Wallace,2019-20,502491,ATL,
Anzejs Pasecniks,2019-20,482144,WAS,
Chris Silva,2019-20,466918,MIA,
Dakari Johnson,2019-20,459414,MEM,
Iman Shumpert,2019-20,419443,BKN,
Max Strus,2019-20,415414,BOS,
Justin Robinson,2019-20,395866,WAS,
Dean Wade,2019-20,375000,CLE,
Ivan Rabb,2019-20,371758,MEM,
Ky Bowman,2019-20,350189,GSW,
Juan Toscano-Anderson,2019-20,350189,GSW,
Norvel Pelle,2019-20,350189,PHI,
A.J. Hammons,2019-20,350087,MIA,
C.J. Watson,2019-20,333333,ORL,
Festus Ezeli,2019-20,333333,POR,
Justin Anderson,2019-20,294432,BKN,
Jamal Crawford,2019-20,289803,BKN,
Luc Mbah a Moute,2019-20,289803,HOU,
Corey Brewer,2019-20,289803,SAC,
Lance Thomas,2019-20,262152,BKN,
Stanton Kidd,2019-20,250000,UTA,
Tyler Zeller,2019-20,245686,SAS,
Mychal Mulder,2019-20,238534,GSW,
Joe Johnson,2019-20,220000,DET,
Jemerrio Jones,2019-20,199000,WAS,
Jontay Porter,2019-20,197933,MEM,
Cameron Payne,2019-20,196288,PHX,
Jerian Grant,2019-20,196288,WAS,
PJ Dozier,2019-20,183115,DEN,
Sindarius Thornwell,2019-20,183115,NOP,
Jaylen Adams,2019-20,163356,POR,
Joe Chealey,2019-20,163356,CHA,
Jarrod Uthoff,2019-20,163356,WAS,
Luguentz Dort,2019-20,155647,OKC,
Tyler Cook,2019-20,151504,CLE,
Troy Williams,2019-20,122741,HOU,
J.P. Macura,2019-20,106184,CLE,
Johnathan Williams,2019-20,106181,WAS,
Donta Hall,2019-20,101504,BKN,
Yante Maten,2019-20,100000,MIA,
Demetrius Jackson,2019-20,92857,BOS,
Sheldon Mac,2019-20,91557,CLE,
Chasson Randle,2019-20,91557,GSW,
Jeremy Pargo,2019-20,91557,GSW,
Dusty Hannahs,2019-20,81678,MEM,
Josh Magette,2019-20,81678,ORL,
Malik Newman,2019-20,65978,CLE,
Paul Watson,2019-20,50752,ATL,
Marques Bolden,2019-20,50752,CLE,
Sir'Dominic Pointer,2019-20,50752,CLE,
Zach Norvell,2019-20,50752,GSW,
Eric Mika,2019-20,50752,SAC,
William Howard,2019-20,50000,UTA,
Tyler Lydon,2019-20,50000,SAC,
Hollis Thompson,2019-20,50000,SAC,
Tyler Ulis,2019-20,50000,SAC,
Isaiah Taylor,2019-20,50000,TOR,
Anthony Bennett,2019-20,6000,HOU,
Jordan Caroline,2019-20,6000,LAL,
Charlie Brown,2019-20,0,ATL,
Tremont Waters,2019-20,0,BOS,
Tacko Fall,2019-20,0,BOS,
Jeremiah Martin,2019-20,0,BKN,
Chris Chiozza,2019-20,0,BKN,
Kobi Simmons,2019-20,0,CHA,
Ray Spalding,2019-20,0,CHA,
Adam Mokoka,2019-20,0,CHI,
Matt Mooney,2019-20,0,CLE,
Antonius Cleveland,2019-20,0,DAL,
Josh Reaves,2019-20,0,DAL,
Bol Bol,2019-20,0,DEN,
Louis King,2019-20,0,DET,
Jordan Bone,2019-20,0,DET,
Michael Frazier,2019-20,0,HOU,
Naz Mitrou-Long,2019-20,0,IND,
Brian Bowen,2019-20,0,IND,
Johnathan Motley,2019-20,0,LAC,
Amir Coffey,2019-20,0,LAC,
Kostas Antetokounmpo,2019-20,0,LAL,
Devontae Cacok,2019-20,0,LAL,
John Konchar,2019-20,0,MEM,
Yuta Watanabe,2019-20,0,MEM,
Gabe Vincent,2019-20,0,MIA,
Kyle Alexander,2019-20,0,MIA,
Frank Mason,2019-20,0,MIL,
Cameron Reynolds,2019-20,0,MIL,
Jordan McLaughlin,2019-20,0,MIN,
Kelan Martin,2019-20,0,MIN,
Josh Gray,2019-20,0,NOP,
Zylan Cheatham,2019-20,0,NOP,
Jared Harper,2019-20,0,NYK,
Kenny Wooten,2019-20,0,NYK,
Kevin Hervey,2019-20,0,OKC,
Devon Hall,2019-20,0,OKC,
B.J. Johnson,2019-20,0,ORL,
Vic Law,2019-20,0,ORL,
Marial Shayok,2019-20,0,PHI,
Tariq Owens,2019-20,0,PHX,
Jaylen Hoard,2019-20,0,POR,
Moses Brown,2019-20,0,POR,
DaQuan Jeffries,2019-20,0,SAC,
Drew Eubanks,2019-20,0,SAS,
Quinndary Weatherspoon,2019-20,0,SAS,
Oshae Brissett,2019-20,0,TOR,
Jarrell Brantley,2019-20,0,UTA,
Justin Wright-Foreman,2019-20,0,UTA,
Garrison Mathews,2019-20,0,WAS,
Stephen Curry,2020-21,43006362,GSW,
Chris Paul,2020-21,41358814,PHX,
Russell Westbrook,2020-21,41358814,WAS,
James Harden,2020-21,41254920,BKN,
John Wall,2020-21,41254920,HOU,
LeBron James,2020-21,39219566,LAL,
Kevin Durant,2020-21,39058950,BKN,
Paul George,2020-21,35450412,LAC,
Klay Thompson,2020-21,35361360,GSW,
Mike Conley,2020-21,34504132,UTA,
Kemba Walker,2020-21,34379100,BOS,
Kawhi Leonard,2020-21,34379100,LAC,
Jimmy Butler,2020-21,34379100,MIA,
Tobias Harris,2020-21,34358850,PHI,
Kyrie Irving,2020-21,33460350,BKN,
Khris Middleton,2020-21,33051724,MIL,
Anthony Davis,2020-21,32742000,LAL,
Blake Griffin,2020-21,32670565,DET,
Damian Lillard,2020-21,31626953,POR,
Kevin Love,2020-21,31258256,CLE,
Ben Simmons,2020-21,30559200,PHI,
Pascal Siakam,2020-21,30559200,TOR,
Kyle Lowry,2020-21,30500000,TOR,
Steven Adams,2020-21,29592695,NOP,
Nikola Jokic,2020-21,29542010,DEN,
Andrew Wiggins,2020-21,29542010,GSW,
Joel Embiid,2020-21,29542010,PHI,
Kristaps Porzingis,2020-21,29467800,DAL,
Karl-Anthony Towns,2020-21,29467800,MIN,
Devin Booker,2020-21,29467800,PHX,
CJ McCollum,2020-21,29354152,POR,
Bradley Beal,2020-21,28751774,WAS,
D'Angelo Russell,2020-21,28649250,MIN,
Gordon Hayward,2020-21,28500000,CHA,
Otto Porter,2020-21,28489239,ORL,
Andre Drummond,2020-21,27957238,CLE,
DeMar DeRozan,2020-21,27739975,SAS,
Giannis Antetokounmpo,2020-21,27528088,MIL,
Rudy Gobert,2020-21,27525281,UTA,
Al Horford,2020-21,27500000,OKC,
Jamal Murray,2020-21,27285000,DEN,
Brandon Ingram,2020-21,27285000,NOP,
Nikola Vucevic,2020-21,26000000,CHI,
Jrue Holiday,2020-21,25876111,MIL,
Buddy Hield,2020-21,24701834,SAC,
Jaylen Brown,2020-21,23437500,BOS,
Draymond Green,2020-21,22246956,GSW,
Harrison Barnes,2020-21,22215909,SAC,
Fred VanVleet,2020-21,21250000,TOR,
Victor Oladipo,2020-21,21000000,MIA,
Malcolm Brogdon,2020-21,20700000,IND,
Domantas Sabonis,2020-21,19800000,IND,
Danilo Gallinari,2020-21,19500000,ATL,
Zach LaVine,2020-21,19500000,CHI,
Gary Harris,2020-21,19160714,ORL,
Jerami Grant,2020-21,19050000,DET,
Tim Hardaway,2020-21,18975000,DAL,
Terry Rozier,2020-21,18900000,CHA,
Julius Randle,2020-21,18900000,NYK,
Aaron Gordon,2020-21,18136364,DEN,
Bogdan Bogdanovic,2020-21,18000000,ATL,
Goran Dragic,2020-21,18000000,MIA,
Bojan Bogdanovic,2020-21,17661000,UTA,
Myles Turner,2020-21,17500000,IND,
Evan Fournier,2020-21,17450000,BOS,
Ricky Rubio,2020-21,17000000,MIN,
Eric Bledsoe,2020-21,16875000,NOP,
Eric Gordon,2020-21,16869276,HOU,
LaMarcus Aldridge,2020-21,16750000,SAS,
Gorgui Dieng,2020-21,16587688,MEM,
Caris LeVert,2020-21,16203704,IND,
Joe Harris,2020-21,16071429,BKN,
James Johnson,2020-21,16047100,NOP,
Clint Capela,2020-21,16000000,ATL,
Dennis Schroder,2020-21,16000000,LAL,
Cody Zeller,2020-21,15415730,CHA,
Danny Green,2020-21,15365853,PHI,
Jonas Valanciunas,2020-21,15000000,MEM,
Andre Iguodala,2020-21,15000000,MIA,
Davis Bertans,2020-21,15000000,WAS,
Marcus Morris,2020-21,14883721,LAC,
Rudy Gay,2020-21,14500000,SAS,
Kelly Oubre,2020-21,14375000,GSW,
Dejounte Murray,2020-21,14286000,SAS,
Will Barton,2020-21,13723214,DEN,
Thaddeus Young,2020-21,13545000,CHI,
Patty Mills,2020-21,13535714,SAS,
Terrence Ross,2020-21,13500000,ORL,
Marcus Smart,2020-21,13446428,BOS,
Malik Beasley,2020-21,13425895,MIN,
Patrick Beverley,2020-21,13333333,LAC,
Christian Wood,2020-21,13015874,HOU,
J.J. Redick,2020-21,13013700,DAL,
Justise Winslow,2020-21,13000000,MEM,
Jusuf Nurkic,2020-21,12888889,POR,
Kelly Olynyk,2020-21,12819649,HOU,
Trevor Ariza,2020-21,12800000,MIA,
Brook Lopez,2020-21,12697675,MIL,
Dion Waiters,2020-21,12650000,MEM,
Cory Joseph,2020-21,12600000,DET,
Markelle Fultz,2020-21,12288697,ORL,
Taurean Prince,2020-21,12250000,CLE,
Tony Snell,2020-21,12178571,ATL,
Robert Covington,2020-21,12138345,POR,
Kentavious Caldwell-Pope,2020-21,12073020,LAL,
T.J. Warren,2020-21,12000000,IND,
Larry Nance,2020-21,11709091,CLE,
Jordan Clarkson,2020-21,11500000,UTA,
Spencer Dinwiddie,2020-21,11454048,BKN,
Dillon Brooks,2020-21,11400000,MEM,
Dwight Powell,2020-21,11080125,DAL,
Lonzo Ball,2020-21,11003782,NOP,
Josh Richardson,2020-21,10865952,DAL,
Norman Powell,2020-21,10865952,POR,
Joe Ingles,2020-21,10863637,UTA,
Jeremy Lamb,2020-21,10500000,IND,
DeAndre Jordan,2020-21,10375678,BKN,
Zion Williamson,2020-21,10245480,NOP,
Rodney Hood,2020-21,10047450,TOR,
Deandre Ayton,2020-21,10018200,PHX,
Tomas Satoransky,2020-21,10000000,CHI,
Paul Millsap,2020-21,10000000,DEN,
Jayson Tatum,2020-21,9897120,BOS,
Anthony Edwards,2020-21,9757440,MIN,
Al-Farouq Aminu,2020-21,9720900,CHI,
Dante Exum,2020-21,9600000,HOU,
George Hill,2020-21,9590602,PHI,
De'Anthony Melton,2020-21,9571712,MEM,
Kyle Anderson,2020-21,9505100,MEM,
Meyers Leonard,2020-21,9400000,OKC,
Tristan Thompson,2020-21,9258000,BOS,
Serge Ibaka,2020-21,9258000,LAC,
Montrezl Harrell,2020-21,9258000,LAL,
Jae Crowder,2020-21,9258000,PHX,
Derrick Jones,2020-21,9258000,POR,
Derrick Favors,2020-21,9258000,UTA,
Dario Saric,2020-21,9250000,PHX,
Ja Morant,2020-21,9166800,MEM,
Delon Wright,2020-21,9000000,SAC,
Marvin Bagley,2020-21,8963640,SAC,
Nicolas Batum,2020-21,8856969,CHA,
Cedi Osman,2020-21,8840580,CLE,
James Wiseman,2020-21,8730240,GSW,
Royce O'Neale,2020-21,8500000,UTA,
Thomas Bryant,2020-21,8333333,WAS,
Maxi Kleber,2020-21,8325000,DAL,
Rajon Rondo,2020-21,8250000,LAC,
RJ Barrett,2020-21,8231760,NYK,
Jakob Poeltl,2020-21,8101852,SAS,
De'Aaron Fox,2020-21,8099627,SAC,
Luka Doncic,2020-21,8049360,DAL,
Lou Williams,2020-21,8000000,ATL,
Mason Plumlee,2020-21,8000000,DET,
P.J. Tucker,2020-21,7969537,MIL,
Tyus Jones,2020-21,7965100,MEM,
LaMelo Ball,2020-21,7839960,CHA,
Seth Curry,2020-21,7834449,PHI,
Derrick Rose,2020-21,7682926,NYK,
Cristiano Felicio,2020-21,7529020,CHI,
De'Andre Hunter,2020-21,7422000,ATL,
Jonathan Isaac,2020-21,7362566,ORL,
Doug McDermott,2020-21,7333333,IND,
Robin Lopez,2020-21,7300000,WAS,
Jaren Jackson,2020-21,7257360,MEM,
JaMychal Green,2020-21,7199760,DEN,
Nemanja Bjelica,2020-21,7150000,MIA,
Patrick Williams,2020-21,7068360,CHI,
Ivica Zubac,2020-21,7000000,LAC,
Darius Miller,2020-21,7000000,OKC,
Aron Baynes,2020-21,7000000,TOR,
Lauri Markkanen,2020-21,6731508,CHI,
Darius Garland,2020-21,6720720,CLE,
D.J. Augustin,2020-21,6666667,HOU,
Trae Young,2020-21,6571800,ATL,
Jabari Parker,2020-21,6500000,SAC,
Chris Boucher,2020-21,6500000,TOR,
Joakim Noah,2020-21,6431667,NYK,
Isaac Okoro,2020-21,6400920,CLE,
Frank Ntilikina,2020-21,6176578,NYK,
DeMarre Carroll,2020-21,6119676,SAS,
Jarrett Culver,2020-21,6104280,MIN,
Alec Burks,2020-21,6000000,NYK,
Ish Smith,2020-21,6000000,WAS,
Mohamed Bamba,2020-21,5969040,ORL,
Onyeka Okongwu,2020-21,5813640,ATL,
Elfrid Payton,2020-21,5767000,NYK,
Justin Holiday,2020-21,5720400,IND,
Juancho Hernangomez,2020-21,5718000,MIN,
Dennis Smith,2020-21,5686677,DET,
Avery Bradley,2020-21,5635000,HOU,
Coby White,2020-21,5572680,CHI,
Trey Lyles,2020-21,5500000,SAS,
Wendell Carter,2020-21,5448840,ORL,
Zach Collins,2020-21,5406255,POR,
Malik Monk,2020-21,5345687,CHA,
Killian Hayes,2020-21,5307120,DET,
Luke Kennard,2020-21,5273826,LAC,
Ryan Anderson,2020-21,5214583,MIA,
Donovan Mitchell,2020-21,5195501,UTA,
Rodney McGruder,2020-21,5192307,DET,
Bam Adebayo,2020-21,5115492,MIA,
Jaxson Hayes,2020-21,5105160,NOP,
Justin Jackson,2020-21,5029650,OKC,
Ed Davis,2020-21,5005350,MIN,
Mike Scott,2020-21,5005350,PHI,
Enes Freedom,2020-21,5005350,POR,
Richaun Holmes,2020-21,5005350,SAC,
Daniel Theis,2020-21,5000000,CHI,
Luol Deng,2020-21,5000000,LAL,
Nerlens Noel,2020-21,5000000,NYK,
Collin Sexton,2020-21,4991880,CLE,
Pat Connaughton,2020-21,4938273,MIL,
Obi Toppin,2020-21,4862040,NYK,
Kevon Looney,2020-21,4821429,GSW,
Kris Dunn,2020-21,4767000,ATL,
Garrett Temple,2020-21,4767000,CHI,
Josh Jackson,2020-21,4767000,DET,
Rui Hachimura,2020-21,4692840,WAS,
Denzel Valentine,2020-21,4642800,CHI,
Kevin Knox,2020-21,4588680,NYK,
D.J. Wilson,2020-21,4548280,HOU,
Deni Avdija,2020-21,4469160,WAS,
Cam Reddish,2020-21,4458000,ATL,
Mikal Bridges,2020-21,4359000,PHX,
T.J. Leaf,2020-21,4326825,OKC,
Jalen Smith,2020-21,4245720,PHX,
Cameron Johnson,2020-21,4235160,PHX,
JaVale McGee,2020-21,4200000,DEN,
Reggie Bullock,2020-21,4200000,NYK,
Shai Gilgeous-Alexander,2020-21,4141320,OKC,
John Collins,2020-21,4137302,ATL,
Willie Cauley-Stein,2020-21,4100000,DAL,
Devin Vassell,2020-21,4033440,SAS,
P.J. Washington,2020-21,4023600,CHA,
Dorian Finney-Smith,2020-21,4000000,DAL,
Patrick McCaw,2020-21,4000000,TOR,
Terrance Ferguson,2020-21,3944013,NYK,
Miles Bridges,2020-21,3934320,CHA,
Jevon Carter,2020-21,3925000,PHX,
Jarrett Allen,2020-21,3909902,CLE,
Nicolo Melli,2020-21,3897436,DAL,
OG Anunoby,2020-21,3872215,TOR,
Gabriel Deck,2020-21,3870370,OKC,
Tyrese Haliburton,2020-21,3831840,SAC,
Tyler Herro,2020-21,3822240,MIA,
Stanley Johnson,2020-21,3804150,TOR,
Jake Layman,2020-21,3761085,MIN,
Jerome Robinson,2020-21,3737520,WAS,
Danuel House,2020-21,3717000,HOU,
Kira Lewis,2020-21,3640200,NOP,
Romeo Langford,2020-21,3631200,BOS,
Wesley Matthews,2020-21,3623000,LAL,
Bobby Portis,2020-21,3623000,MIL,
Maurice Harkless,2020-21,3623000,SAC,
Kyle Kuzma,2020-21,3562178,LAL,
Michael Porter,2020-21,3550800,DEN,
Tony Bradley,2020-21,3542060,OKC,
Derrick White,2020-21,3516284,SAS,
Bismack Biyombo,2020-21,3500000,CHA,
Boban Marjanovic,2020-21,3500000,DAL,
Austin Rivers,2020-21,3500000,OKC,
T.J. McConnell,2020-21,3500000,IND,
Luca Vildoza,2020-21,3500000,NYK,
Josh Hart,2020-21,3491159,NOP,
Aaron Nesmith,2020-21,3458400,BOS,
Sekou Doumbouya,2020-21,3449400,DET,
Troy Brown,2020-21,3372840,CHI,
Michael Carter-Williams,2020-21,3300000,ORL,
James Ennis,2020-21,3300000,ORL,
Cole Anthony,2020-21,3285120,ORL,
Jon Leuer,2020-21,3169348,MIL,
Isaiah Stewart,2020-21,3121080,DET,
Chuma Okeke,2020-21,3121080,ORL,
Nickeil Alexander-Walker,2020-21,3113160,NOP,
Facundo Campazzo,2020-21,3100000,DEN,
Patrick Patterson,2020-21,3077704,LAC,
Donte DiVincenzo,2020-21,3044160,MIL,
Ryan Arcidiacono,2020-21,3000000,CHI,
Trey Burke,2020-21,3000000,DAL,
Aleksej Pokusevski,2020-21,2964840,OKC,
Goga Bitadze,2020-21,2957520,IND,
Lonnie Walker,2020-21,2892000,SAS,
Dewayne Dedmon,2020-21,2866667,DET,
Andrew Nicholson,2020-21,2844430,POR,
Luka Samanic,2020-21,2824320,SAS,
Josh Green,2020-21,2816760,DAL,
Kevin Huerter,2020-21,2761920,ATL,
Alex Caruso,2020-21,2750000,LAL,
Marko Guduric,2020-21,2750000,MEM,
Matisse Thybulle,2020-21,2711280,PHI,
Saddiq Bey,2020-21,2689920,DET,
Josh Okogie,2020-21,2651040,MIN,
Vincent Poirier,2020-21,2619207,NYK,
Brandon Clarke,2020-21,2602920,MEM,
Khem Birch,2020-21,2586036,ORL,
Precious Achiuwa,2020-21,2582160,MIA,
Jeff Green,2020-21,2564753,BKN,
Wayne Ellington,2020-21,2564753,DET,
Marc Gasol,2020-21,2564753,LAL,
Grayson Allen,2020-21,2545320,MEM,
Grant Williams,2020-21,2498760,BOS,
Tyrese Maxey,2020-21,2478840,PHI,
Chandler Hutchison,2020-21,2443440,WAS,
Taj Gibson,2020-21,2442968,NYK,
Darius Bazley,2020-21,2399160,OKC,
Zeke Nnaji,2020-21,2379840,DEN,
Aaron Holiday,2020-21,2345640,IND,
Bryn Forbes,2020-21,2337145,MIL,
Ty Jerome,2020-21,2303040,OKC,
Ben McLemore,2020-21,2283034,HOU,
Mike Muscala,2020-21,2283034,OKC,
Alex Len,2020-21,2258000,TOR,
Anfernee Simons,2020-21,2252040,POR,
Luke Kornet,2020-21,2250000,BOS,
Brad Wanamaker,2020-21,2250000,CHA,
Monta Ellis,2020-21,2245400,IND,
Nassir Little,2020-21,2210640,POR,
R.J. Hampton,2020-21,2193480,ORL,
Moritz Wagner,2020-21,2161920,BOS,
Edmond Sumner,2020-21,2160000,IND,
Dylan Windler,2020-21,2137440,CLE,
Immanuel Quickley,2020-21,2105520,NYK,
John Konchar,2020-21,2100000,MEM,
Landry Shamet,2020-21,2090040,BKN,
Mfiondu Kabengele,2020-21,2075880,SAC,
Jordan Poole,2020-21,2063280,GSW,
Bol Bol,2020-21,2058240,DEN,
Keldon Johnson,2020-21,2048040,SAS,
Payton Pritchard,2020-21,2035800,BOS,
Robert Williams,2020-21,2029920,BOS,
Jacob Evans,2020-21,2017320,NYK,
Dzanan Musa,2020-21,2002800,DET,
Damyean Dotson,2020-21,2000000,CLE,
Gary Clark,2020-21,2000000,DEN,
Kenrich Williams,2020-21,2000000,OKC,
Theo Maledon,2020-21,2000000,OKC,
Omari Spellman,2020-21,1988280,NYK,
Mario Hezonja,2020-21,1977011,MEM,
Cameron Payne,2020-21,1977011,PHX,
Udoka Azubuike,2020-21,1977000,UTA,
Jaden McDaniels,2020-21,1964760,MIN,
Malachi Flynn,2020-21,1950600,TOR,
Desmond Bane,2020-21,1936440,MEM,
Anderson Varejao,2020-21,1913345,POR,
Jontay Porter,2020-21,1900000,MEM,
Jahlil Okafor,2020-21,1882867,DET,
Larry Sanders,2020-21,1865546,MIL,
Timothe Luwawu-Cabarrot,2020-21,1824003,BKN,
David Nwaba,2020-21,1824003,HOU,
Marquese Chriss,2020-21,1824003,SAS,
Quinn Cook,2020-21,1797183,LAL,
Georges Niang,2020-21,1783557,UTA,
Rodions Kurucs,2020-21,1780152,MIL,
PJ Dozier,2020-21,1762796,DEN,
Damion Lee,2020-21,1762796,GSW,
Alfonzo McKinnie,2020-21,1762796,LAL,
Furkan Korkmaz,2020-21,1762796,PHI,
Semi Ojeleye,2020-21,1752950,BOS,
Abdel Nader,2020-21,1752950,PHX,
DeAndre' Bembry,2020-21,1737145,TOR,
Monte Morris,2020-21,1723707,DEN,
Kevin Porter,2020-21,1717981,HOU,
Brandon Goodwin,2020-21,1701593,ATL,
Thanasis Antetokounmpo,2020-21,1701593,MIL,
Shake Milton,2020-21,1701593,PHI,
Wes Iwundu,2020-21,1678854,NOP,
Dwayne Bacon,2020-21,1678854,ORL,
Bruce Brown,2020-21,1663861,BKN,
Devonte' Graham,2020-21,1663861,CHA,
Jalen Brunson,2020-21,1663861,DAL,
Hamidou Diallo,2020-21,1663861,DET,
Duncan Robinson,2020-21,1663861,MIA,
Kendrick Nunn,2020-21,1663861,MIA,
Jarred Vanderbilt,2020-21,1663861,MIN,
Mitchell Robinson,2020-21,1663861,NYK,
Svi Mykhailiuk,2020-21,1663861,OKC,
Gary Trent,2020-21,1663861,TOR,
Isaac Bonga,2020-21,1663861,WAS,
Solomon Hill,2020-21,1620564,ATL,
Tyler Johnson,2020-21,1620564,BKN,
Matthew Dellavedova,2020-21,1620564,CLE,
Isaiah Hartenstein,2020-21,1620564,CLE,
J.J. Barea,2020-21,1620564,DAL,
Kent Bazemore,2020-21,1620564,GSW,
Sterling Brown,2020-21,1620564,HOU,
DeMarcus Cousins,2020-21,1620564,HOU,
JaKarr Sampson,2020-21,1620564,IND,
Reggie Jackson,2020-21,1620564,LAC,
Jared Dudley,2020-21,1620564,LAL,
Markieff Morris,2020-21,1620564,LAL,
Udonis Haslem,2020-21,1620564,MIA,
Jeff Teague,2020-21,1620564,ORL,
Willy Hernangomez,2020-21,1620564,NOP,
Wenyen Gabriel,2020-21,1620564,NOP,
Josh Gray,2020-21,1620564,OKC,
Dwight Howard,2020-21,1620564,PHI,
Langston Galloway,2020-21,1620564,PHX,
Frank Kaminsky,2020-21,1620564,PHX,
E'Twaun Moore,2020-21,1620564,PHX,
Torrey Craig,2020-21,1620564,PHX,
Carmelo Anthony,2020-21,1620564,POR,
Harry Giles,2020-21,1620564,POR,
Hassan Whiteside,2020-21,1620564,SAC,
Drew Eubanks,2020-21,1620564,SAS,
Raul Neto,2020-21,1620564,WAS,
Terance Mann,2020-21,1517984,LAC,
Bruno Fernando,2020-21,1517981,ATL,
Carsen Edwards,2020-21,1517981,BOS,
Nic Claxton,2020-21,1517981,BKN,
Caleb Martin,2020-21,1517981,CHA,
Cody Martin,2020-21,1517981,CHA,
Jalen McDaniels,2020-21,1517981,CHA,
Javonte Green,2020-21,1517981,CHI,
Dean Wade,2020-21,1517981,CLE,
Vlatko Cancar,2020-21,1517981,DEN,
Mychal Mulder,2020-21,1517981,GSW,
Eric Paschall,2020-21,1517981,GSW,
Alen Smailagic,2020-21,1517981,GSW,
Chris Clemons,2020-21,1517981,HOU,
Jalen Lecque,2020-21,1517981,IND,
Talen Horton-Tucker,2020-21,1517981,LAL,
KZ Okpala,2020-21,1517981,MIA,
Jaylen Nowell,2020-21,1517981,MIN,
Naz Reid,2020-21,1517981,MIN,
Luguentz Dort,2020-21,1517981,OKC,
Isaiah Roby,2020-21,1517981,OKC,
Admiral Schofield,2020-21,1517981,OKC,
Ignas Brazdeikis,2020-21,1517981,PHI,
Terence Davis,2020-21,1517981,SAC,
Justin James,2020-21,1517981,SAC,
Chris Silva,2020-21,1517981,SAC,
Matt Thomas,2020-21,1517981,UTA,
Miye Oni,2020-21,1517981,UTA,
Juwan Morgan,2020-21,1517981,UTA,
Daniel Gafford,2020-21,1517981,WAS,
Robert Woodard,2020-21,1500000,SAC,
J.R. Smith,2020-21,1456667,CLE,
Jae'Sean Tate,2020-21,1445967,HOU,
Zylan Cheatham,2020-21,1445697,OKC,
DaQuan Jeffries,2020-21,1445697,SAS,
Paul Watson,2020-21,1445697,TOR,
Vernon Carey,2020-21,1350000,CHA,
Xavier Tillman,2020-21,1300000,MEM,
Tyrell Terry,2020-21,1289846,DAL,
Moses Brown,2020-21,1250000,OKC,
Guerschon Yabusele,2020-21,1039080,BOS,
Nick Richards,2020-21,1000000,CHA,
Jahmi'us Ramsey,2020-21,1000000,SAC,
Kyle Singler,2020-21,999200,OKC,
Oshae Brissett,2020-21,955493,IND,
Sindarius Thornwell,2020-21,943480,NOP,
Glenn Robinson,2020-21,930930,SAC,
Deividas Sirvydis,2020-21,898310,DET,
Kenyon Martin,2020-21,898310,HOU,
Daniel Oturu,2020-21,898310,LAC,
Sam Merrill,2020-21,898310,MIL,
Jordan Nwora,2020-21,898310,MIL,
Isaiah Joe,2020-21,898310,PHI,
CJ Elleby,2020-21,898310,POR,
Tre Jones,2020-21,898310,SAS,
Elijah Hughes,2020-21,898310,UTA,
Anthony Gill,2020-21,898310,WAS,
Kelan Martin,2020-21,801900,IND,
Damian Jones,2020-21,785285,PHX,
Shaquille Harrison,2020-21,770433,UTA,
Ersan Ilyasova,2020-21,754783,UTA,
Chimezie Metu,2020-21,750000,SAC,
Khyri Thomas,2020-21,744684,ATL,
Norvel Pelle,2020-21,698040,NYK,
Cole Aldrich,2020-21,685340,MIN,
Shaun Livingston,2020-21,666667,GSW,
Lamar Stevens,2020-21,652366,CLE,
Alize Johnson,2020-21,621587,BKN,
Paul Reed,2020-21,609128,PHI,
Tyler Cook,2020-21,594121,DET,
Jordan Bell,2020-21,580062,LAL,
Iman Shumpert,2020-21,558153,BKN,
Tim Frazier,2020-21,518612,MEM,
Anthony Tolliver,2020-21,485498,PHI,
Dakari Johnson,2020-21,459414,MEM,
Rondae Hollis-Jefferson,2020-21,432891,POR,
Anzejs Pasecniks,2020-21,374297,WAS,
Bruno Caboclo,2020-21,361256,HOU,
Juan Toscano-Anderson,2020-21,358295,GSW,
A.J. Hammons,2020-21,350087,MIA,
Rayjon Tucker,2020-21,340000,CLE,
Yogi Ferrell,2020-21,325167,LAC,
Yuta Watanabe,2020-21,321893,TOR,
Thon Maker,2020-21,309355,CLE,
Donta Hall,2020-21,277256,ORL,
Andre Roberson,2020-21,274816,BKN,
Noah Vonleh,2020-21,263995,BKN,
Frank Jackson,2020-21,250000,OKC,
Freddie Gillespie,2020-21,239959,TOR,
Mike James,2020-21,237648,BKN,
Gary Payton,2020-21,233894,GSW,
Charlie Brown,2020-21,217844,OKC,
Justin Robinson,2020-21,198040,OKC,
Robert Franks,2020-21,198040,ORL,
Henry Ellenson,2020-21,160998,TOR,
Mamadi Diakite,2020-21,160173,MIL,
Justin Anderson,2020-21,125000,PHI,
Marcos Louzada Silva,2020-21,123056,NOP,
Troy Williams,2020-21,122741,HOU,
Naji Marshall,2020-21,120000,NOP,
Cameron Reynolds,2020-21,110998,SAS,
Isaiah Thomas,2020-21,110998,NOP,
John Henson,2020-21,110998,NYK,
Jared Harper,2020-21,99020,NYK,
Demetrius Jackson,2020-21,92857,BOS,
Mason Jones,2020-21,61528,HOU,
Malik Fitts,2020-21,61528,LAC,
Devin Cannady,2020-21,61528,ORL,
Jerian Grant,2020-21,50000,HOU,
Cameron Oliver,2020-21,43070,HOU,
Tyler Hall,2020-21,25000,NYK,
Andrew White,2020-21,25000,NYK,
Elijah Bryant,2020-21,24611,MIL,
Caleb Homesley,2020-21,20000,WAS,
Omer Yurtseven,2020-21,18458,MIA,
Nathan Knight,2020-21,0,ATL,
Skylar Mays,2020-21,0,ATL,
Tremont Waters,2020-21,0,BOS,
Tacko Fall,2020-21,0,BOS,
Chris Chiozza,2020-21,0,BKN,
Reggie Perry,2020-21,0,BKN,
Nate Darling,2020-21,0,CHA,
Grant Riller,2020-21,0,CHA,
Adam Mokoka,2020-21,0,CHI,
Devon Dotson,2020-21,0,CHI,
Jeremiah Martin,2020-21,0,CLE,
Brodric Thomas,2020-21,0,CLE,
Marques Bolden,2020-21,0,CLE,
Nate Hinton,2020-21,0,DAL,
Tyler Bey,2020-21,0,DAL,
Greg Whittington,2020-21,0,DEN,
Markus Howard,2020-21,0,DEN,
Saben Lee,2020-21,0,DET,
Nico Mannion,2020-21,0,GSW,
Justin Patton,2020-21,0,HOU,
Anthony Lamb,2020-21,0,HOU,
Armoni Brooks,2020-21,0,HOU,
Amida Brimah,2020-21,0,IND,
Cassius Stanley,2020-21,0,IND,
Brian Bowen,2020-21,0,IND,
Amir Coffey,2020-21,0,LAC,
Jay Scrubb,2020-21,0,LAC,
Kostas Antetokounmpo,2020-21,0,LAL,
Devontae Cacok,2020-21,0,LAL,
Sean McDermott,2020-21,0,MEM,
Killian Tillie,2020-21,0,MEM,
Max Strus,2020-21,0,MIA,
Gabe Vincent,2020-21,0,MIA,
Axel Toupane,2020-21,0,MIL,
Jordan McLaughlin,2020-21,0,MIN,
Will Magnay,2020-21,0,NOP,
James Nunnally,2020-21,0,NOP,
Theo Pinson,2020-21,0,NYK,
Myles Powell,2020-21,0,NYK,
Josh Hall,2020-21,0,OKC,
Jaylen Hoard,2020-21,0,OKC,
Karim Mane,2020-21,0,ORL,
Chasson Randle,2020-21,0,ORL,
Ty-Shon Alexander,2020-21,0,PHX,
Keljin Blevins,2020-21,0,POR,
Louis King,2020-21,0,SAC,
Kyle Guy,2020-21,0,SAC,
Quinndary Weatherspoon,2020-21,0,SAS,
Keita Bates-Diop,2020-21,0,SAS,
Jalen Harris,2020-21,0,TOR,
Trent Forrest,2020-21,0,UTA,
Jarrell Brantley,2020-21,0,UTA,
Garrison Mathews,2020-21,0,WAS,
Cassius Winston,2020-21,0,WAS,
Stephen Curry,2021-22,45780966,GSW,
John Wall,2021-22,44310840,HOU,
James Harden,2021-22,44310840,PHI,
Russell Westbrook,2021-22,44211146,LAL,
LeBron James,2021-22,41180544,LAL,
Kevin Durant,2021-22,40918900,BKN,
Paul George,2021-22,39344970,LAC,
Giannis Antetokounmpo,2021-22,39344970,MIL,
Kawhi Leonard,2021-22,39344900,LAC,
Damian Lillard,2021-22,39344900,POR,
Klay Thompson,2021-22,37980720,GSW,
Jimmy Butler,2021-22,36016200,MIA,
Tobias Harris,2021-22,35995950,PHI,
Khris Middleton,2021-22,35500000,MIL,
Anthony Davis,2021-22,35361360,LAL,
Rudy Gobert,2021-22,35344828,UTA,
Kyrie Irving,2021-22,34916200,BKN,
Bradley Beal,2021-22,33724200,WAS,
Ben Simmons,2021-22,33003936,BKN,
Pascal Siakam,2021-22,33003936,TOR,
Karl-Anthony Towns,2021-22,31650600,MIN,
Devin Booker,2021-22,31650600,PHX,
Kristaps Porzingis,2021-22,31650600,WAS,
Andrew Wiggins,2021-22,31579390,GSW,
Joel Embiid,2021-22,31579390,PHI,
Kevin Love,2021-22,31258256,CLE,
CJ McCollum,2021-22,30864198,NOP,
Chris Paul,2021-22,30800000,PHX,
Nikola Jokic,2021-22,30510423,DEN,
Jrue Holiday,2021-22,30133333,MIL,
D'Angelo Russell,2021-22,30013500,MIN,
Gordon Hayward,2021-22,29925000,CHA,
Blake Griffin,2021-22,29764126,DET,
Jamal Murray,2021-22,29467800,DEN,
Brandon Ingram,2021-22,29467800,NOP,
Jayson Tatum,2021-22,28103550,BOS,
Bam Adebayo,2021-22,28103550,MIA,
De'Aaron Fox,2021-22,28103500,SAC,
Donovan Mitchell,2021-22,28103500,UTA,
Al Horford,2021-22,27000000,BOS,
Kyle Lowry,2021-22,26984128,MIA,
Kemba Walker,2021-22,26238422,OKC,
DeMar DeRozan,2021-22,26000000,CHI,
Jaylen Brown,2021-22,24830357,BOS,
Draymond Green,2021-22,24026712,GSW,
Nikola Vucevic,2021-22,24000000,CHI,
John Collins,2021-22,23000000,ATL,
Buddy Hield,2021-22,22477273,IND,
Malcolm Brogdon,2021-22,21700000,IND,
Tim Hardaway,2021-22,21306816,DAL,
Mike Conley,2021-22,21000000,UTA,
Gary Harris,2021-22,20482143,ORL,
Danilo Gallinari,2021-22,20475000,ATL,
Harrison Barnes,2021-22,20284091,SAC,
Jerami Grant,2021-22,20002500,DET,
Jarrett Allen,2021-22,20000000,CLE,
Julius Randle,2021-22,19800000,NYK,
Fred VanVleet,2021-22,19675926,TOR,
Zach LaVine,2021-22,19500000,CHI,
Goran Dragic,2021-22,18620165,SAS,
Lonzo Ball,2021-22,18604651,CHI,
Bojan Bogdanovic,2021-22,18502000,UTA,
Domantas Sabonis,2021-22,18500000,SAC,
Eric Gordon,2021-22,18218818,HOU,
Eric Bledsoe,2021-22,18125000,POR,
Bogdan Bogdanovic,2021-22,18000000,ATL,
Terry Rozier,2021-22,17905263,CHA,
Ricky Rubio,2021-22,17800000,IND,
Caris LeVert,2021-22,17500000,CLE,
Myles Turner,2021-22,17500000,IND,
Jonathan Isaac,2021-22,17400000,ORL,
Joe Harris,2021-22,17357143,BKN,
Spencer Dinwiddie,2021-22,17142857,DAL,
Evan Fournier,2021-22,17142857,NYK,
Clint Capela,2021-22,17103448,ATL,
Steven Adams,2021-22,17073171,MEM,
Markelle Fultz,2021-22,16500000,ORL,
Aaron Gordon,2021-22,16409091,DEN,
OG Anunoby,2021-22,16071429,TOR,
Davis Bertans,2021-22,16000000,DAL,
Gary Trent,2021-22,16000000,TOR,
Lauri Markkanen,2021-22,15690909,CLE,
Marcus Morris,2021-22,15627907,LAC,
Will Barton,2021-22,15625000,DEN,
Duncan Robinson,2021-22,15560000,MIA,
Norman Powell,2021-22,15517242,LAC,
Dejounte Murray,2021-22,15428880,SAS,
Derrick White,2021-22,15178571,BOS,
Malik Beasley,2021-22,14391964,MIN,
Patrick Beverley,2021-22,14320988,MIN,
Thaddeus Young,2021-22,14190000,TOR,
Jonas Valanciunas,2021-22,14000000,NOP,
Marcus Smart,2021-22,13839285,BOS,
Doug McDermott,2021-22,13750000,SAS,
Christian Wood,2021-22,13666667,HOU,
Derrick Rose,2021-22,13445120,NYK,
Brook Lopez,2021-22,13302325,MIL,
Kentavious Caldwell-Pope,2021-22,13038862,WAS,
Taurean Prince,2021-22,13000000,MIN,
Kyle Kuzma,2021-22,13000000,WAS,
Robert Covington,2021-22,12975471,LAC,
Luke Kennard,2021-22,12727273,LAC,
T.J. Warren,2021-22,12690000,IND,
Deandre Ayton,2021-22,12632950,PHX,
Terrence Ross,2021-22,12500000,ORL,
Joe Ingles,2021-22,12436364,POR,
Jordan Clarkson,2021-22,12420000,UTA,
Dillon Brooks,2021-22,12200000,MEM,
Kelly Olynyk,2021-22,12195122,DET,
Kelly Oubre,2021-22,12000000,CHA,
Jusuf Nurkic,2021-22,12000000,POR,
Josh Hart,2021-22,12000000,POR,
Josh Richardson,2021-22,11615328,SAS,
Marvin Bagley,2021-22,11312114,DET,
Dwight Powell,2021-22,11080125,DAL,
Devonte' Graham,2021-22,11000000,NOP,
Zion Williamson,2021-22,10733400,NOP,
Larry Nance,2021-22,10690909,NOP,
Jeremy Lamb,2021-22,10500000,SAC,
Reggie Jackson,2021-22,10384500,LAC,
Richaun Holmes,2021-22,10384500,SAC,
Anthony Edwards,2021-22,10245480,MIN,
Al-Farouq Aminu,2021-22,10183800,SAS,
Luka Doncic,2021-22,10174391,DAL,
Cade Cunningham,2021-22,10050120,DET,
Danny Green,2021-22,10000000,PHI,
Kyle Anderson,2021-22,9937150,MEM,
Montrezl Harrell,2021-22,9720900,CHA,
Derrick Jones,2021-22,9720900,CHI,
Serge Ibaka,2021-22,9720900,MIL,
Derrick Favors,2021-22,9720900,OKC,
Jae Crowder,2021-22,9720900,PHX,
Ja Morant,2021-22,9603360,MEM,
Reggie Bullock,2021-22,9536000,DAL,
Alec Burks,2021-22,9536000,NYK,
Tomas Satoransky,2021-22,9531881,SAS,
Talen Horton-Tucker,2021-22,9500000,LAL,
Jaren Jackson,2021-22,9180560,MEM,
James Wiseman,2021-22,9166800,GSW,
Jalen Green,2021-22,8992200,HOU,
Tristan Thompson,2021-22,8946611,IND,
Nicolas Batum,2021-22,8856969,CHA,
Monte Morris,2021-22,8849071,DEN,
De'Anthony Melton,2021-22,8805976,MEM,
Nerlens Noel,2021-22,8800000,NYK,
Royce O'Neale,2021-22,8800000,UTA,
Maxi Kleber,2021-22,8750000,DAL,
Jakob Poeltl,2021-22,8750000,SAS,
Thomas Bryant,2021-22,8666667,WAS,
RJ Barrett,2021-22,8623920,NYK,
Alex Caruso,2021-22,8604651,CHI,
Delon Wright,2021-22,8526316,ATL,
Dario Saric,2021-22,8510000,PHX,
Trae Young,2021-22,8326471,ATL,
Daniel Theis,2021-22,8280351,BOS,
LaMelo Ball,2021-22,8231760,CHA,
Seth Curry,2021-22,8207518,BKN,
JaMychal Green,2021-22,8200000,DEN,
Mason Plumlee,2021-22,8137500,CHA,
Cedi Osman,2021-22,8133334,CLE,
Evan Mobley,2021-22,8075160,CLE,
DeAndre Jordan,2021-22,7875533,DET,
De'Andre Hunter,2021-22,7775400,ATL,
Tyus Jones,2021-22,7600000,MEM,
Mohamed Bamba,2021-22,7568742,ORL,
Ivica Zubac,2021-22,7518518,LAC,
T.J. McConnell,2021-22,7500000,IND,
Patrick Williams,2021-22,7422000,CHI,
Cory Joseph,2021-22,7310000,DET,
Scottie Barnes,2021-22,7280400,TOR,
Darius Garland,2021-22,7040880,CLE,
Chris Boucher,2021-22,7020000,TOR,
D.J. Augustin,2021-22,7000000,HOU,
P.J. Tucker,2021-22,7000000,MIA,
Zach Collins,2021-22,7000000,SAS,
Wendell Carter,2021-22,6920027,ORL,
Isaac Okoro,2021-22,6720720,CLE,
Jalen Suggs,2021-22,6592920,ORL,
Cameron Payne,2021-22,6500000,PHX,
Joakim Noah,2021-22,6431666,NYK,
Jarrett Culver,2021-22,6395160,MEM,
Khem Birch,2021-22,6350000,TOR,
Collin Sexton,2021-22,6349671,CLE,
Juancho Hernangomez,2021-22,6175440,UTA,
Onyeka Okongwu,2021-22,6104280,ATL,
Justin Holiday,2021-22,6006420,SAC,
Josh Giddey,2021-22,5988000,OKC,
Patty Mills,2021-22,5890000,BKN,
Dennis Schroder,2021-22,5890000,HOU,
Rudy Gay,2021-22,5890000,UTA,
Kevin Knox,2021-22,5845978,ATL,
Coby White,2021-22,5837760,CHI,
Timofey Mozgov,2021-22,5573334,ORL,
Killian Hayes,2021-22,5572680,DET,
Mikal Bridges,2021-22,5557725,PHX,
Shai Gilgeous-Alexander,2021-22,5495532,OKC,
Jonathan Kuminga,2021-22,5466360,GSW,
Miles Bridges,2021-22,5421493,CHA,
Jaxson Hayes,2021-22,5348280,NOP,
Pat Connaughton,2021-22,5333333,MIL,
Michael Porter,2021-22,5258735,DEN,
Ryan Anderson,2021-22,5214584,MIA,
Hamidou Diallo,2021-22,5200000,DET,
Kevon Looney,2021-22,5178572,GSW,
Troy Brown,2021-22,5170564,CHI,
Obi Toppin,2021-22,5105160,NYK,
Franz Wagner,2021-22,5007840,ORL,
Kris Dunn,2021-22,5005350,MEM,
Josh Jackson,2021-22,5005350,SAC,
Lou Williams,2021-22,5000000,ATL,
Kendrick Nunn,2021-22,5000000,LAL,
Luol Deng,2021-22,5000000,LAL,
Robin Lopez,2021-22,5000000,ORL,
JaVale McGee,2021-22,5000000,PHX,
Rui Hachimura,2021-22,4916160,WAS,
Garrett Temple,2021-22,4910000,NOP,
Taj Gibson,2021-22,4910000,NYK,
Torrey Craig,2021-22,4878049,PHX,
Rajon Rondo,2021-22,4858309,MEM,
Bruce Brown,2021-22,4736102,BKN,
Deni Avdija,2021-22,4692840,WAS,
Donte DiVincenzo,2021-22,4675830,SAC,
Cam Reddish,2021-22,4670160,NYK,
David Nwaba,2021-22,4650000,HOU,
Furkan Korkmaz,2021-22,4629630,PHI,
Davion Mitchell,2021-22,4603200,SAC,
Jeff Green,2021-22,4500000,DEN,
Bryn Forbes,2021-22,4500000,DEN,
Ish Smith,2021-22,4500000,WAS,
Jalen Smith,2021-22,4458000,IND,
Lonnie Walker,2021-22,4447896,SAS,
Cameron Johnson,2021-22,4437000,PHX,
Ziaire Williams,2021-22,4373160,MEM,
Bobby Portis,2021-22,4347600,MIL,
Maurice Harkless,2021-22,4347600,SAC,
Kevin Huerter,2021-22,4253357,ATL,
Devin Vassell,2021-22,4235160,SAS,
P.J. Washington,2021-22,4215120,CHA,
James Bouknight,2021-22,4154400,CHA,
Willie Cauley-Stein,2021-22,4100000,DAL,
Josh Okogie,2021-22,4087904,MIN,
Grayson Allen,2021-22,4054695,MIL,
Tyrese Haliburton,2021-22,4023600,IND,
Chandler Hutchison,2021-22,4019459,SAS,
Tyler Herro,2021-22,4004280,MIA,
Gorgui Dieng,2021-22,4000000,ATL,
Dorian Finney-Smith,2021-22,4000000,DAL,
George Hill,2021-22,4000000,MIL,
Jarred Vanderbilt,2021-22,4000000,MIN,
Terence Davis,2021-22,4000000,SAC,
Aaron Holiday,2021-22,3980551,PHX,
Joshua Primo,2021-22,3946800,SAS,
Jake Layman,2021-22,3940184,MIN,
Anfernee Simons,2021-22,3938818,POR,
Justise Winslow,2021-22,3902439,POR,
Kira Lewis,2021-22,3822240,NOP,
Romeo Langford,2021-22,3804360,SAS,
Landry Shamet,2021-22,3768342,PHX,
Chris Duarte,2021-22,3749520,IND,
Alex Len,2021-22,3732000,SAC,
Robert Williams,2021-22,3661976,BOS,
Jevon Carter,2021-22,3650000,BKN,
Aaron Nesmith,2021-22,3631200,BOS,
Sekou Doumbouya,2021-22,3613680,HOU,
Moses Moody,2021-22,3562080,GSW,
Boban Marjanovic,2021-22,3500000,DAL,
Mike Muscala,2021-22,3500000,OKC,
Cole Anthony,2021-22,3449400,ORL,
Corey Kispert,2021-22,3383640,WAS,
Michael Carter-Williams,2021-22,3300000,ORL,
Georges Niang,2021-22,3300000,PHI,
Isaiah Stewart,2021-22,3277080,DET,
Chuma Okeke,2021-22,3277080,ORL,
Nickeil Alexander-Walker,2021-22,3261480,UTA,
Alperen Sengun,2021-22,3214680,HOU,
Jon Leuer,2021-22,3169347,MIL,
Trey Burke,2021-22,3150000,DAL,
Aleksej Pokusevski,2021-22,3113160,OKC,
Goga Bitadze,2021-22,3098400,IND,
Trey Murphy,2021-22,3053760,NOP,
Sterling Brown,2021-22,3000000,DAL,
Frank Jackson,2021-22,3000000,DET,
Facundo Campazzo,2021-22,2975000,DEN,
Luka Samanic,2021-22,2959080,SAS,
Josh Green,2021-22,2957520,DAL,
Tre Mann,2021-22,2901240,OKC,
Dewayne Dedmon,2021-22,2866667,DET,
Andrew Nicholson,2021-22,2844430,POR,
Matisse Thybulle,2021-22,2840160,PHI,
Saddiq Bey,2021-22,2824320,DET,
Kai Jones,2021-22,2770560,CHA,
Brandon Clarke,2021-22,2726880,MEM,
Precious Achiuwa,2021-22,2711280,TOR,
Marc Gasol,2021-22,2692991,MEM,
Jalen Johnson,2021-22,2659560,ATL,
James Johnson,2021-22,2641691,BKN,
LaMarcus Aldridge,2021-22,2641691,BKN,
Ed Davis,2021-22,2641691,CLE,
Andre Iguodala,2021-22,2641691,GSW,
Enes Freedom,2021-22,2641691,HOU,
Dwight Howard,2021-22,2641691,LAL,
Carmelo Anthony,2021-22,2641691,LAL,
Wayne Ellington,2021-22,2641691,LAL,
Avery Bradley,2021-22,2641691,LAL,
Trevor Ariza,2021-22,2641691,LAL,
Udonis Haslem,2021-22,2641691,MIA,
Markieff Morris,2021-22,2641691,MIA,
E'Twaun Moore,2021-22,2641691,ORL,
Paul Millsap,2021-22,2641691,PHI,
Grant Williams,2021-22,2617800,BOS,
Tyrese Maxey,2021-22,2602920,PHI,
Keon Johnson,2021-22,2553240,POR,
Darius Bazley,2021-22,2513040,OKC,
Trey Lyles,2021-22,2500000,SAC,
Zeke Nnaji,2021-22,2498760,DEN,
Isaiah Jackson,2021-22,2451120,IND,
Ty Jerome,2021-22,2412840,OKC,
Andre Drummond,2021-22,2401537,BKN,
Austin Rivers,2021-22,2401537,DEN,
Kent Bazemore,2021-22,2401537,LAL,
Hassan Whiteside,2021-22,2401537,UTA,
Otto Porter,2021-22,2389641,GSW,
Victor Oladipo,2021-22,2389641,MIA,
Tony Snell,2021-22,2389641,NOP,
Solomon Hill,2021-22,2389641,NYK,
Cody Zeller,2021-22,2389641,POR,
Ben McLemore,2021-22,2389641,POR,
Usman Garuba,2021-22,2353320,HOU,
Leandro Bolmaro,2021-22,2353320,MIN,
Willy Hernangomez,2021-22,2327220,NOP,
Edmond Sumner,2021-22,2320000,BKN,
Nassir Little,2021-22,2316240,POR,
R.J. Hampton,2021-22,2303040,ORL,
Josh Christopher,2021-22,2259240,HOU,
Monta Ellis,2021-22,2245400,IND,
Rodney Hood,2021-22,2239544,LAC,
Elfrid Payton,2021-22,2239544,PHX,
Dylan Windler,2021-22,2239200,CLE,
Immanuel Quickley,2021-22,2210640,NYK,
John Konchar,2021-22,2200000,MEM,
Quentin Grimes,2021-22,2168760,NYK,
Jordan Poole,2021-22,2161440,GSW,
Bol Bol,2021-22,2161152,ORL,
Keldon Johnson,2021-22,2145720,SAS,
Payton Pritchard,2021-22,2137440,BOS,
Jahlil Okafor,2021-22,2130023,BKN,
Bones Hyland,2021-22,2096880,DEN,
Nemanja Bjelica,2021-22,2089448,GSW,
Frank Kaminsky,2021-22,2089448,PHX,
Raul Neto,2021-22,2089448,WAS,
Udoka Azubuike,2021-22,2075880,UTA,
Jaden McDaniels,2021-22,2063280,MIN,
Malachi Flynn,2021-22,2048040,TOR,
Cam Thomas,2021-22,2036280,BKN,
Desmond Bane,2021-22,2033160,MEM,
Jaden Springer,2021-22,2023680,PHI,
Day'Ron Sharpe,2021-22,2009040,BKN,
Garrison Mathews,2021-22,2000000,HOU,
Jordan McLaughlin,2021-22,2000000,MIN,
Kenrich Williams,2021-22,2000000,OKC,
Jeremiah Robinson-Earl,2021-22,2000000,OKC,
Theo Maledon,2021-22,2000000,OKC,
Abdel Nader,2021-22,2000000,PHX,
Santi Aldama,2021-22,1994520,MEM,
Damian Jones,2021-22,1977011,SAC,
Wesley Matthews,2021-22,1958501,MIL,
Timothe Luwawu-Cabarrot,2021-22,1939350,ATL,
DeAndre' Bembry,2021-22,1939350,BKN,
Rodney McGruder,2021-22,1939350,DET,
Gary Payton,2021-22,1939350,GSW,
Damion Lee,2021-22,1910860,GSW,
PJ Dozier,2021-22,1910860,ORL,
Killian Tillie,2021-22,1901625,MEM,
Larry Sanders,2021-22,1865547,MIL,
Shake Milton,2021-22,1846738,PHI,
Wes Iwundu,2021-22,1824003,CHA,
Jalen Brunson,2021-22,1802057,DAL,
Mitchell Robinson,2021-22,1802057,NYK,
Tony Bradley,2021-22,1789256,CHI,
Frank Ntilikina,2021-22,1789256,DAL,
Semi Ojeleye,2021-22,1789256,LAC,
Malik Monk,2021-22,1789256,LAL,
Dennis Smith,2021-22,1789256,POR,
Marcos Louzada Silva,2021-22,1786878,POR,
Nic Claxton,2021-22,1782621,BKN,
Cody Martin,2021-22,1782621,CHA,
Jalen McDaniels,2021-22,1782621,CHA,
Dean Wade,2021-22,1782621,CLE,
Vlatko Cancar,2021-22,1782621,DEN,
Carsen Edwards,2021-22,1782621,MEM,
Bruno Fernando,2021-22,1782621,HOU,
Kevin Porter,2021-22,1782621,HOU,
Terance Mann,2021-22,1782621,LAC,
Jaylen Nowell,2021-22,1782621,MIN,
Naz Reid,2021-22,1782621,MIN,
Isaiah Roby,2021-22,1782621,OKC,
Luguentz Dort,2021-22,1782621,OKC,
KZ Okpala,2021-22,1782621,OKC,
Eric Paschall,2021-22,1782621,UTA,
Daniel Gafford,2021-22,1782621,WAS,
Drew Eubanks,2021-22,1762796,TOR,
Chimezie Metu,2021-22,1762796,SAC,
Yuta Watanabe,2021-22,1762796,TOR,
Isaiah Hartenstein,2021-22,1729217,LAC,
Thanasis Antetokounmpo,2021-22,1729217,MIL,
Moritz Wagner,2021-22,1729217,ORL,
Keita Bates-Diop,2021-22,1729217,SAS,
Svi Mykhailiuk,2021-22,1729217,TOR,
Isaac Bonga,2021-22,1729217,TOR,
Moses Brown,2021-22,1701593,DAL,
Juan Toscano-Anderson,2021-22,1701593,GSW,
Oshae Brissett,2021-22,1701593,IND,
Herbert Jones,2021-22,1700000,NOP,
Gabriel Deck,2021-22,1690507,OKC,
Javonte Green,2021-22,1669178,CHI,
Matt Thomas,2021-22,1669178,CHI,
Kevin Pangos,2021-22,1669178,CLE,
Gabe Vincent,2021-22,1669178,MIA,
Max Strus,2021-22,1669178,MIA,
Deividas Sirvydis,2021-22,1603559,DET,
Bismack Biyombo,2021-22,1518213,PHX,
Nick Richards,2021-22,1517981,CHA,
Lamar Stevens,2021-22,1517981,CLE,
Tyrell Terry,2021-22,1517981,DAL,
Kenyon Martin,2021-22,1517981,HOU,
Jae'Sean Tate,2021-22,1517981,HOU,
Sam Merrill,2021-22,1517981,MEM,
Daniel Oturu,2021-22,1517981,MEM,
Xavier Tillman,2021-22,1517981,MEM,
Jordan Nwora,2021-22,1517981,MIL,
Naji Marshall,2021-22,1517981,NOP,
Paul Reed,2021-22,1517981,PHI,
Isaiah Joe,2021-22,1517981,PHI,
Elijah Hughes,2021-22,1517981,POR,
CJ Elleby,2021-22,1517981,POR,
Jahmi'us Ramsey,2021-22,1517981,SAC,
Robert Woodard,2021-22,1517981,SAC,
Tre Jones,2021-22,1517981,SAS,
Anthony Gill,2021-22,1517981,WAS,
Vernon Carey,2021-22,1517981,WAS,
Jose Alvarado,2021-22,1500000,NOP,
Isaiah Todd,2021-22,1500000,WAS,
Saben Lee,2021-22,1489065,DET,
Armoni Brooks,2021-22,1489065,HOU,
Omer Yurtseven,2021-22,1489065,MIA,
Lance Stephenson,2021-22,1476806,IND,
J.R. Smith,2021-22,1456666,CLE,
Danuel House,2021-22,1387498,HOU,
Alfonzo McKinnie,2021-22,1293926,CHI,
Marquese Chriss,2021-22,1292900,DAL,
JT Thor,2021-22,1250000,CHA,
Stanley Johnson,2021-22,1248865,LAL,
DeMarre Carroll,2021-22,1242340,SAS,
Jabari Parker,2021-22,1168288,BOS,
DeMarcus Cousins,2021-22,1138659,DEN,
Jason Preston,2021-22,1062303,LAC,
Isaiah Livers,2021-22,1057260,DET,
Mamadi Diakite,2021-22,1040234,OKC,
Guerschon Yabusele,2021-22,1039080,BOS,
Aaron Wiggins,2021-22,1000000,OKC,
Kyle Singler,2021-22,999200,OKC,
Duane Washington,2021-22,950000,IND,
Ayo Dosunmu,2021-22,925258,CHI,
Marko Simonovic,2021-22,925258,CHI,
Luka Garza,2021-22,925258,DET,
Brandon Boston,2021-22,925258,LAC,
Austin Reaves,2021-22,925258,LAL,
Miles McBride,2021-22,925258,NYK,
Vit Krejci,2021-22,925258,OKC,
Charles Bassey,2021-22,925258,PHI,
Greg Brown,2021-22,925258,POR,
Jock Landale,2021-22,925258,SAS,
Dalano Banton,2021-22,925258,TOR,
Jared Butler,2021-22,925258,UTA,
Denzel Valentine,2021-22,902801,NYK,
Ryan Arcidiacono,2021-22,791798,NYK,
Wayne Selden,2021-22,785102,NYK,
Patrick Patterson,2021-22,737066,OKC,
Brad Wanamaker,2021-22,715538,IND,
Alize Johnson,2021-22,705598,CHI,
Shaun Livingston,2021-22,666667,GSW,
Daishen Nix,2021-22,612000,HOU,
Luke Kornet,2021-22,606702,BOS,
Terry Taylor,2021-22,600000,IND,
Keifer Sykes,2021-22,558345,IND,
Isaiah Thomas,2021-22,552077,CHA,
Haywood Highsmith,2021-22,547701,MIA,
Caleb Martin,2021-22,527615,MIA,
Georgios Kalaitzakis,2021-22,462629,MIL,
Trendon Watford,2021-22,436482,POR,
Nik Stauskas,2021-22,423536,BOS,
Malik Fitts,2021-22,402218,BOS,
Chris Silva,2021-22,383720,MIA,
Gary Clark,2021-22,377645,NOP,
Devontae Cacok,2021-22,364533,SAS,
Sam Dekker,2021-22,350000,TOR,
Justin Anderson,2021-22,334371,IND,
Sam Hauser,2021-22,313737,BOS,
D.J. Wilson,2021-22,308493,TOR,
Jontay Porter,2021-22,300000,MEM,
Admiral Schofield,2021-22,300000,OKC,
Davon Reed,2021-22,286164,DEN,
Brandon Knight,2021-22,276038,DAL,
Langston Galloway,2021-22,257418,BKN,
Tim Frazier,2021-22,257418,ORL,
Cassius Stanley,2021-22,256734,DET,
Ish Wainright,2021-22,250000,TOR,
Justin Jackson,2021-22,205662,PHX,
Shaquille Harrison,2021-22,205662,BKN,
Damyean Dotson,2021-22,205662,NYK,
Joe Wieskamp,2021-22,202068,SAS,
Wenyen Gabriel,2021-22,198760,LAC,
Theo Pinson,2021-22,197076,DAL,
Greg Monroe,2021-22,193227,MIN,
Kelan Martin,2021-22,191860,BOS,
Kyle Guy,2021-22,191860,MIA,
Tyrone Wallace,2021-22,191860,NOP,
Jaylen Hoard,2021-22,191860,OKC,
Reggie Perry,2021-22,188272,POR,
Devin Cannady,2021-22,185578,ORL,
Matt Mooney,2021-22,171156,NYK,
Freddie Gillespie,2021-22,171156,ORL,
Xavier Moon,2021-22,159528,LAC,
Amir Coffey,2021-22,153488,LAC,
C.J. Miles,2021-22,151821,BOS,
Joe Johnson,2021-22,151821,BOS,
Ersan Ilyasova,2021-22,151821,CHI,
Darren Collison,2021-22,151821,LAL,
Mario Chalmers,2021-22,138019,MIA,
James Ennis,2021-22,128709,DEN,
Tyler Johnson,2021-22,128709,PHI,
Troy Williams,2021-22,122741,HOU,
Juwan Morgan,2021-22,115116,BOS,
Emmanuel Mudiay,2021-22,111457,SAC,
Mac McClung,2021-22,106352,CHI,
Dakota Mathias,2021-22,106352,MEM,
Olivier Sarr,2021-22,106352,OKC,
Hassani Gravett,2021-22,106352,ORL,
Paris Bass,2021-22,106352,PHX,
Jordan Bell,2021-22,102831,CHI,
Cheick Diallo,2021-22,102831,DET,
Brandon Goodwin,2021-22,99380,CLE,
Scotty Hopson,2021-22,99380,OKC,
Chris Clemons,2021-22,95930,ATL,
Norvel Pelle,2021-22,95930,BOS,
Charlie Brown,2021-22,95930,DAL,
Rayjon Tucker,2021-22,95930,DEN,
Derrick Walton,2021-22,95930,DET,
Justin Robinson,2021-22,95930,DET,
Quinndary Weatherspoon,2021-22,95930,GSW,
DaQuan Jeffries,2021-22,95930,MEM,
Justin James,2021-22,95930,NOP,
Miye Oni,2021-22,95930,NOP,
Jared Harper,2021-22,95930,NOP,
B.J. Johnson,2021-22,95930,ORL,
Jaylen Morris,2021-22,95930,SAS,
Tremont Waters,2021-22,95930,TOR,
Demetrius Jackson,2021-22,92857,BOS,
Zylan Cheatham,2021-22,89057,NOP,
Cameron Oliver,2021-22,85578,ATL,
Malik Newman,2021-22,85578,CLE,
George King,2021-22,85578,DAL,
Nate Hinton,2021-22,85578,IND,
Anthony Lamb,2021-22,85578,SAS,
Jemerrio Jones,2021-22,85578,LAL,
Emanuel Terry,2021-22,85578,PHX,
Jarrell Brantley,2021-22,84414,UTA,
RJ Nembhard,2021-22,58493,CLE,
Malcolm Hill,2021-22,53176,ATL,
Malik Ellison,2021-22,53176,ATL,
Justin Tillman,2021-22,53176,ATL,
Chaundee Brown,2021-22,53176,ATL,
Cat Barber,2021-22,53176,ATL,
Tre Scott,2021-22,53176,CLE,
Carlik Jones,2021-22,53176,DAL,
Moses Wright,2021-22,53176,LAC,
Micah Potter,2021-22,53176,DET,
Trayvon Palmer,2021-22,53176,DET,
Jaysean Paige,2021-22,53176,DET,
Braxton Key,2021-22,53176,DET,
Jeff Dowtin,2021-22,53176,MIL,
DeJon Jarreau,2021-22,53176,HOU,
Ahmad Caver,2021-22,53176,IND,
Shaq Buchanan,2021-22,53176,MEM,
Xavier Sneed,2021-22,53176,MEM,
Jon Teske,2021-22,53176,MEM,
Aric Holman,2021-22,53176,MIA,
Javin DeLaurier,2021-22,53176,MIL,
Feron Hunt,2021-22,53176,NOP,
Tyler Hall,2021-22,53176,NYK,
Zavier Simpson,2021-22,53176,OKC,
Rob Edwards,2021-22,53176,OKC,
Aleem Ford,2021-22,53176,ORL,
M.J. Walker,2021-22,53176,PHX,
Cameron McGriff,2021-22,53176,POR,
Jarron Cumberland,2021-22,53176,POR,
Brandon Williams,2021-22,53176,POR,
Ade Murkey,2021-22,53176,SAC,
Jordan Goodwin,2021-22,53176,WAS,
Jaime Echenique,2021-22,53176,WAS,
Jordan Schakel,2021-22,53176,WAS,
Craig Sword,2021-22,53176,WAS,
Luca Vildoza,2021-22,42789,MIL,
Skylar Mays,2021-22,34231,ATL,
Mfiondu Kabengele,2021-22,19186,HOU,
Trent Forrest,2021-22,8558,UTA,
Kessler Edwards,2021-22,5318,BKN,
Sharife Cooper,2021-22,0,ATL,
Matt Ryan,2021-22,0,BOS,
Brodric Thomas,2021-22,0,BOS,
David Duke,2021-22,0,BKN,
Scottie Lewis,2021-22,0,CHA,
Arnoldas Kulboka,2021-22,0,CHA,
Devon Dotson,2021-22,0,CHI,
Tyler Cook,2021-22,0,CHI,
Tacko Fall,2021-22,0,CLE,
Eugene Omoruyi,2021-22,0,DAL,
JaQuori McLaughlin,2021-22,0,DAL,
Markus Howard,2021-22,0,DEN,
Petr Cornelie,2021-22,0,DEN,
Jamorko Pickett,2021-22,0,DET,
Chris Smith,2021-22,0,DET,
Chris Chiozza,2021-22,0,GSW,
Trevelin Queen,2021-22,0,HOU,
Tyler Bey,2021-22,0,HOU,
Gabe York,2021-22,0,IND,
Jay Scrubb,2021-22,0,LAC,
Jay Huff,2021-22,0,LAL,
Mason Jones,2021-22,0,LAL,
Yves Pons,2021-22,0,MEM,
Javonte Smart,2021-22,0,MIA,
Mychal Mulder,2021-22,0,MIA,
Marcus Garrett,2021-22,0,MIA,
Sandro Mamukelashvili,2021-22,0,MIL,
Lindell Wigginton,2021-22,0,MIL,
Nathan Knight,2021-22,0,MIN,
McKinley Wright,2021-22,0,MIN,
Daulton Hommes,2021-22,0,NOP,
Anthony Tolliver,2021-22,0,NOP,
Jericho Sims,2021-22,0,NYK,
Lindy Waters,2021-22,0,OKC,
Paul Watson,2021-22,0,OKC,
Melvin Frazier,2021-22,0,OKC,
Josh Hall,2021-22,0,OKC,
Ignas Brazdeikis,2021-22,0,ORL,
Grant Riller,2021-22,0,PHI,
Myles Powell,2021-22,0,PHI,
Aaron Henry,2021-22,0,PHI,
Gabriel Lundberg,2021-22,0,PHX,
Keljin Blevins,2021-22,0,POR,
Louis King,2021-22,0,SAC,
Neemias Queta,2021-22,0,SAC,
D. J. Stewart,2021-22,0,SAS,
David Johnson,2021-22,0,TOR,
Justin Champagnie,2021-22,0,TOR,
Cassius Winston,2021-22,0,WAS,
Joel Ayayi,2021-22,0,WAS,
Stephen Curry,2022-23,48070014,GSW,
Russell Westbrook,2022-23,46295265,UTA,
LeBron James,2022-23,44474988,LAL,
Kevin Durant,2022-23,44119845,PHX,
Bradley Beal,2022-23,43279250,WAS,
Kawhi Leonard,2022-23,42492492,LAC,
Paul George,2022-23,42492492,LAC,
Giannis Antetokounmpo,2022-23,42492492,MIL,
Damian Lillard,2022-23,42492492,POR,
John Wall,2022-23,40866760,HOU,
Klay Thompson,2022-23,40600080,GSW,
Kyrie Irving,2022-23,38917057,DAL,
Rudy Gobert,2022-23,38172414,MIN,
Anthony Davis,2022-23,37980720,LAL,
Khris Middleton,2022-23,37948276,MIL,
Jimmy Butler,2022-23,37653300,MIA,
Tobias Harris,2022-23,37633050,PHI,
Trae Young,2022-23,37096500,ATL,
Zach LaVine,2022-23,37096500,CHI,
Luka Doncic,2022-23,37096500,DAL,
Ben Simmons,2022-23,35448672,BKN,
Pascal Siakam,2022-23,35448672,TOR,
Myles Turner,2022-23,35069500,IND,
Karl-Anthony Towns,2022-23,33833400,MIN,
Devin Booker,2022-23,33833400,PHX,
Kristaps Porzingis,2022-23,33833400,WAS,
Jrue Holiday,2022-23,33665040,MIL,
Andrew Wiggins,2022-23,33616770,GSW,
Joel Embiid,2022-23,33616770,PHI,
CJ McCollum,2022-23,33333333,NOP,
Nikola Jokic,2022-23,33047803,DEN,
James Harden,2022-23,33000000,PHI,
Jamal Murray,2022-23,31650600,DEN,
Brandon Ingram,2022-23,31650600,NOP,
D'Angelo Russell,2022-23,31377750,LAL,
Donovan Mitchell,2022-23,30913750,CLE,
Michael Porter,2022-23,30913750,DEN,
Shai Gilgeous-Alexander,2022-23,30913750,OKC,
Deandre Ayton,2022-23,30913750,PHX,
Jayson Tatum,2022-23,30351780,BOS,
Bam Adebayo,2022-23,30351780,MIA,
De'Aaron Fox,2022-23,30351780,SAC,
Gordon Hayward,2022-23,30075000,CHA,
Jaren Jackson,2022-23,28946605,MEM,
Jaylen Brown,2022-23,28741071,BOS,
Chris Paul,2022-23,28400000,PHX,
Kyle Lowry,2022-23,28333334,MIA,
Jalen Brunson,2022-23,27733332,NYK,
Kevin Love,2022-23,27442830,CLE,
Kemba Walker,2022-23,27431078,OKC,
DeMar DeRozan,2022-23,27300000,CHI,
Al Horford,2022-23,26500000,BOS,
Draymond Green,2022-23,25806468,GSW,
Julius Randle,2022-23,23760000,NYK,
John Collins,2022-23,23500000,ATL,
Mike Conley,2022-23,22680000,MIN,
Malcolm Brogdon,2022-23,22600000,BOS,
Anfernee Simons,2022-23,22321429,POR,
Nikola Vucevic,2022-23,22000000,CHI,
Terry Rozier,2022-23,21486316,CHA,
Fred VanVleet,2022-23,21250000,TOR,
Buddy Hield,2022-23,21177750,IND,
Jerami Grant,2022-23,20955000,POR,
Mikal Bridges,2022-23,20100000,BKN,
Jarrett Allen,2022-23,20000000,CLE,
Aaron Gordon,2022-23,19690909,DEN,
Tim Hardaway,2022-23,19602273,DAL,
Eric Gordon,2022-23,19568360,LAC,
Bojan Bogdanovic,2022-23,19550000,DET,
Lonzo Ball,2022-23,19534884,CHI,
Spencer Dinwiddie,2022-23,19500000,BKN,
Caris LeVert,2022-23,18796296,CLE,
Clint Capela,2022-23,18706897,ATL,
Joe Harris,2022-23,18642857,BKN,
Domantas Sabonis,2022-23,18500000,SAC,
Harrison Barnes,2022-23,18352273,SAC,
Bogdan Bogdanovic,2022-23,18000000,ATL,
Evan Fournier,2022-23,18000000,NYK,
Steven Adams,2022-23,17926829,MEM,
Gary Trent,2022-23,17505000,TOR,
Marcus Smart,2022-23,17457142,BOS,
Jonathan Isaac,2022-23,17400000,ORL,
OG Anunoby,2022-23,17357143,TOR,
Mitchell Robinson,2022-23,17045454,NYK,
Duncan Robinson,2022-23,16902000,MIA,
Derrick White,2022-23,16892857,BOS,
Norman Powell,2022-23,16758621,LAC,
Dejounte Murray,2022-23,16571120,ATL,
Markelle Fultz,2022-23,16500000,ORL,
Collin Sexton,2022-23,16500000,UTA,
Lauri Markkanen,2022-23,16475454,UTA,
Marcus Morris,2022-23,16372093,LAC,
Davis Bertans,2022-23,16000000,DAL,
Jusuf Nurkic,2022-23,15625000,POR,
Malik Beasley,2022-23,15558035,LAL,
Luguentz Dort,2022-23,15277778,OKC,
Tyus Jones,2022-23,15000000,MEM,
Jonas Valanciunas,2022-23,14700000,NOP,
Derrick Rose,2022-23,14520730,NYK,
Kevin Huerter,2022-23,14508929,SAC,
Luke Kennard,2022-23,14415545,MEM,
Will Barton,2022-23,14375000,WAS,
Christian Wood,2022-23,14317459,DAL,
Wendell Carter,2022-23,14150000,ORL,
Kentavious Caldwell-Pope,2022-23,14004703,DEN,
Brook Lopez,2022-23,13906976,MIL,
Doug McDermott,2022-23,13750000,SAS,
Zion Williamson,2022-23,13534817,NOP,
Jordan Clarkson,2022-23,13340000,UTA,
Danilo Gallinari,2022-23,13000000,SAS,
Patrick Beverley,2022-23,13000000,ORL,
Gary Harris,2022-23,13000000,ORL,
Kyle Kuzma,2022-23,13000000,WAS,
Josh Hart,2022-23,12960000,NYK,
Dorian Finney-Smith,2022-23,12939848,BKN,
Kelly Olynyk,2022-23,12804878,UTA,
Chris Boucher,2022-23,12690000,TOR,
Kelly Oubre,2022-23,12600000,CHA,
Marvin Bagley,2022-23,12500000,DET,
Robert Covington,2022-23,12307692,LAC,
Josh Richardson,2022-23,12196094,NOP,
Ja Morant,2022-23,12119440,MEM,
Devonte' Graham,2022-23,11550000,SAS,
Dillon Brooks,2022-23,11400000,MEM,
Richaun Holmes,2022-23,11215260,SAC,
Dwight Powell,2022-23,11080125,DAL,
Paolo Banchero,2022-23,11055120,ORL,
Robert Williams,2022-23,10937502,BOS,
RJ Barrett,2022-23,10900635,NYK,
Reggie Jackson,2022-23,10876844,CHA,
Nicolas Batum,2022-23,10843350,LAC,
Bobby Portis,2022-23,10843350,MIL,
Anthony Edwards,2022-23,10733400,MIN,
Terrence Ross,2022-23,10581484,ORL,
Cade Cunningham,2022-23,10552800,DET,
P.J. Tucker,2022-23,10490000,PHI,
Mohamed Bamba,2022-23,10300000,LAL,
Talen Horton-Tucker,2022-23,10260000,UTA,
Derrick Favors,2022-23,10183800,HOU,
Jae Crowder,2022-23,10183800,MIL,
Ivica Zubac,2022-23,10123457,LAC,
Reggie Bullock,2022-23,10012800,DAL,
Alec Burks,2022-23,10012800,DET,
Chet Holmgren,2022-23,9891240,OKC,
De'Andre Hunter,2022-23,9835881,ATL,
Danny Green,2022-23,9710528,HOU,
Larry Nance,2022-23,9672727,NOP,
James Wiseman,2022-23,9603360,DET,
Landry Shamet,2022-23,9500000,PHX,
Malik Monk,2022-23,9472219,SAC,
Jalen Green,2022-23,9441840,HOU,
Jakob Poeltl,2022-23,9398148,TOR,
Nerlens Noel,2022-23,9240000,DET,
Dario Saric,2022-23,9240000,OKC,
Royce O'Neale,2022-23,9200000,BKN,
Monte Morris,2022-23,9125000,WAS,
Mason Plumlee,2022-23,9080417,LAC,
Alex Caruso,2022-23,9030000,CHI,
Maxi Kleber,2022-23,9000000,DAL,
Darius Garland,2022-23,8920795,CLE,
Jabari Smith,2022-23,8882640,HOU,
Kyle Anderson,2022-23,8780488,MIN,
Victor Oladipo,2022-23,8750000,MIA,
Daniel Theis,2022-23,8694369,IND,
LaMelo Ball,2022-23,8623920,CHA,
Nic Claxton,2022-23,8500000,BKN,
Grayson Allen,2022-23,8500000,MIL,
Seth Curry,2022-23,8496653,BKN,
Evan Mobley,2022-23,8478720,CLE,
Gary Payton,2022-23,8300000,GSW,
De'Anthony Melton,2022-23,8250000,PHI,
T.J. McConnell,2022-23,8100000,IND,
Keegan Murray,2022-23,8008440,SAC,
Kevon Looney,2022-23,8000000,GSW,
Thaddeus Young,2022-23,8000000,TOR,
DeAndre Jordan,2022-23,7827907,DET,
Isaiah Hartenstein,2022-23,7804879,NYK,
Delon Wright,2022-23,7804878,WAS,
Patrick Williams,2022-23,7775400,CHI,
Scottie Barnes,2022-23,7644600,TOR,
Cedi Osman,2022-23,7426088,CLE,
Coby White,2022-23,7413955,CHI,
Zach Collins,2022-23,7350000,SAS,
Taurean Prince,2022-23,7295000,MIN,
Jaden Ivey,2022-23,7252200,DET,
Jae'Sean Tate,2022-23,7065217,HOU,
Isaac Okoro,2022-23,7040880,CLE,
Cody Martin,2022-23,7000000,CHA,
Jalen Suggs,2022-23,6922320,ORL,
Jaxson Hayes,2022-23,6803012,NOP,
Khem Birch,2022-23,6667500,SAS,
Bennedict Mathurin,2022-23,6586800,IND,
Patty Mills,2022-23,6479000,BKN,
Bruce Brown,2022-23,6479000,DEN,
Lonnie Walker,2022-23,6479000,LAL,
Caleb Martin,2022-23,6479000,MIA,
Joe Ingles,2022-23,6479000,MIL,
Onyeka Okongwu,2022-23,6395160,ATL,
Justin Holiday,2022-23,6292440,HOU,
Josh Giddey,2022-23,6287400,OKC,
Rui Hachimura,2022-23,6263188,LAL,
Rudy Gay,2022-23,6184500,UTA,
Shaedon Sharpe,2022-23,6012960,POR,
Cameron Payne,2022-23,6000000,PHX,
Otto Porter,2022-23,6000000,TOR,
Cam Reddish,2022-23,5954454,POR,
Cameron Johnson,2022-23,5887899,BKN,
Ricky Rubio,2022-23,5853659,CLE,
Killian Hayes,2022-23,5837760,DET,
P.J. Washington,2022-23,5808435,CHA,
Jonathan Kuminga,2022-23,5739840,GSW,
Pat Connaughton,2022-23,5728393,MIL,
Tyler Herro,2022-23,5722116,MIA,
Romeo Langford,2022-23,5634257,SAS,
JaMychal Green,2022-23,5571403,OKC,
Dyson Daniels,2022-23,5508600,NOP,
JaVale McGee,2022-23,5461219,DAL,
Obi Toppin,2022-23,5348280,NYK,
Franz Wagner,2022-23,5258280,ORL,
Kendrick Nunn,2022-23,5250000,WAS,
Hamidou Diallo,2022-23,5200000,DET,
Cory Joseph,2022-23,5155500,DET,
Garrett Temple,2022-23,5155500,NOP,
Torrey Craig,2022-23,5121951,PHX,
Jeremy Sochan,2022-23,5063520,SAS,
David Nwaba,2022-23,5022000,OKC,
Nickeil Alexander-Walker,2022-23,5009633,MIN,
Furkan Korkmaz,2022-23,5000000,PHI,
Deni Avdija,2022-23,4916160,WAS,
Davion Mitchell,2022-23,4833600,SAC,
Johnny Davis,2022-23,4810320,WAS,
Goga Bitadze,2022-23,4765339,IND,
Ish Smith,2022-23,4725000,DEN,
Dewayne Dedmon,2022-23,4700000,SAS,
Jalen Smith,2022-23,4670160,IND,
Ziaire Williams,2022-23,4591680,MEM,
Ousmane Dieng,2022-23,4569840,OKC,
Maurice Harkless,2022-23,4564980,HOU,
Jeff Green,2022-23,4500000,DEN,
Donte DiVincenzo,2022-23,4500000,GSW,
Devin Vassell,2022-23,4437000,SAS,
Matisse Thybulle,2022-23,4379527,POR,
Jarred Vanderbilt,2022-23,4374000,LAL,
James Bouknight,2022-23,4362240,CHA,
Brandon Clarke,2022-23,4343920,MEM,
Jalen Williams,2022-23,4341480,OKC,
Grant Williams,2022-23,4306281,BOS,
Darius Bazley,2022-23,4264629,PHX,
Ty Jerome,2022-23,4220057,HOU,
Tyrese Haliburton,2022-23,4215120,IND,
Nassir Little,2022-23,4171548,POR,
Joshua Primo,2022-23,4144320,SAS,
Jalen Duren,2022-23,4124280,DET,
Danuel House,2022-23,4105000,PHI,
Justise Winslow,2022-23,4097561,POR,
Dylan Windler,2022-23,4037278,CLE,
Kira Lewis,2022-23,4004280,NOP,
George Hill,2022-23,4000000,IND,
Terence Davis,2022-23,4000000,SAC,
Chris Duarte,2022-23,3936960,IND,
Jevon Carter,2022-23,3925000,BKN,
Alex Len,2022-23,3918600,SAC,
Ochai Agbaji,2022-23,3918360,UTA,
Jordan Poole,2022-23,3901399,GSW,
Keldon Johnson,2022-23,3873025,SAS,
Aaron Nesmith,2022-23,3804360,IND,
Moses Moody,2022-23,3740160,GSW,
Mark Williams,2022-23,3722040,CHA,
Cole Anthony,2022-23,3613680,ORL,
Corey Kispert,2022-23,3552840,WAS,
AJ Griffin,2022-23,3536160,ATL,
Mike Muscala,2022-23,3500000,BOS,
Boban Marjanovic,2022-23,3500000,HOU,
Georges Niang,2022-23,3465000,PHI,
Isaiah Stewart,2022-23,3433320,DET,
Chuma Okeke,2022-23,3433320,ORL,
Trey Burke,2022-23,3423750,OKC,
Amir Coffey,2022-23,3395062,LAC,
Alperen Sengun,2022-23,3375360,HOU,
Tari Eason,2022-23,3359160,HOU,
Aleksej Pokusevski,2022-23,3261480,OKC,
Kevin Porter,2022-23,3217631,HOU,
Trey Murphy,2022-23,3206520,NOP,
Simone Fontecchio,2022-23,3205128,UTA,
Andre Drummond,2022-23,3200000,CHI,
Derrick Jones,2022-23,3200000,CHI,
Dalen Terry,2022-23,3191400,CHI,
Josh Green,2022-23,3098400,DAL,
Jake LaRavia,2022-23,3047640,MEM,
Tre Mann,2022-23,3046200,OKC,
Sterling Brown,2022-23,3000000,OKC,
Kevin Knox,2022-23,3000000,POR,
Saddiq Bey,2022-23,2959080,ATL,
Malaki Branham,2022-23,2925600,SAS,
Kai Jones,2022-23,2909040,CHA,
Andrew Nicholson,2022-23,2844430,POR,
Precious Achiuwa,2022-23,2840160,TOR,
Christian Braun,2022-23,2808600,DEN,
Jordan Nwora,2022-23,2800000,IND,
Jalen Johnson,2022-23,2792640,ATL,
Tyrese Maxey,2022-23,2726880,PHI,
Bruno Fernando,2022-23,2717391,ATL,
Walker Kessler,2022-23,2696400,UTA,
Keon Johnson,2022-23,2681040,POR,
Trey Lyles,2022-23,2625000,SAC,
Zeke Nnaji,2022-23,2617800,DEN,
Charles Bassey,2022-23,2600000,SAS,
David Roddy,2022-23,2588640,MEM,
Isaiah Jackson,2022-23,2573760,IND,
MarJon Beauchamp,2022-23,2485200,MIL,
Usman Garuba,2022-23,2471160,HOU,
Leandro Bolmaro,2022-23,2471160,UTA,
Montrezl Harrell,2022-23,2463490,PHI,
Willy Hernangomez,2022-23,2443581,NOP,
R.J. Hampton,2022-23,2412840,ORL,
Blake Wesley,2022-23,2385480,SAS,
Josh Christopher,2022-23,2372160,HOU,
Stanley Johnson,2022-23,2351521,UTA,
Immanuel Quickley,2022-23,2316240,NYK,
Wendell Moore,2022-23,2306520,MIN,
John Konchar,2022-23,2300000,MEM,
Damian Jones,2022-23,2298385,UTA,
Quentin Grimes,2022-23,2277000,NYK,
Andrew Nembhard,2022-23,2244111,IND,
Nikola Jovic,2022-23,2239920,MIA,
Payton Pritchard,2022-23,2239200,BOS,
Vlatko Cancar,2022-23,2234359,DEN,
Patrick Baldwin,2022-23,2226000,GSW,
TyTy Washington,2022-23,2210040,HOU,
Bones Hyland,2022-23,2201520,LAC,
Bol Bol,2022-23,2200000,ORL,
Peyton Watson,2022-23,2193960,DEN,
Marquese Chriss,2022-23,2193920,OKC,
Joe Wieskamp,2022-23,2175000,SAS,
Udoka Azubuike,2022-23,2174880,UTA,
Jaden McDaniels,2022-23,2161440,MIN,
Jordan McLaughlin,2022-23,2160000,MIN,
Malachi Flynn,2022-23,2145720,TOR,
Cam Thomas,2022-23,2138160,BKN,
Luke Kornet,2022-23,2133278,BOS,
Desmond Bane,2022-23,2130240,MEM,
Jaden Springer,2022-23,2125200,PHI,
Day'Ron Sharpe,2022-23,2109480,BKN,
Santi Aldama,2022-23,2094120,MEM,
Tony Bradley,2022-23,2036318,CHI,
Frank Ntilikina,2022-23,2036318,DAL,
Garrison Mathews,2022-23,2000000,ATL,
Kenrich Williams,2022-23,2000000,OKC,
Jaylin Williams,2022-23,2000000,OKC,
Jeremiah Robinson-Earl,2022-23,2000000,OKC,
Caleb Houstan,2022-23,2000000,ORL,
Shake Milton,2022-23,1997718,PHI,
Edmond Sumner,2022-23,1968175,BKN,
Dean Wade,2022-23,1930681,CLE,
Terance Mann,2022-23,1930681,LAC,
Naz Reid,2022-23,1930681,MIN,
Jaylen Nowell,2022-23,1930681,MIN,
Isaiah Roby,2022-23,1930681,SAS,
Jalen McDaniels,2022-23,1930681,PHI,
Daniel Gafford,2022-23,1930681,WAS,
Lindy Waters,2022-23,1927896,OKC,
Chimezie Metu,2022-23,1910860,SAC,
Davon Reed,2022-23,1902133,LAL,
KZ Okpala,2022-23,1902133,SAC,
Killian Tillie,2022-23,1901625,MEM,
Theo Maledon,2022-23,1900000,HOU,
Svi Mykhailiuk,2022-23,1878720,TOR,
Wenyen Gabriel,2022-23,1878720,LAL,
Thanasis Antetokounmpo,2022-23,1878720,MIL,
Moritz Wagner,2022-23,1878720,ORL,
Keita Bates-Diop,2022-23,1878720,SAS,
Oshae Brissett,2022-23,1846738,IND,
Aaron Holiday,2022-23,1836090,ATL,
Blake Griffin,2022-23,1836090,BOS,
Yuta Watanabe,2022-23,1836090,BKN,
Dennis Smith,2022-23,1836090,CHA,
Goran Dragic,2022-23,1836090,CHI,
Raul Neto,2022-23,1836090,CLE,
Robin Lopez,2022-23,1836090,CLE,
Theo Pinson,2022-23,1836090,DAL,
Markieff Morris,2022-23,1836090,DAL,
Thomas Bryant,2022-23,1836090,DEN,
Rodney McGruder,2022-23,1836090,DET,
Andre Iguodala,2022-23,1836090,GSW,
Frank Kaminsky,2022-23,1836090,HOU,
Serge Ibaka,2022-23,1836090,IND,
James Johnson,2022-23,1836090,IND,
Troy Brown,2022-23,1836090,LAL,
Dennis Schroder,2022-23,1836090,LAL,
Udonis Haslem,2022-23,1836090,MIA,
Wesley Matthews,2022-23,1836090,MIL,
Bryn Forbes,2022-23,1836090,MIN,
Austin Rivers,2022-23,1836090,MIN,
Nathan Knight,2022-23,1836090,MIN,
Isaiah Joe,2022-23,1836090,OKC,
Justin Jackson,2022-23,1836090,OKC,
Bismack Biyombo,2022-23,1836090,PHX,
T.J. Warren,2022-23,1836090,PHX,
Josh Okogie,2022-23,1836090,PHX,
Damion Lee,2022-23,1836090,PHX,
Ryan Arcidiacono,2022-23,1836090,POR,
Drew Eubanks,2022-23,1836090,POR,
Matthew Dellavedova,2022-23,1836090,SAC,
Gorgui Dieng,2022-23,1836090,SAS,
Juancho Hernangomez,2022-23,1836090,TOR,
Juan Toscano-Anderson,2022-23,1836090,UTA,
Anthony Gill,2022-23,1836090,WAS,
Taj Gibson,2022-23,1836090,WAS,
Javonte Green,2022-23,1815677,CHI,
Gabe Vincent,2022-23,1815677,MIA,
Max Strus,2022-23,1815677,MIA,
Herbert Jones,2022-23,1785000,NOP,
Nick Richards,2022-23,1782621,CHA,
Lamar Stevens,2022-23,1782621,CLE,
Kenyon Martin,2022-23,1782621,HOU,
Xavier Tillman,2022-23,1782621,MEM,
Naji Marshall,2022-23,1782621,NOP,
Paul Reed,2022-23,1782621,PHI,
Tre Jones,2022-23,1782621,SAS,
Vernon Carey,2022-23,1782621,WAS,
Haywood Highsmith,2022-23,1752638,MIA,
Omer Yurtseven,2022-23,1752638,MIA,
Saben Lee,2022-23,1752638,UTA,
Jericho Sims,2022-23,1639842,NYK,
Sam Hauser,2022-23,1637966,BOS,
Kessler Edwards,2022-23,1637966,SAC,
Isaiah Todd,2022-23,1575000,WAS,
Vit Krejci,2022-23,1563518,ATL,
JT Thor,2022-23,1563518,CHA,
Marko Simonovic,2022-23,1563518,CHI,
Ayo Dosunmu,2022-23,1563518,CHI,
Isaiah Livers,2022-23,1563518,DET,
Daishen Nix,2022-23,1563518,HOU,
Terry Taylor,2022-23,1563518,IND,
Brandon Boston,2022-23,1563518,LAC,
Jason Preston,2022-23,1563518,LAC,
Austin Reaves,2022-23,1563518,LAL,
Jose Alvarado,2022-23,1563518,NOP,
Miles McBride,2022-23,1563518,NYK,
Aaron Wiggins,2022-23,1563518,OKC,
Jock Landale,2022-23,1563518,PHX,
Greg Brown,2022-23,1563518,POR,
Trendon Watford,2022-23,1563518,POR,
Dalano Banton,2022-23,1563518,TOR,
Jared Butler,2022-23,1563518,UTA,
Christian Koloko,2022-23,1500000,TOR,
Eric Bledsoe,2022-23,1300000,POR,
Kennedy Chandler,2022-23,1200000,MEM,
Noah Vonleh,2022-23,1160955,SAS,
Bryce McGowens,2022-23,1075000,CHA,
Tyrese Martin,2022-23,1017781,ATL,
Jaden Hardy,2022-23,1017781,DAL,
Ryan Rollins,2022-23,1017781,GSW,
Max Christie,2022-23,1017781,LAL,
Josh Minott,2022-23,1017781,MIN,
Jabari Walker,2022-23,1017781,POR,
Kenneth Lofton,2022-23,1000000,MEM,
Kyle Singler,2022-23,999200,OKC,
Jordan Goodwin,2022-23,900000,WAS,
Sam Merrill,2022-23,850000,CLE,
Justin Champagnie,2022-23,825000,TOR,
Kris Dunn,2022-23,735819,UTA,
Nik Stauskas,2022-23,702311,IND,
Michael Carter-Williams,2022-23,652829,ORL,
Juwan Morgan,2022-23,576230,IND,
Eugene Omoruyi,2022-23,555402,OKC,
Malik Fitts,2022-23,555217,IND,
PJ Dozier,2022-23,539450,SAC,
Cody Zeller,2022-23,517060,MIA,
Admiral Schofield,2022-23,506508,ORL,
Chima Moneke,2022-23,500000,SAC,
Ish Wainright,2022-23,474851,PHX,
Facundo Campazzo,2022-23,464299,DAL,
Matt Ryan,2022-23,442439,LAL,
Luka Samanic,2022-23,432795,UTA,
Carlik Jones,2022-23,357717,CHI,
Sandro Mamukelashvili,2022-23,357717,SAS,
D.J. Augustin,2022-23,333333,HOU,
Trevelin Queen,2022-23,330000,PHI,
DaQuan Jeffries,2022-23,300000,NYK,
Robert Woodard,2022-23,300000,OKC,
Meyers Leonard,2022-23,284911,MIL,
Marcos Louzada Silva,2022-23,268032,POR,
Anthony Lamb,2022-23,253254,GSW,
D.J. Wilson,2022-23,250000,TOR,
Alize Johnson,2022-23,192293,SAS,
Jordan Hall,2022-23,175479,SAS,
Xavier Cooks,2022-23,140384,WAS,
Troy Williams,2022-23,122741,HOU,
Moses Brown,2022-23,105522,BKN,
Chris Silva,2022-23,105522,DAL,
Willie Cauley-Stein,2022-23,105522,HOU,
Shaquille Harrison,2022-23,105522,POR,
Skylar Mays,2022-23,105522,POR,
Deonte Burton,2022-23,105522,SAC,
Frank Jackson,2022-23,105522,UTA,
Jarrell Brantley,2022-23,105522,UTA,
Xavier Sneed,2022-23,94136,CHA,
Demetrius Jackson,2022-23,92857,BOS,
Stanley Umude,2022-23,58493,DET,
Lester Quinones,2022-23,58493,GSW,
Jamaree Bouyea,2022-23,58493,MIA,
Trevor Keels,2022-23,58493,NYK,
Jeenathan Williams,2022-23,52644,POR,
DJ Steward,2022-23,50000,SAC,
Armoni Brooks,2022-23,50000,TOR,
Justin Minaya,2022-23,35096,POR,
Kobi Simmons,2022-23,32795,CHA,
David Duke,2022-23,28241,BKN,
Tristan Thompson,2022-23,10552,LAL,
Chance Comanche,2022-23,5849,POR,
Stephen Curry,2023-24,51915615,GSW,
Kevin Durant,2023-24,47649433,PHX,
Nikola Jokic,2023-24,47607350,DEN,
LeBron James,2023-24,47607350,LAL,
Joel Embiid,2023-24,47607350,PHI,
Bradley Beal,2023-24,46741590,PHX,
Kawhi Leonard,2023-24,45640084,LAC,
Paul George,2023-24,45640084,LAC,
Giannis Antetokounmpo,2023-24,45640084,MIL,
Damian Lillard,2023-24,45640084,MIL,
Jimmy Butler,2023-24,45183960,MIA,
Klay Thompson,2023-24,43219440,GSW,
Rudy Gobert,2023-24,41000000,MIN,
Fred VanVleet,2023-24,40806300,HOU,
Anthony Davis,2023-24,40600080,LAL,
Trae Young,2023-24,40064220,ATL,
Zach LaVine,2023-24,40064220,CHI,
Luka Doncic,2023-24,40064220,DAL,
Tobias Harris,2023-24,39270150,PHI,
Ben Simmons,2023-24,37893408,BKN,
Pascal Siakam,2023-24,37893408,IND,
Kyrie Irving,2023-24,37037037,DAL,
Jrue Holiday,2023-24,36861707,BOS,
Kristaps Porzingis,2023-24,36016200,BOS,
Karl-Anthony Towns,2023-24,36016200,MIN,
Devin Booker,2023-24,36016200,PHX,
CJ McCollum,2023-24,35802469,NOP,
James Harden,2023-24,35680595,LAC,
Darius Garland,2023-24,34005250,CLE,
Ja Morant,2023-24,34005250,MEM,
Zion Williamson,2023-24,34005250,NOP,
Jamal Murray,2023-24,33833400,DEN,
Brandon Ingram,2023-24,33833400,NOP,
Michael Porter,2023-24,33386850,DEN,
Shai Gilgeous-Alexander,2023-24,33386850,OKC,
Gordon Hayward,2023-24,33319397,OKC,
Donovan Mitchell,2023-24,33162030,CLE,
Jayson Tatum,2023-24,32600060,BOS,
Bam Adebayo,2023-24,32600060,MIA,
De'Aaron Fox,2023-24,32600060,SAC,
Deandre Ayton,2023-24,32459438,POR,
Jaylen Brown,2023-24,31830357,BOS,
Chris Paul,2023-24,30800000,GSW,
Domantas Sabonis,2023-24,30600000,SAC,
Kyle Lowry,2023-24,29682540,CHA,
Khris Middleton,2023-24,29320988,MIL,
DeMar DeRozan,2023-24,28600000,CHI,
Julius Randle,2023-24,28226880,NYK,
Jerami Grant,2023-24,27586207,POR,
Jordan Poole,2023-24,27455357,WAS,
Jaren Jackson,2023-24,27102202,MEM,
Tyler Herro,2023-24,27000000,MIA,
Jalen Brunson,2023-24,26346666,NYK,
Cameron Johnson,2023-24,25679348,BKN,
Kyle Kuzma,2023-24,25568182,WAS,
John Collins,2023-24,25340000,UTA,
Brook Lopez,2023-24,25000000,MIL,
Mike Conley,2023-24,24360000,MIN,
Andrew Wiggins,2023-24,24330357,GSW,
Anfernee Simons,2023-24,24107143,POR,
RJ Barrett,2023-24,23883929,TOR,
Jordan Clarkson,2023-24,23487629,UTA,
Terry Rozier,2023-24,23205221,MIA,
Dillon Brooks,2023-24,22627671,HOU,
Malcolm Brogdon,2023-24,22500000,POR,
Draymond Green,2023-24,22321429,GSW,
Aaron Gordon,2023-24,22266182,DEN,
Bruce Brown,2023-24,22000000,TOR,
Mikal Bridges,2023-24,21700000,BKN,
Myles Turner,2023-24,20975000,IND,
Clint Capela,2023-24,20616000,ATL,
Lonzo Ball,2023-24,20465117,CHI,
Spencer Dinwiddie,2023-24,20357143,TOR,
De'Andre Hunter,2023-24,20089286,ATL,
Jarrett Allen,2023-24,20000000,CLE,
Bojan Bogdanovic,2023-24,20000000,NYK,
Keldon Johnson,2023-24,20000000,SAS,
Joe Harris,2023-24,19928571,DET,
Buddy Hield,2023-24,19845098,PHI,
Jakob Poeltl,2023-24,19500000,TOR,
Evan Fournier,2023-24,18857143,DET,
Marcus Smart,2023-24,18833713,MEM,
Bogdan Bogdanovic,2023-24,18700000,ATL,
OG Anunoby,2023-24,18642857,NYK,
Gary Trent,2023-24,18560000,TOR,
Nikola Vucevic,2023-24,18518519,CHI,
Derrick White,2023-24,18357143,BOS,
Dejounte Murray,2023-24,18214000,ATL,
Duncan Robinson,2023-24,18154000,MIA,
Norman Powell,2023-24,18000000,LAC,
Tim Hardaway,2023-24,17897728,DAL,
Jonathan Isaac,2023-24,17400000,ORL,
Collin Sexton,2023-24,17325000,UTA,
D'Angelo Russell,2023-24,17307693,LAL,
Lauri Markkanen,2023-24,17259999,UTA,
Marcus Morris,2023-24,17116279,SAS,
Davis Bertans,2023-24,17000000,CHA,
Markelle Fultz,2023-24,17000000,ORL,
Harrison Barnes,2023-24,17000000,SAC,
Jusuf Nurkic,2023-24,16875000,PHX,
P.J. Washington,2023-24,16847826,DAL,
Kevin Porter,2023-24,15860000,OKC,
Rui Hachimura,2023-24,15740741,LAL,
Mitchell Robinson,2023-24,15681818,NYK,
Kevin Huerter,2023-24,15669643,SAC,
Jonas Valanciunas,2023-24,15435000,NOP,
Caris LeVert,2023-24,15384616,CLE,
Luguentz Dort,2023-24,15277778,OKC,
Luke Kennard,2023-24,14763636,MEM,
Kentavious Caldwell-Pope,2023-24,14704938,DEN,
Max Strus,2023-24,14487684,CLE,
Tyus Jones,2023-24,14000000,WAS,
Dorian Finney-Smith,2023-24,13932008,BKN,
Doug McDermott,2023-24,13750000,IND,
Anthony Edwards,2023-24,13534817,MIN,
Wendell Carter,2023-24,13050000,ORL,
Gary Harris,2023-24,13000000,ORL,
Josh Hart,2023-24,12960000,NYK,
Naz Reid,2023-24,12950400,MIN,
Steven Adams,2023-24,12600000,HOU,
Brandon Clarke,2023-24,12500000,MEM,
Marvin Bagley,2023-24,12500000,WAS,
Dennis Schroder,2023-24,12405000,BKN,
Grant Williams,2023-24,12405000,CHA,
Daniel Gafford,2023-24,12402000,DAL,
Kelly Olynyk,2023-24,12195122,TOR,
Victor Wembanyama,2023-24,12160680,SAS,
James Wiseman,2023-24,12119440,DET,
Devonte' Graham,2023-24,12100000,SAS,
Richaun Holmes,2023-24,12046020,WAS,
Austin Reaves,2023-24,12015150,LAL,
Herbert Jones,2023-24,12015150,NOP,
Chris Boucher,2023-24,11750000,TOR,
Bobby Portis,2023-24,11710818,MIL,
Nicolas Batum,2023-24,11710818,PHI,
Robert Covington,2023-24,11692308,PHI,
Paolo Banchero,2023-24,11608080,ORL,
Robert Williams,2023-24,11571429,POR,
Coby White,2023-24,11111111,CHI,
Cade Cunningham,2023-24,11055360,DET,
Talen Horton-Tucker,2023-24,11020000,UTA,
P.J. Tucker,2023-24,11014500,LAC,
Reggie Bullock,2023-24,11014080,SAS,
Maxi Kleber,2023-24,11000000,DAL,
Joe Ingles,2023-24,11000000,ORL,
Ivica Zubac,2023-24,10933333,LAC,
LaMelo Ball,2023-24,10900635,CHA,
Donte DiVincenzo,2023-24,10900000,NYK,
Brandon Miller,2023-24,10880400,CHA,
Terance Mann,2023-24,10576923,LAC,
Gabe Vincent,2023-24,10500000,LAL,
Matisse Thybulle,2023-24,10500000,POR,
Alec Burks,2023-24,10489600,NYK,
Chet Holmgren,2023-24,10386000,OKC,
Larry Nance,2023-24,10375000,NOP,
Landry Shamet,2023-24,10250000,WAS,
Al Horford,2023-24,10000000,BOS,
Malik Monk,2023-24,9945830,SAC,
Tre Jones,2023-24,9895833,SAS,
Jalen Green,2023-24,9891480,HOU,
Patrick Williams,2023-24,9835881,CHI,
Monte Morris,2023-24,9800926,MIN,
Scoot Henderson,2023-24,9770880,POR,
Nic Claxton,2023-24,9625000,BKN,
Jeff Green,2023-24,9600000,HOU,
Royce O'Neale,2023-24,9500000,PHX,
Alex Caruso,2023-24,9460000,CHI,
Victor Oladipo,2023-24,9450000,MEM,
Pat Connaughton,2023-24,9423869,MIL,
Jabari Smith,2023-24,9326520,HOU,
Isaiah Hartenstein,2023-24,9245121,NYK,
Kyle Anderson,2023-24,9219512,MIN,
Grayson Allen,2023-24,8925000,PHX,
Isaac Okoro,2023-24,8920795,CLE,
Evan Mobley,2023-24,8882640,CLE,
Amen Thompson,2023-24,8809320,HOU,
Georges Niang,2023-24,8800000,CLE,
Gary Payton,2023-24,8715000,GSW,
T.J. McConnell,2023-24,8700000,IND,
Keegan Murray,2023-24,8409000,SAC,
Delon Wright,2023-24,8195122,WAS,
Onyeka Okongwu,2023-24,8109063,ATL,
Scottie Barnes,2023-24,8008680,TOR,
Thaddeus Young,2023-24,8000000,BKN,
Jock Landale,2023-24,8000000,HOU,
Moritz Wagner,2023-24,8000000,ORL,
De'Anthony Melton,2023-24,8000000,PHI,
Trey Lyles,2023-24,8000000,SAC,
Ausar Thompson,2023-24,7977480,DET,
Miles Bridges,2023-24,7921300,CHA,
Vasilije Micic,2023-24,7723000,CHA,
Paul Reed,2023-24,7723000,PHI,
Zach Collins,2023-24,7700000,SAS,
Jaden Ivey,2023-24,7614480,DET,
Cody Martin,2023-24,7560000,CHA,
Kevon Looney,2023-24,7500000,GSW,
Killian Hayes,2023-24,7413955,DET,
Jalen Suggs,2023-24,7252080,ORL,
Anthony Black,2023-24,7245480,ORL,
Khem Birch,2023-24,6985000,SAS,
Daniel Theis,2023-24,6928876,IND,
Bennedict Mathurin,2023-24,6916080,IND,
Obi Toppin,2023-24,6803012,IND,
Patty Mills,2023-24,6802950,ATL,
Danilo Gallinari,2023-24,6802950,DET,
John Wall,2023-24,6802950,HOU,
Caleb Martin,2023-24,6802950,MIA,
Cedi Osman,2023-24,6718842,SAS,
Bilal Coulibaly,2023-24,6614280,WAS,
Josh Giddey,2023-24,6587040,OKC,
Jae'Sean Tate,2023-24,6500000,HOU,
Cameron Payne,2023-24,6500000,SAS,
Ayo Dosunmu,2023-24,6481482,CHI,
Rudy Gay,2023-24,6479000,OKC,
Aleksandar Vezenkov,2023-24,6341464,SAC,
Shaedon Sharpe,2023-24,6313800,POR,
Otto Porter,2023-24,6300000,UTA,
Deni Avdija,2023-24,6263188,WAS,
Nassir Little,2023-24,6250000,PHX,
Jevon Carter,2023-24,6190476,CHI,
Kenrich Williams,2023-24,6175000,OKC,
Jarace Walker,2023-24,6059520,IND,
Jonathan Kuminga,2023-24,6012840,GSW,
Devin Vassell,2023-24,5887899,SAS,
Tyrese Haliburton,2023-24,5808435,IND,
Dyson Daniels,2023-24,5784120,NOP,
Kira Lewis,2023-24,5722116,UTA,
Dean Wade,2023-24,5709877,CLE,
Aaron Nesmith,2023-24,5634257,IND,
Taylor Hendricks,2023-24,5569920,UTA,
Cole Anthony,2023-24,5539771,ORL,
Franz Wagner,2023-24,5508720,ORL,
Furkan Korkmaz,2023-24,5370370,IND,
Jeremy Sochan,2023-24,5316960,SAS,
Cason Wallace,2023-24,5291400,OKC,
Isaiah Stewart,2023-24,5266713,DET,
Chuma Okeke,2023-24,5266713,ORL,
Davion Mitchell,2023-24,5063640,SAC,
Johnny Davis,2023-24,5050800,WAS,
Jalen Smith,2023-24,5043773,IND,
Jett Howard,2023-24,5026800,ORL,
Aleksej Pokusevski,2023-24,5009633,OKC,
Nick Richards,2023-24,5000000,CHA,
Reggie Jackson,2023-24,5000000,DEN,
Shake Milton,2023-24,5000000,DET,
Mason Plumlee,2023-24,5000000,LAC,
Bismack Biyombo,2023-24,5000000,MEM,
Ziaire Williams,2023-24,4810200,MEM,
Ousmane Dieng,2023-24,4798440,OKC,
Dereck Lively,2023-24,4775640,DAL,
Josh Green,2023-24,4765339,DAL,
Jarred Vanderbilt,2023-24,4698000,LAL,
Nickeil Alexander-Walker,2023-24,4687500,MIN,
James Bouknight,2023-24,4570080,CHA,
Jalen Williams,2023-24,4558680,OKC,
Saddiq Bey,2023-24,4556983,ATL,
Gradey Dick,2023-24,4536720,TOR,
Taurean Prince,2023-24,4516000,LAL,
Jalen McDaniels,2023-24,4516000,TOR,
Precious Achiuwa,2023-24,4379527,NYK,
Tyrese Maxey,2023-24,4343920,PHI,
Joshua Primo,2023-24,4341600,SAS,
Jalen Duren,2023-24,4330680,DET,
Danuel House,2023-24,4310250,DET,
Jordan Hawkins,2023-24,4310160,NOP,
Zeke Nnaji,2023-24,4306281,DEN,
Immanuel Quickley,2023-24,4171548,TOR,
Chris Duarte,2023-24,4124400,SAC,
Ochai Agbaji,2023-24,4114200,TOR,
Kobe Bufkin,2023-24,4094280,ATL,
Payton Pritchard,2023-24,4037277,BOS,
Seth Curry,2023-24,4000000,CHA,
Dwight Powell,2023-24,4000000,DAL,
Troy Brown,2023-24,4000000,DET,
Moses Moody,2023-24,3918480,GSW,
Mark Williams,2023-24,3908160,CHA,
Jaden McDaniels,2023-24,3901399,MIN,
Keyonte George,2023-24,3889800,UTA,
Malachi Flynn,2023-24,3873025,DET,
Desmond Bane,2023-24,3845083,MEM,
Russell Westbrook,2023-24,3835738,LAC,
Kevin Love,2023-24,3835738,MIA,
Corey Kispert,2023-24,3722040,WAS,
AJ Griffin,2023-24,3712920,ATL,
Ricky Rubio,2023-24,3695311,CLE,
Jalen Hood-Schifino,2023-24,3695040,LAL,
Amir Coffey,2023-24,3666667,LAC,
Alperen Sengun,2023-24,3536280,HOU,
Tari Eason,2023-24,3527160,HOU,
Jaime Jaquez,2023-24,3510600,MIA,
Mike Muscala,2023-24,3500000,DET,
Derrick Jones,2023-24,3360000,CHI,
Andre Drummond,2023-24,3360000,CHI,
Trey Murphy,2023-24,3359280,NOP,
Brandin Podziemski,2023-24,3352440,GSW,
Dalen Terry,2023-24,3350760,CHI,
Cam Whitmore,2023-24,3218160,HOU,
Jake LaRavia,2023-24,3199920,MEM,
Derrick Rose,2023-24,3196448,MEM,
Eric Gordon,2023-24,3196448,PHX,
Tre Mann,2023-24,3191400,CHA,
Noah Clowney,2023-24,3089520,BKN,
Malaki Branham,2023-24,3071880,SAS,
Kai Jones,2023-24,3047880,CHA,
Simone Fontecchio,2023-24,3044872,DET,
Dante Exum,2023-24,3000000,DAL,
Julian Champagnie,2023-24,3000000,SAS,
Jordan Nwora,2023-24,3000000,TOR,
Dariq Miller-Whitehead,2023-24,2966040,BKN,
Christian Braun,2023-24,2949120,DEN,
Jalen Johnson,2023-24,2925360,ATL,
Josh Richardson,2023-24,2891467,MIA,
Kris Murray,2023-24,2847480,POR,
Andrew Nicholson,2023-24,2844430,POR,
Walker Kessler,2023-24,2831160,UTA,
Josh Okogie,2023-24,2815937,PHX,
Keon Johnson,2023-24,2808720,PHX,
Omer Yurtseven,2023-24,2800000,UTA,
Dewayne Dedmon,2023-24,2748674,DET,
Olivier-Maxence Prosper,2023-24,2733720,DAL,
David Roddy,2023-24,2718240,PHX,
Christian Wood,2023-24,2709849,LAL,
Isaiah Jackson,2023-24,2696280,IND,
Marcus Sasser,2023-24,2624040,DET,
MarJon Beauchamp,2023-24,2609400,MIL,
Charles Bassey,2023-24,2600000,SAS,
Usman Garuba,2023-24,2588400,OKC,
Damian Jones,2023-24,2586665,CLE,
Kris Dunn,2023-24,2586665,UTA,
Bruno Fernando,2023-24,2581522,ATL,
Ben Sheppard,2023-24,2537160,IND,
Torrey Craig,2023-24,2528233,CHI,
Thomas Bryant,2023-24,2528233,MIA,
Damion Lee,2023-24,2528233,PHX,
Blake Wesley,2023-24,2504640,SAS,
Josh Christopher,2023-24,2485200,MEM,
Nick Smith,2023-24,2463960,CHA,
Brice Sensabaugh,2023-24,2448600,UTA,
Ty Jerome,2023-24,2439025,CLE,
Julian Strawther,2023-24,2431080,DEN,
Tristan Vukcevic,2023-24,2424892,WAS,
Wendell Moore,2023-24,2421720,MIN,
Kobe Brown,2023-24,2413320,LAC,
Luke Kornet,2023-24,2413304,BOS,
John Konchar,2023-24,2400000,MEM,
Quentin Grimes,2023-24,2385720,DET,
Nikola Jovic,2023-24,2352000,MIA,
JaVale McGee,2023-24,2348324,DAL,
Keita Bates-Diop,2023-24,2346614,BKN,
Yuta Watanabe,2023-24,2346614,MEM,
Drew Eubanks,2023-24,2346614,PHX,
Patrick Baldwin,2023-24,2337720,WAS,
TyTy Washington,2023-24,2320440,OKC,
Jordan McLaughlin,2023-24,2320000,MIN,
Bones Hyland,2023-24,2306400,LAC,
Peyton Watson,2023-24,2303520,DEN,
James Johnson,2023-24,2241188,IND,
Cam Thomas,2023-24,2240160,BKN,
Vlatko Cancar,2023-24,2234359,DEN,
Vince Williams,2023-24,2232308,MEM,
Jaden Springer,2023-24,2226240,BOS,
Day'Ron Sharpe,2023-24,2210040,BKN,
Jeff Dowtin,2023-24,2196970,PHI,
Santi Aldama,2023-24,2194200,MEM,
Oshae Brissett,2023-24,2165000,BOS,
Jaxson Hayes,2023-24,2165000,LAL,
Cam Reddish,2023-24,2165000,LAL,
Andrew Nembhard,2023-24,2131905,IND,
Goga Bitadze,2023-24,2066585,ORL,
Luka Samanic,2023-24,2066585,UTA,
Wesley Matthews,2023-24,2019706,ATL,
Svi Mykhailiuk,2023-24,2019706,BOS,
Dennis Smith,2023-24,2019706,BKN,
Harry Giles,2023-24,2019706,BKN,
Trendon Watford,2023-24,2019706,BKN,
Lonnie Walker,2023-24,2019706,BKN,
Frank Ntilikina,2023-24,2019706,CHA,
Ish Smith,2023-24,2019706,CHA,
Terry Taylor,2023-24,2019706,CHI,
Tristan Thompson,2023-24,2019706,CLE,
Markieff Morris,2023-24,2019706,DAL,
DeAndre Jordan,2023-24,2019706,DEN,
Justin Holiday,2023-24,2019706,DEN,
Ryan Arcidiacono,2023-24,2019706,DET,
Taj Gibson,2023-24,2019706,WAS,
Chimezie Metu,2023-24,2019706,MEM,
Dario Saric,2023-24,2019706,GSW,
Aaron Holiday,2023-24,2019706,HOU,
Boban Marjanovic,2023-24,2019706,HOU,
Cory Joseph,2023-24,2019706,IND,
Lamar Stevens,2023-24,2019706,MEM,
Malik Beasley,2023-24,2019706,MIL,
Thanasis Antetokounmpo,2023-24,2019706,MIL,
Jae Crowder,2023-24,2019706,MIL,
Patrick Beverley,2023-24,2019706,MIL,
Cody Zeller,2023-24,2019706,NOP,
Dylan Windler,2023-24,2019706,NYK,
Mohamed Bamba,2023-24,2019706,PHI,
Montrezl Harrell,2023-24,2019706,PHI,
Kelly Oubre,2023-24,2019706,PHI,
Bol Bol,2023-24,2019706,PHX,
Dalano Banton,2023-24,2019706,POR,
Moses Brown,2023-24,2019706,POR,
Robin Lopez,2023-24,2019706,SAC,
Alex Len,2023-24,2019706,SAC,
Colby Jones,2023-24,2019706,SAC,
Sandro Mamukelashvili,2023-24,2019706,SAS,
Garrett Temple,2023-24,2019706,TOR,
Garrison Mathews,2023-24,2000000,ATL,
Jaylin Williams,2023-24,2000000,OKC,
Caleb Houstan,2023-24,2000000,ORL,
Sam Merrill,2023-24,1997238,CLE,
Isaiah Joe,2023-24,1997238,OKC,
Anthony Gill,2023-24,1997238,WAS,
Gregory Jackson,2023-24,1991428,MEM,
Duop Reath,2023-24,1951220,POR,
Xavier Tillman,2023-24,1930681,BOS,
Naji Marshall,2023-24,1930681,NOP,
KJ Martin,2023-24,1930681,PHI,
Sam Hauser,2023-24,1927896,BOS,
Jordan Goodwin,2023-24,1927896,BKN,
Jericho Sims,2023-24,1927896,NYK,
Ish Wainright,2023-24,1927896,POR,
Kessler Edwards,2023-24,1927896,SAC,
Haywood Highsmith,2023-24,1902137,MIA,
A.J. Green,2023-24,1901769,MIL,
Jeremiah Robinson-Earl,2023-24,1900000,HOU,
Kevin Knox,2023-24,1845593,UTA,
JT Thor,2023-24,1836096,CHA,
Brandon Boston,2023-24,1836096,LAC,
Isaiah Todd,2023-24,1836096,MEM,
Jose Alvarado,2023-24,1836096,NOP,
Miles McBride,2023-24,1836096,NYK,
Aaron Wiggins,2023-24,1836096,OKC,
Isaiah Livers,2023-24,1836096,WAS,
Dru Smith,2023-24,1801769,MIA,
Orlando Robinson,2023-24,1801769,MIA,
E.J. Liddell,2023-24,1801769,NOP,
Leonard Miller,2023-24,1800000,MIN,
Skylar Mays,2023-24,1799163,POR,
Bryce McGowens,2023-24,1719864,CHA,
Jaden Hardy,2023-24,1719864,DAL,
Max Christie,2023-24,1719864,LAL,
Kennedy Chandler,2023-24,1719864,MEM,
Kenneth Lofton,2023-24,1719864,MEM,
Josh Minott,2023-24,1719864,MIN,
Jabari Walker,2023-24,1719864,POR,
Christian Koloko,2023-24,1719864,TOR,
Xavier Cooks,2023-24,1719864,WAS,
Ryan Rollins,2023-24,1719864,WAS,
Jalen Pickett,2023-24,1708143,DEN,
Julian Phillips,2023-24,1600000,CHI,
Craig Porter,2023-24,1500000,CLE,
Matt Ryan,2023-24,1500000,NOP,
Eric Bledsoe,2023-24,1300000,POR,
Jared Butler,2023-24,1250000,WAS,
Mouhamed Gueye,2023-24,1119563,ATL,
Jarkel Joiner,2023-24,1119563,ATL,
Jordan Walsh,2023-24,1119563,BOS,
Hunter Tyson,2023-24,1119563,DEN,
Trayce Jackson-Davis,2023-24,1119563,GSW,
Maxwell Lewis,2023-24,1119563,LAL,
Chris Livingston,2023-24,1119563,MIL,
Andre Jackson,2023-24,1119563,MIL,
Rayan Rupert,2023-24,1119563,POR,
Toumani Camara,2023-24,1119563,POR,
Sidy Cissoko,2023-24,1119563,SAS,
Kendall Brown,2023-24,1100000,IND,
Gui Santos,2023-24,1029483,GSW,
A.J. Lawson,2023-24,1000000,DAL,
Eugene Omoruyi,2023-24,900000,WAS,
Ricky Council,2023-24,864353,PHI,
Jalen Wilson,2023-24,850000,BKN,
DaQuan Jeffries,2023-24,831385,NYK,
Lindy Waters,2023-24,766095,OKC,
Nik Stauskas,2023-24,702311,IND,
Keon Ellis,2023-24,683430,SAC,
Jack White,2023-24,600000,OKC,
Juwan Morgan,2023-24,576230,IND,
Filip Petrusev,2023-24,559782,SAC,
Malik Fitts,2023-24,555217,IND,
Lester Quinones,2023-24,548815,GSW,
Stanley Umude,2023-24,538460,DET,
Trent Forrest,2023-24,533945,ATL,
Onuralp Bitim,2023-24,500000,CHI,
Darius Bazley,2023-24,500000,UTA,
Dominick Barlow,2023-24,455620,SAS,
Juan Toscano-Anderson,2023-24,323506,SAC,
Nerlens Noel,2023-24,300000,SAC,
Javon Freeman-Liberty,2023-24,289542,TOR,
Marcos Louzada Silva,2023-24,268032,POR,
Mamadi Diakite,2023-24,252525,NYK,
Neemias Queta,2023-24,250000,SAC,
T.J. Warren,2023-24,220543,MIN,
Danny Green,2023-24,200000,PHI,
Zhaire Smith,2023-24,139290,CLE,
Javonte Green,2023-24,127683,CHI,
Luka Garza,2023-24,127683,MIN,
Marques Bolden,2023-24,116075,CHA,
Jaylen Nowell,2023-24,116075,DET,
Wenyen Gabriel,2023-24,116075,MEM,
Shaquille Harrison,2023-24,116075,MEM,
Justin Jackson,2023-24,116075,MIN,
Malcolm Hill,2023-24,116075,NOP,
D.J. Wilson,2023-24,116075,PHI,
Isaiah Thomas,2023-24,116075,PHX,
Kobi Simmons,2023-24,116075,TOR,
Jahmi'us Ramsey,2023-24,116075,TOR,
Justise Winslow,2023-24,116075,TOR,
Hamidou Diallo,2023-24,116075,WAS,
Justin Champagnie,2023-24,116075,WAS,
R.J. Hampton,2023-24,116075,WAS,
Sharife Cooper,2023-24,103550,CLE,
Zavier Simpson,2023-24,103550,MEM,
DeJon Jarreau,2023-24,103550,MEM,
Ashton Hagans,2023-24,103550,POR,
Demetrius Jackson,2023-24,92857,BOS,
Tosan Evbuomwan,2023-24,70777,DET,
Pete Nance,2023-24,64343,CLE,
Maozinha Pereira,2023-24,64343,MEM,
Matthew Hurt,2023-24,64343,MEM,
Trey Jemison,2023-24,64343,MEM,
Jalen Crutcher,2023-24,64343,NOP,
Izaiah Brockington,2023-24,64343,NOP,
Jacob Toppin,2023-24,64343,NYK,
Taze Moore,2023-24,64343,POR,
Malik Williams,2023-24,64343,TOR,
Mouhamadou Gueye,2023-24,64343,TOR,
D.J. Carton,2023-24,64343,TOR,
Taevion Kinsey,2023-24,64343,UTA,
Timmy Allen,2023-24,57908,MEM,
Stephen Curry,2024-25,55761216,GSW,
Nikola Jokic,2024-25,51415938,DEN,
Joel Embiid,2024-25,51415938,PHI,
Kevin Durant,2024-25,51179021,PHX,
Bradley Beal,2024-25,50203930,PHX,
Jaylen Brown,2024-25,49205800,BOS,
Kawhi Leonard,2024-25,49205800,LAC,
Karl-Anthony Towns,2024-25,49205800,NYK,
Paul George,2024-25,49205800,PHI,
Devin Booker,2024-25,49205800,PHX,
Jimmy Butler,2024-25,48798677,GSW,
Giannis Antetokounmpo,2024-25,48787676,MIL,
Damian Lillard,2024-25,48787676,MIL,
LeBron James,2024-25,48728845,LAL,
Zach LaVine,2024-25,44531940,SAC,
Rudy Gobert,2024-25,43827586,MIN,
Anthony Davis,2024-25,43219440,DAL,
Trae Young,2024-25,43031940,ATL,
Luka Doncic,2024-25,43031940,LAL,
Fred VanVleet,2024-25,42846615,HOU,
Pascal Siakam,2024-25,42176400,IND,
Tyrese Haliburton,2024-25,42176400,IND,
Anthony Edwards,2024-25,42176400,MIN,
Lauri Markkanen,2024-25,42176400,UTA,
Kyrie Irving,2024-25,41000000,DAL,
Domantas Sabonis,2024-25,40500000,SAC,
Ben Simmons,2024-25,39256083,BKN,
Darius Garland,2024-25,36725670,CLE,
Ja Morant,2024-25,36725670,MEM,
Zion Williamson,2024-25,36725670,NOP,
OG Anunoby,2024-25,36637932,NYK,
Jamal Murray,2024-25,36016200,DEN,
Brandon Ingram,2024-25,36016200,TOR,
Michael Porter,2024-25,35859950,DEN,
Shai Gilgeous-Alexander,2024-25,35859950,OKC,
Donovan Mitchell,2024-25,35410310,CLE,
LaMelo Ball,2024-25,35147000,CHA,
Tyrese Maxey,2024-25,35147000,PHI,
Jayson Tatum,2024-25,34848340,BOS,
Bam Adebayo,2024-25,34848340,MIA,
De'Aaron Fox,2024-25,34848340,SAS,
Desmond Bane,2024-25,34005250,MEM,
Deandre Ayton,2024-25,34005126,POR,
James Harden,2024-25,33653846,LAC,
CJ McCollum,2024-25,33333333,NOP,
Julius Randle,2024-25,33073920,MIN,
Immanuel Quickley,2024-25,32500000,TOR,
Khris Middleton,2024-25,31000000,WAS,
Jrue Holiday,2024-25,30000000,BOS,
Isaiah Hartenstein,2024-25,30000000,OKC,
Jerami Grant,2024-25,29793104,POR,
Jordan Poole,2024-25,29651786,WAS,
Dejounte Murray,2024-25,29517135,NOP,
Devin Vassell,2024-25,29347826,SAS,
Kristaps Porzingis,2024-25,29268293,BOS,
Tyler Herro,2024-25,29000000,MIA,
Nic Claxton,2024-25,27556817,BKN,
Miles Bridges,2024-25,27173913,CHA,
John Collins,2024-25,26580000,UTA,
Andrew Wiggins,2024-25,26276786,MIA,
Anfernee Simons,2024-25,25892857,POR,
RJ Barrett,2024-25,25794643,TOR,
Tobias Harris,2024-25,25365854,DET,
Jaren Jackson,2024-25,25257798,MEM,
Jonathan Isaac,2024-25,25000000,ORL,
Jalen Brunson,2024-25,24960001,NYK,
Terry Rozier,2024-25,24924126,MIA,
Kyle Kuzma,2024-25,24456061,MIL,
Draymond Green,2024-25,24107143,GSW,
DeMar DeRozan,2024-25,23400000,SAC,
Mikal Bridges,2024-25,23300000,NYK,
Jaden McDaniels,2024-25,23017242,MIN,
Brook Lopez,2024-25,23000000,MIL,
Bruce Brown,2024-25,23000000,NOP,
Aaron Gordon,2024-25,22841455,DEN,
Kentavious Caldwell-Pope,2024-25,22757000,ORL,
Cameron Johnson,2024-25,22500000,BKN,
Malcolm Brogdon,2024-25,22500000,WAS,
Clint Capela,2024-25,22265280,ATL,
Dillon Brooks,2024-25,22255493,HOU,
De'Andre Hunter,2024-25,21696429,CLE,
Lonzo Ball,2024-25,21395348,CHI,
Marcus Smart,2024-25,20210284,WAS,
Derrick White,2024-25,20071429,BOS,
Nikola Vucevic,2024-25,20000000,CHI,
Jarrett Allen,2024-25,20000000,CLE,
Myles Turner,2024-25,19928500,IND,
Jakob Poeltl,2024-25,19500000,TOR,
Duncan Robinson,2024-25,19406000,MIA,
Norman Powell,2024-25,19241379,LAC,
Bojan Bogdanovic,2024-25,19032850,BKN,
Keldon Johnson,2024-25,19000000,SAS,
D'Angelo Russell,2024-25,18692307,BKN,
Collin Sexton,2024-25,18350000,UTA,
Josh Hart,2024-25,18144000,NYK,
Jusuf Nurkic,2024-25,18125000,CHA,
Patrick Williams,2024-25,18000000,CHI,
Harrison Barnes,2024-25,18000000,SAS,
Malik Monk,2024-25,17405203,SAC,
Bogdan Bogdanovic,2024-25,17260000,LAC,
Rui Hachimura,2024-25,17000000,LAL,
Kevin Huerter,2024-25,16830357,CHI,
Zach Collins,2024-25,16741200,CHI,
Caris LeVert,2024-25,16615384,ATL,
Luguentz Dort,2024-25,16500000,OKC,
Tim Hardaway,2024-25,16193183,DET,
Klay Thompson,2024-25,15873016,DAL,
Grayson Allen,2024-25,15625000,PHX,
Deni Avdija,2024-25,15625000,POR,
P.J. Washington,2024-25,15500000,DAL,
Max Strus,2024-25,15212068,CLE,
Isaiah Stewart,2024-25,15000000,DET,
Dorian Finney-Smith,2024-25,14924167,LAL,
Mitchell Robinson,2024-25,14318182,NYK,
Jordan Clarkson,2024-25,14092577,UTA,
Onyeka Okongwu,2024-25,14000000,ATL,
Naz Reid,2024-25,13986432,MIN,
Cade Cunningham,2024-25,13940809,DET,
Daniel Gafford,2024-25,13394160,DAL,
Grant Williams,2024-25,13025250,CHA,
Dennis Schroder,2024-25,13025250,DET,
Isaiah Joe,2024-25,12991650,OKC,
Austin Reaves,2024-25,12976362,LAL,
Herbert Jones,2024-25,12976362,NOP,
Obi Toppin,2024-25,12975000,IND,
Cole Anthony,2024-25,12900000,ORL,
De'Anthony Melton,2024-25,12822000,BKN,
Kelly Olynyk,2024-25,12804878,NOP,
Victor Wembanyama,2024-25,12768960,SAS,
Josh Green,2024-25,12654321,CHA,
Richaun Holmes,2024-25,12648321,WAS,
Steven Adams,2024-25,12600000,HOU,
Bobby Portis,2024-25,12578286,MIL,
Zaccharie Risacher,2024-25,12569040,ATL,
Marvin Bagley,2024-25,12500000,MEM,
Brandon Clarke,2024-25,12500000,MEM,
Jalen Green,2024-25,12483048,HOU,
Robert Williams,2024-25,12428571,POR,
Paolo Banchero,2024-25,12160800,ORL,
Coby White,2024-25,12000000,CHI,
Wendell Carter,2024-25,11950000,ORL,
Ivica Zubac,2024-25,11743210,LAC,
P.J. Tucker,2024-25,11539000,TOR,
Donte DiVincenzo,2024-25,11445000,MIN,
Brandon Miller,2024-25,11424600,CHA,
Terance Mann,2024-25,11423077,ATL,
Alex Sarr,2024-25,11245680,WAS,
Evan Mobley,2024-25,11227657,CLE,
Larry Nance,2024-25,11205000,ATL,
Matisse Thybulle,2024-25,11025000,POR,
Aaron Nesmith,2024-25,11000000,IND,
Maxi Kleber,2024-25,11000000,LAL,
Gabe Vincent,2024-25,11000000,LAL,
Moritz Wagner,2024-25,11000000,ORL,
Chet Holmgren,2024-25,10880640,OKC,
Chris Boucher,2024-25,10810000,TOR,
Jarred Vanderbilt,2024-25,10714286,LAL,
Aaron Wiggins,2024-25,10514017,OKC,
Chris Paul,2024-25,10460000,SAS,
Scoot Henderson,2024-25,10259160,POR,
Isaac Okoro,2024-25,10185186,CLE,
Scottie Barnes,2024-25,10130980,TOR,
Reed Sheppard,2024-25,10098960,HOU,
Mike Conley,2024-25,9975962,MIN,
Jonas Valanciunas,2024-25,9900000,SAC,
Alex Caruso,2024-25,9890000,OKC,
Jabari Smith,2024-25,9770880,HOU,
Derrick Jones,2024-25,9523810,LAC,
Al Horford,2024-25,9500000,BOS,
Pat Connaughton,2024-25,9423869,MIL,
Royce O'Neale,2024-25,9375000,PHX,
T.J. McConnell,2024-25,9300000,IND,
Luke Kennard,2024-25,9250000,MEM,
Amen Thompson,2024-25,9249960,HOU,
Jalen Suggs,2024-25,9188385,ORL,
Caleb Martin,2024-25,9186594,DAL,
Gary Payton,2024-25,9130000,GSW,
Stephon Castle,2024-25,9105120,SAS,
Tre Jones,2024-25,9104167,CHI,
Goga Bitadze,2024-25,9057971,ORL,
Zeke Nnaji,2024-25,8888889,DEN,
Keegan Murray,2024-25,8809560,SAC,
Buddy Hield,2024-25,8780488,GSW,
Kyle Anderson,2024-25,8780488,MIA,
Jalen Smith,2024-25,8571429,CHI,
Naji Marshall,2024-25,8571429,DAL,
Georges Niang,2024-25,8500000,ATL,
Ausar Thompson,2024-25,8376000,DET,
Josh Giddey,2024-25,8352367,CHI,
Josh Okogie,2024-25,8250000,CHA,
Ron Holland,2024-25,8245320,DET,
Cody Martin,2024-25,8120000,PHX,
Kevon Looney,2024-25,8000000,GSW,
Jeff Green,2024-25,8000000,HOU,
Jock Landale,2024-25,8000000,HOU,
Trey Lyles,2024-25,8000000,SAC,
Kelly Oubre,2024-25,7983000,PHI,
Jaden Ivey,2024-25,7977240,DET,
KJ Martin,2024-25,7975000,UTA,
Vasilije Micic,2024-25,7723000,PHX,
Simone Fontecchio,2024-25,7692308,DET,
Jonathan Kuminga,2024-25,7636307,GSW,
Anthony Black,2024-25,7607760,ORL,
Jae'Sean Tate,2024-25,7565217,HOU,
Gary Harris,2024-25,7500000,ORL,
Tidjane Salaun,2024-25,7488720,CHA,
Bennedict Mathurin,2024-25,7245720,IND,
Max Christie,2024-25,7142857,DAL,
Franz Wagner,2024-25,7007092,ORL,
Ayo Dosunmu,2024-25,7000000,CHI,
Bilal Coulibaly,2024-25,6945240,WAS,
Donovan Clingan,2024-25,6836400,POR,
Payton Pritchard,2024-25,6696429,BOS,
Kenrich Williams,2024-25,6669000,OKC,
Shaedon Sharpe,2024-25,6614160,POR,
Jevon Carter,2024-25,6500000,CHI,
Davion Mitchell,2024-25,6451077,MIA,
Saddiq Bey,2024-25,6440678,WAS,
Jarace Walker,2024-25,6362520,IND,
Rob Dillingham,2024-25,6262920,MIN,
Dean Wade,2024-25,6166667,CLE,
John Konchar,2024-25,6165000,MEM,
Ziaire Williams,2024-25,6133005,BKN,
Dyson Daniels,2024-25,6059520,ATL,
Malik Beasley,2024-25,6000000,DET,
Precious Achiuwa,2024-25,6000000,NYK,
Chris Duarte,2024-25,5893768,CHI,
Taylor Hendricks,2024-25,5848680,UTA,
Moses Moody,2024-25,5803269,GSW,
Zach Edey,2024-25,5756880,MEM,
Corey Kispert,2024-25,5705887,WAS,
Jeremy Sochan,2024-25,5570040,SAS,
Cason Wallace,2024-25,5555880,OKC,
Cody Williams,2024-25,5469120,UTA,
Alperen Sengun,2024-25,5424654,HOU,
Johnny Davis,2024-25,5291160,MEM,
Jett Howard,2024-25,5278320,ORL,
Davis Bertans,2024-25,5250000,CHA,
Haywood Highsmith,2024-25,5200000,MIA,
Matas Buzelis,2024-25,5195520,CHI,
Dario Saric,2024-25,5168000,DEN,
Kris Dunn,2024-25,5168000,LAC,
Trey Murphy,2024-25,5159854,NOP,
Ousmane Dieng,2024-25,5027040,OKC,
Dereck Lively,2024-25,5014560,DAL,
Drew Eubanks,2024-25,5000000,LAC,
Andre Drummond,2024-25,5000000,PHI,
Nick Richards,2024-25,5000000,PHX,
Nikola Topic,2024-25,4935960,OKC,
Tre Mann,2024-25,4908373,CHA,
Jalen Williams,2024-25,4775760,OKC,
Gradey Dick,2024-25,4763760,TOR,
Jalen McDaniels,2024-25,4741800,SAS,
Miles McBride,2024-25,4710144,NYK,
Devin Carter,2024-25,4689000,SAC,
Aaron Holiday,2024-25,4668000,HOU,
Nicolas Batum,2024-25,4668000,LAC,
Jalen Duren,2024-25,4536840,DET,
Jordan Hawkins,2024-25,4525680,NOP,
Jalen Johnson,2024-25,4510905,ATL,
Bub Carrington,2024-25,4454880,WAS,
Isaiah Jackson,2024-25,4435381,IND,
Nickeil Alexander-Walker,2024-25,4312500,MIN,
Ochai Agbaji,2024-25,4310280,TOR,
Kobe Bufkin,2024-25,4299000,ATL,
Quentin Grimes,2024-25,4296682,PHI,
Kel'el Ware,2024-25,4231800,MIA,
Bones Hyland,2024-25,4158439,ATL,
Mark Williams,2024-25,4094280,CHA,
Keyonte George,2024-25,4084200,UTA,
Cam Thomas,2024-25,4041249,BKN,
Jared McCain,2024-25,4020360,PHI,
Jaden Springer,2024-25,4018363,HOU,
Dwight Powell,2024-25,4000000,DAL,
Day'Ron Sharpe,2024-25,3989122,BKN,
Santi Aldama,2024-25,3960531,MEM,
Amir Coffey,2024-25,3938271,LAC,
Jalen Hood-Schifino,2024-25,3879840,UTA,
Kevin Love,2024-25,3850000,MIA,
Dalton Knecht,2024-25,3819120,LAL,
Tari Eason,2024-25,3695160,HOU,
Jaime Jaquez,2024-25,3685800,MIA,
Tristan Da Silva,2024-25,3628440,ORL,
Brandin Podziemski,2024-25,3519960,GSW,
Dalen Terry,2024-25,3510480,CHI,
Cody Zeller,2024-25,3500000,HOU,
Svi Mykhailiuk,2024-25,3500000,UTA,
Ja'Kobe Walter,2024-25,3465000,TOR,
Cam Whitmore,2024-25,3379080,HOU,
Jake LaRavia,2024-25,3352680,SAC,
Jaylon Tyson,2024-25,3326160,CLE,
Russell Westbrook,2024-25,3303771,DEN,
Cory Joseph,2024-25,3303771,ORL,
Eric Gordon,2024-25,3303771,PHI,
Noah Clowney,2024-25,3244080,BKN,
Malaki Branham,2024-25,3217920,SAS,
Yves Missi,2024-25,3193200,NOP,
Dante Exum,2024-25,3150000,DAL,
Dariq Miller-Whitehead,2024-25,3114240,BKN,
Nassir Little,2024-25,3107143,PHX,
Christian Braun,2024-25,3089640,DEN,
Johnny Juzang,2024-25,3087519,UTA,
DaRon Holmes,2024-25,3065640,DEN,
Josh Richardson,2024-25,3051153,UTA,
Christian Wood,2024-25,3036040,LAL,
Ajay Mitchell,2024-25,3000000,OKC,
Julian Champagnie,2024-25,3000000,SAS,
Kyle Filipowski,2024-25,3000000,UTA,
Kris Murray,2024-25,2990040,POR,
Walker Kessler,2024-25,2965920,UTA,
Shake Milton,2024-25,2875000,LAL,
Olivier-Maxence Prosper,2024-25,2870400,DAL,
Devonte' Graham,2024-25,2850000,CHA,
David Roddy,2024-25,2847240,ATL,
Torrey Craig,2024-25,2845342,CHI,
Kyshawn George,2024-25,2825520,WAS,
AJ Johnson,2024-25,2795294,WAS,
Marcus Sasser,2024-25,2755080,DET,
Dewayne Dedmon,2024-25,2748674,DET,
MarJon Beauchamp,2024-25,2733720,LAC,
Trendon Watford,2024-25,2726603,BKN,
Ben Sheppard,2024-25,2663880,IND,
Keita Bates-Diop,2024-25,2654644,MIN,
Blake Wesley,2024-25,2624280,SAS,
Dillon Jones,2024-25,2622360,OKC,
Nick Smith,2024-25,2587200,CHA,
Brice Sensabaugh,2024-25,2571480,UTA,
Ty Jerome,2024-25,2560975,CLE,
Julian Strawther,2024-25,2552520,DEN,
Terrence Shannon,2024-25,2546640,MIN,
Wendell Moore,2024-25,2537040,DET,
Kobe Brown,2024-25,2533920,LAC,
Ryan Dunn,2024-25,2530800,PHX,
Isaiah Collier,2024-25,2512680,UTA,
Baylor Scheierman,2024-25,2494320,BOS,
Paul Reed,2024-25,2485563,DET,
Nikola Jovic,2024-25,2464200,MIA,
Jaxson Hayes,2024-25,2463946,LAL,
Cam Reddish,2024-25,2463946,LAL,
Patrick Baldwin,2024-25,2448840,SAS,
DaQuan Jeffries,2024-25,2425404,CHA,
Peyton Watson,2024-25,2413560,DEN,
Kevin Porter,2024-25,2366937,MIL,
Charlie Brown,2024-25,2237692,CHA,
Xavier Tillman,2024-25,2237691,BOS,
James Wiseman,2024-25,2237691,TOR,
Anthony Gill,2024-25,2237691,WAS,
Garrison Mathews,2024-25,2230253,ATL,
JaVale McGee,2024-25,2208856,DAL,
Lindy Waters,2024-25,2196970,DET,
Jeremiah Robinson-Earl,2024-25,2196970,NOP,
Dalano Banton,2024-25,2196970,POR,
Sam Merrill,2024-25,2164993,CLE,
Duane Washington,2024-25,2162607,CHA,
Vit Krejci,2024-25,2162606,ATL,
Neemias Queta,2024-25,2162606,BOS,
Keon Johnson,2024-25,2162606,BKN,
Luka Garza,2024-25,2162606,MIN,
Vince Williams,2024-25,2120693,MEM,
A.J. Green,2024-25,2120693,MIL,
Keon Ellis,2024-25,2120693,SAC,
Colby Jones,2024-25,2120693,WAS,
Sam Hauser,2024-25,2092344,BOS,
Jericho Sims,2024-25,2092344,MIL,
Jay Huff,2024-25,2088033,MEM,
Luke Kornet,2024-25,2087519,BOS,
Seth Curry,2024-25,2087519,CHA,
Taj Gibson,2024-25,2087519,CHA,
Reggie Jackson,2024-25,2087519,WAS,
Talen Horton-Tucker,2024-25,2087519,CHI,
Tristan Thompson,2024-25,2087519,CLE,
Spencer Dinwiddie,2024-25,2087519,DAL,
Vlatko Cancar,2024-25,2087519,DEN,
DeAndre Jordan,2024-25,2087519,DEN,
Thomas Bryant,2024-25,2087519,IND,
James Johnson,2024-25,2087519,IND,
Patty Mills,2024-25,2087519,LAC,
Markieff Morris,2024-25,2087519,LAL,
Alex Len,2024-25,2087519,WAS,
Scotty Pippen,2024-25,2087519,MEM,
Alec Burks,2024-25,2087519,MIA,
Taurean Prince,2024-25,2087519,MIL,
Gary Trent,2024-25,2087519,MIL,
Joe Ingles,2024-25,2087519,MIN,
Mohamed Bamba,2024-25,2087519,UTA,
Delon Wright,2024-25,2087519,NYK,
Tyler Kolek,2024-25,2087519,NYK,
Cameron Payne,2024-25,2087519,NYK,
Daniel Theis,2024-25,2087519,OKC,
Kyle Lowry,2024-25,2087519,PHI,
Guerschon Yabusele,2024-25,2087519,PHI,
Damion Lee,2024-25,2087519,PHX,
Tyus Jones,2024-25,2087519,PHX,
Mason Plumlee,2024-25,2087519,PHX,
Monte Morris,2024-25,2087519,PHX,
Bol Bol,2024-25,2087519,PHX,
Doug McDermott,2024-25,2087519,SAC,
Jordan McLaughlin,2024-25,2087519,SAS,
Charles Bassey,2024-25,2087519,SAS,
Sandro Mamukelashvili,2024-25,2087519,SAS,
Garrett Temple,2024-25,2087519,TOR,
Duop Reath,2024-25,2048780,POR,
Jaden Hardy,2024-25,2019699,DAL,
Andrew Nembhard,2024-25,2019699,IND,
Kennedy Chandler,2024-25,2019699,MEM,
Josh Minott,2024-25,2019699,MIN,
Jaylin Williams,2024-25,2019699,OKC,
Caleb Houstan,2024-25,2019699,ORL,
Jabari Walker,2024-25,2019699,POR,
Jose Alvarado,2024-25,1988598,NOP,
Mouhamed Gueye,2024-25,1891857,ATL,
Jordan Walsh,2024-25,1891857,BOS,
Maxwell Lewis,2024-25,1891857,BKN,
Jalen Wilson,2024-25,1891857,BKN,
Julian Phillips,2024-25,1891857,CHI,
Craig Porter,2024-25,1891857,CLE,
Hunter Tyson,2024-25,1891857,DEN,
Jalen Pickett,2024-25,1891857,DEN,
Gui Santos,2024-25,1891857,GSW,
Trayce Jackson-Davis,2024-25,1891857,GSW,
Gregory Jackson,2024-25,1891857,MEM,
Andre Jackson,2024-25,1891857,MIL,
Chris Livingston,2024-25,1891857,MIL,
Leonard Miller,2024-25,1891857,MIN,
Ricky Council,2024-25,1891857,PHI,
Toumani Camara,2024-25,1891857,POR,
Rayan Rupert,2024-25,1891857,POR,
Sidy Cissoko,2024-25,1891857,WAS,
Jamal Shead,2024-25,1862265,TOR,
Jonathan Mogbo,2024-25,1862265,TOR,
Johnny Furphy,2024-25,1850842,IND,
Pacome Dadiet,2024-25,1808080,NYK,
Justin Champagnie,2024-25,1800000,WAS,
Javonte Green,2024-25,1728488,NOP,
Jae Crowder,2024-25,1655619,SAC,
Karlo Matkovic,2024-25,1407153,NOP,
Landry Shamet,2024-25,1343690,NYK,
Eric Bledsoe,2024-25,1300000,POR,
Bobi Klintman,2024-25,1257153,DET,
Cam Christie,2024-25,1157153,LAC,
Bronny James,2024-25,1157153,LAL,
Jaylen Wells,2024-25,1157153,MEM,
Pelle Larsson,2024-25,1157153,MIA,
Tyler Smith,2024-25,1157153,MIL,
Antonio Reeves,2024-25,1157153,NOP,
Adem Bona,2024-25,1157153,PHI,
Oso Ighodaro,2024-25,1157153,PHX,
Bruno Fernando,2024-25,1115128,TOR,
Ariel Hukporti,2024-25,1064049,NYK,
PJ Dozier,2024-25,1051255,MIN,
Jordan Miller,2024-25,1050000,LAC,
Joshua Primo,2024-25,1000000,LAC,
Jamison Battle,2024-25,1000000,TOR,
Orlando Robinson,2024-25,959779,SAC,
Moussa Diabate,2024-25,957763,CHA,
Lonnie Walker,2024-25,780932,PHI,
Jared Butler,2024-25,745726,PHI,
Markelle Fultz,2024-25,731831,SAC,
Keshad Johnson,2024-25,724883,MIA,
E.J. Liddell,2024-25,706898,PHX,
Nik Stauskas,2024-25,702310,IND,
Tyrese Martin,2024-25,635853,BKN,
Matt Ryan,2024-25,621439,NYK,
Ryan Rollins,2024-25,600000,WAS,
Brandon Boston,2024-25,596581,NOP,
Juwan Morgan,2024-25,576229,IND,
Malik Fitts,2024-25,555216,IND,
Jeenathan Williams,2024-25,515881,HOU,
Bismack Biyombo,2024-25,503884,SAS,
Jaylen Clark,2024-25,492323,MIN,
Dominick Barlow,2024-25,491887,ATL,
Mamadi Diakite,2024-25,464050,MEM,
Quinten Post,2024-25,438920,GSW,
Pat Spencer,2024-25,438810,GSW,
Justin Edwards,2024-25,425619,PHI,
Ricky Rubio,2024-25,424672,CLE,
Lamar Stevens,2024-25,383912,MEM,
Branden Carlson,2024-25,365767,OKC,
Tony Bradley,2024-25,330394,IND,
Moses Brown,2024-25,306660,IND,
Jaylen Nowell,2024-25,278782,NOP,
Elfrid Payton,2024-25,274809,NOP,
Marcos Louzada Silva,2024-25,268032,POR,
Kevin Knox,2024-25,263939,GSW,
AJ Griffin,2024-25,250000,HOU,
Jordan Goodwin,2024-25,223718,LAL,
Isaac Jones,2024-25,152957,SAC,
Malevy Leons,2024-25,126356,OKC,
Kevon Harris,2024-25,119972,ATL,
Killian Hayes,2024-25,119972,BKN,
Malachi Flynn,2024-25,119972,CHA,
Chuma Okeke,2024-25,119972,PHI,
Jahlil Okafor,2024-25,119972,IND,
Oshae Brissett,2024-25,119972,PHI,
Daishen Nix,2024-25,119972,SAC,
Skal Labissiere,2024-25,119972,SAC,
Terry Taylor,2024-25,119972,SAC,
Cole Swider,2024-25,119972,TOR,
Eugene Omoruyi,2024-25,119972,TOR,
Jared Rhoden,2024-25,119972,TOR,
Drew Timme,2024-25,113055,BKN,
Marcus Garrett,2024-25,107027,CHA,
Colin Castleton,2024-25,107027,PHI,
A.J. Lawson,2024-25,100000,TOR,
Javon Freeman-Liberty,2024-25,100000,TOR,
Jaylen Sims,2024-25,66503,CHA,
Nae'Qwan Tomlin,2024-25,66503,CLE,
Yuri Collins,2024-25,66503,GSW,
Kylor Kelley,2024-25,66503,NOP,
Phillip Wheeler,2024-25,66503,PHI,
Marcus Bagley,2024-25,66503,PHI,
Erik Stevenson,2024-25,66503,WAS,
Terence Davis,2024-25,64301,SAC,
Brandon Williams,2024-25,47989,DAL,
Javante McCoy,2024-25,47265,DET,
JD Davison,2024-25,11997,BOS,
Braxton Key,2024-25,11997,GSW,
Isaiah Mobley,2024-25,11997,PHI,
